,stat_id,node_id,distance,link
0,KP000011,1010016300.0,0.0488717309164046,"[1010004604, 1010004605, 1010031000]"
1,KP000012,1060022300.0,0.1019590616498753,"[1060041100, 1060041200, 1060004201, 1060004202, 1060004301, 1060004302]"
2,KP000013,1130011600.0,0.0454817495638407,"[1130034100, 1130034200, 1130034500, 1130034600, 1130035900, 1130036000]"
3,KP000014,1010025900.0,0.0659035343206883,"[1010011401, 1010011402, 1010041100]"
4,KP000015,1030031900.0,0.1696690700894452,"[1030018701, 1030018702, 1030018801, 1030018802, 1030047000, 1030047100]"
5,KP000016,1240008900.0,0.0674248321855844,"[1240005903, 1240006003, 1240030000, 1240030100, 1240226601, 1240226701]"
6,KP000017,1140003800.0,0.1096089482000669,"[1140010900, 1140011100, 1140012900]"
7,KP000018,1180010600.0,0.0745147425427821,"[1180038004, 1180038102, 1180038602, 1180038702, 1180039200]"
8,KP000019,1210018500.0,0.1326611071771689,"[1210013201, 1210013202, 1210013301, 1210013302, 1210041200, 1210041300]"
9,KP000020,1180049400.0,0.0924407098739714,"[1180033401, 1180033402, 1180033501, 1180033502, 1180094900, 1180095000]"
10,KP000021,1180036300.0,0.0448174800811953,"[1180079301, 1180079402, 1180081000, 1180081100, 1180081900, 1180082000]"
11,KP000102,1210083000.0,0.082755612763993,"[1210168700, 1210168800]"
12,KP000104,1100036200.0,0.0727005692966532,"[1100003300, 1100003403, 1100003803, 1100028801, 1100087400, 1100028502, 1100028602]"
13,KP000108,1230044100.0,0.1095373929550968,"[1230027902, 1230028002, 1230028301, 1230028401, 1230029700, 1230029800, 1230027304, 1230027404]"
14,KP000120,1020016500.0,0.0998411954717591,"[1020031800, 1020031900, 1020033800, 1020033900, 1020036300, 1020036400]"
15,KP000141,1110013501.0,0.0789021313753527,"[1110010101, 1110010103, 1110010202, 1110010204, 1110078800, 1110078900]"
16,KP000194,1130041000.0,0.0543005762999574,"[1130006702, 1130006703, 1130006802, 1130006803]"
17,KP000207,1010004900.0,0.1025731930004188,"[1010013700, 1010013800, 1010016300, 1010016400, 1010018100, 1010018200]"
18,KP000208,1110010700.0,0.135967159771709,"[1110000901, 1110000902, 1110001001, 1110001002, 1110023600, 1110023700]"
19,KP000209,1050037200.0,0.0323117723069318,"[1050056300, 1050056400]"
20,KP000210,1060008300.0,0.0435660994116181,"[1060007902, 1060008002, 1060008501, 1060008601, 1060007304, 1060007404]"
21,KP000211,1090010400.0,0.0838381918745201,"[1090007101, 1090007102, 1090007201, 1090007202, 1090022300, 1090022400]"
22,KP000213,1070009400.0,0.2204819701182545,"[1070024200, 1070024300]"
23,KP000214,1050024600.0,0.2780017854510633,"[1070002302, 1070002301, 1070022200]"
24,KP000215,1110016100.0,0.0562770093515579,"[1110009105, 1110009106, 1110009205, 1110009207, 1110009703, 1110031500]"
25,KP000216,1040014300.0,0.1325821146757586,"[1040009001, 1040009002, 1040009101, 1040009102, 1040027500, 1040027600]"
26,KP000217,1160040000.0,0.2595998824146466,"[1160015306, 1160015309, 1160015406, 1160015408, 1160072400, 1160072500, 1160077900, 1160078000]"
27,KP000218,1170024201.0,0.0570805203580623,"[1170046501, 1170045701, 1170046401, 1170045801, 1170046001]"
28,KP000219,1170012100.0,0.0638943160336356,"[1170023800, 1170023900, 1170024200, 1170024300, 1170025300, 1170025400]"
29,KP000221,1160022900.0,0.0601435563653074,"[1160011902, 1160011903, 1160012002, 1160012003, 1160049400, 1160049500]"
30,KP000222,1230018100.0,0.3162465040256186,"[1230008301, 1230008302, 1230008401, 1230008402, 1230050600, 1230050700, 1230054000, 1230054100]"
31,KP000224,1240005500.0,0.1026045950963205,"[1240016500, 1240016600, 1240017702, 1240017802, 1240020100, 1240020200, 1240018102, 1240018202]"
32,KP000225,1240004700.0,0.2716368860577914,"[1240013701, 1240013801, 1240014300, 1240014400, 1240016100, 1240016200, 1240018101, 1240018201]"
33,KP000226,1240016500.0,0.0516304077831899,"[1240001003, 1240040000, 1240001002]"
34,KP000282,1010025700.0,0.1017199521282075,"[1010011501, 1010011602, 1010013302, 1010013401, 1010014502, 1010014602]"
35,KP000284,1050027900.0,0.3429203897806903,"[1050002403, 1050002404, 1050002503, 1050002504, 1050017300, 1050017400]"
36,KP000285,1020025400.0,0.066103508281538,"[1020013303, 1020013401, 1020038600, 1020038700, 1020013304, 1020013402]"
37,KP000286,1110010600.0,0.0600086419744128,"[1110008102, 1110008104, 1110024100]"
38,KP000288,1040013700.0,0.1979222678140358,"[1040001701, 1040001702, 1040027000]"
39,KP000289,1040010800.0,0.0576558144020331,"[1040006901, 1040006902]"
40,KP000290,1040006400.0,0.1431635115753654,"[1040005600, 1040005700, 1040018600, 1040018700, 1040020800, 1040020900]"
41,KP000296,1180029400.0,0.0572966420436619,"[1180000903, 1180001003, 1180073400, 1180073500, 1180000902, 1180001002]"
42,KP000324,1120022101.0,0.0478014944996192,"[1120035701, 1120035702, 1120035801, 1120035802, 1120056100, 1120056200]"
43,KP000325,1210083000.0,0.1053634949523147,"[1210168700, 1210168800]"
44,KP000336,1220152400.0,0.077374390509916,"[1220332500, 1220332600]"
45,KP000337,1220044300.0,0.0416575759847856,"[1220081400, 1220081500, 1220082600, 1220082700, 1220083100, 1220083200, 1220084500, 1220084600]"
46,KP000340,1210019400.0,0.256934631418817,"[1210013402, 1210012401, 1210012500, 1210013501, 1210014002, 1210014102]"
47,KP000342,1190020200.0,0.0857405578548164,"[1190005702, 1190005703, 1190005803, 1190005804, 1190037500, 1190037600]"
48,KP000393,1150037900.0,0.3730571837436047,"[1150108000, 1150108500]"
49,KP000395,1160012000.0,0.2726548815051456,"[1160007100, 1160007200, 1160008901, 1160009001, 1160029100, 1160029200, 1160030000, 1160030100]"
50,KP000520,1240028600.0,0.150593337328752,"[1240028505, 1240052600, 1240052700, 1240055200, 1240055300, 1240028508, 1240028605, 1240028608]"
51,KP000521,1240005600.0,0.2534284470376074,"[1240016703, 1240016804, 1240018403, 1240019900, 1240020000, 1240223500, 1240223600, 1240018303]"
52,KP000522,1230009200.0,0.1001640463807864,"[1230029700, 1230029800, 1230029904, 1230030006, 1230030900, 1230031000, 1230087300, 1230087400]"
53,KP000523,1230015600.0,0.1089027506252212,"[1230044800, 1230044900, 1230047000, 1230047100, 1230048000, 1230048100]"
54,KP000524,1230026900.0,0.184466915277469,"[1230061802, 1230061901]"
55,KP000525,1230115200.0,0.1582886235380777,"[1230440301, 1230440401, 1230223300, 1230223600, 1230431800, 1230431900]"
56,KP000526,1230044000.0,0.1242709893934577,"[1230080800, 1230080900, 1230081400, 1230081500, 1230081800, 1230081900]"
57,KP000528,1210027501.0,0.1719345317671108,"[1210018402, 1210018403, 1210018502, 1210018503, 1210164100, 1210164200]"
58,KP000529,1160049100.0,0.0970609547715959,"[1160064101, 1160064201, 1160088800, 1160088900, 1160089000]"
59,KP000530,1180069600.0,0.0634422712998037,"[1180121500, 1180121600]"
60,KP000531,1220156200.0,0.0242689467769946,"[1220339100, 1220339200]"
61,KP000532,1220034000.0,0.1657252874054854,"[1220024802, 1220024803, 1220024902, 1220024903, 1220065200, 1220065300]"
62,KP000578,1050016300.0,0.1604418471934986,"[1050009902, 1050009903, 1050010002, 1050010003, 1050036800, 1050036900]"
63,KP000579,1060035300.0,0.0433077701113162,"[1060061600, 1060061700]"
64,KP000580,1060035200.0,0.0709535647221177,"[1060059400, 1060059500, 1060059600, 1060059700, 1060061600, 1060061700]"
65,KP000581,1040029500.0,0.1110334230751947,"[1040040600, 1040040700]"
66,KP000582,1040014600.0,0.1364203010020317,"[1040026200, 1040026300, 1040028900, 1040028300, 1040028400, 1040028800]"
67,KP000583,1030015800.0,0.1383099538131583,"[1030031800, 1030031900, 1030032100, 1030032200, 1030034100, 1030034200]"
68,KP000584,1090018201.0,0.156115154298736,"[1090012501, 1090012502, 1090012601, 1090012602, 1090042300, 1090042400]"
69,KP000585,1090015800.0,0.167284816026087,"[1090011101, 1090011102, 1090011201, 1090011202, 1090030000, 1090030100]"
70,KP000586,1090001500.0,0.1613278656608693,"[1090002501, 1090002600, 1090004101, 1090004201, 1090017100, 1090017200, 1090045200, 1090045300]"
71,KP000587,1090010500.0,0.1384345424703962,"[1090007302, 1090007303, 1090007402, 1090007403, 1090022500, 1090022600]"
72,KP000588,1090012200.0,0.2263448761004194,"[1090009101, 1090009102, 1090009201, 1090009202, 1090024700, 1090024800]"
73,KP000589,1100039000.0,0.0739788652993181,"[1100069500, 1100069600, 1100070300, 1100070400, 1100070500, 1100070600, 1100071100, 1100071200]"
74,KP000590,1100023900.0,0.0644338543927851,"[1090013500, 1090013600, 1100054200, 1100054300]"
75,KP000591,1020013500.0,0.0577550995564417,"[1020006506, 1020006507, 1020006603, 1020006604]"
76,KP000592,1020027100.0,0.080674535709393,"[1020012501, 1020012601, 1020013101, 1020013202, 1020013102, 1020013203]"
77,KP000593,1020015800.0,0.1445140695153869,"[1020031004, 1020031103, 1020031200, 1020031300, 1020031800, 1020031900]"
78,KP000594,1010008900.0,0.173574584951459,"[1010002701, 1010002702, 1010002801, 1010002802]"
79,KP000595,1020033500.0,0.0654471611480121,"[1010051200, 1010051300, 1020021301, 1020021401]"
80,KP000596,1010012900.0,0.0973702741242661,"[1010002803, 1010002802, 1010027700]"
81,KP000597,1070017500.0,0.0787115141778613,"[1070011201, 1070011202, 1070039300]"
82,KP000680,1230186500.0,0.1737012162138341,"[1230428800, 1230428900, 1230432600, 1230432700, 1230433200, 1230433300]"
83,KP000687,1230019800.0,0.1572112169684646,"[1230008701, 1230008800, 1230009300, 1230009401, 1230010700, 1230010800, 1230053700, 1230053800]"
84,KP000688,1230018700.0,0.0908861983164676,"[1230008200, 1230009300, 1230009401, 1230009700, 1230009800, 1230007703, 1230007802, 1230008100]"
85,KP000689,1240007300.0,0.1983238780613143,"[1240024900, 1240025000, 1240025300, 1240025400, 1240026100, 1240026200, 1240026700, 1240026800]"
86,KP000690,1230034200.0,0.2340597098228617,"[1230019901, 1230019902, 1230020001, 1230020002, 1230072000, 1230072100]"
87,KP000691,1230021100.0,0.0783975958658353,"[1230055200, 1230055300, 1230055600, 1230055700, 1230056600, 1230056700, 1230058000, 1230058100]"
88,KP000693,1240023800.0,0.1633250491729542,"[1240023901, 1240024001, 1240026501, 1240026502, 1240026601, 1240026602, 1240048500, 1240048600]"
89,KP000694,1240023800.0,0.156316578058467,"[1240023901, 1240024001, 1240026501, 1240026502, 1240026601, 1240026602, 1240048500, 1240048600]"
90,KP000695,1150018001.0,0.1062225373103421,"[1150051001, 1150051002, 1150051101, 1150051102, 1150429700, 1150429800]"
91,KP000696,1150147400.0,0.1366956354524885,"[1150429700, 1150429800, 1150432500, 1150432600, 1150433100, 1150433200]"
92,KP000697,1150017100.0,0.1409641768837946,"[1150042502, 1150046000, 1150049200, 1150049300, 1150042601, 1150045900]"
93,KP000698,1150122400.0,0.0661917341375411,"[1150340400, 1150339700, 1150339900, 1150340600, 1150340700, 1150340800, 1150342100, 1150342200]"
94,KP000699,1150141901.0,0.0968325527970875,"[1150408201, 1150408202, 1150408301, 1150408302, 1150434300, 1150434400]"
95,KP000700,1140033400.0,0.073065543928983,"[1140068400, 1140030601, 1140030602]"
96,KP000702,1150049700.0,0.0619531998680915,"[1150021001, 1150021002, 1150021101, 1150021102, 1150099900, 1150100000]"
97,KP000703,1140010300.0,0.0746563265766207,"[1140034400, 1140034600, 1140035401]"
98,KP000704,1140028000.0,0.0591171202625252,"[1140023401, 1140023402, 1140062500]"
99,KP000705,1150018300.0,0.2280103177362351,"[1150047400, 1150047500, 1150047600, 1150047700, 1150051200, 1150051300]"
100,KP000706,1140022300.0,0.0655119423406599,"[1140016104, 1140016203, 1140016204, 1140056700, 1140056800, 1140016103]"
101,KP000707,1140041100.0,0.1416905672144261,"[1140052001, 1140052002, 1140052101, 1140052102, 1140077200, 1140078200]"
102,KP000708,1150036600.0,0.2205880759927176,"[1150078900, 1150079000, 1150080200, 1150080300, 1150082700, 1150082800]"
103,KP000709,1150147200.0,0.2396664502961786,"[1150431900, 1150432000]"
104,KP000710,1200023700.0,0.1576702673162159,"[1200008100, 1200008200, 1200009604, 1200009701, 1200009801, 1200012301, 1200012401, 1200009503]"
105,KP000711,1200003900.0,0.1345075159079461,"[1200011702, 1200011802, 1200012101, 1200012202, 1200012502, 1200012601]"
106,KP000712,1190004500.0,0.1227731561201201,"[1190012600, 1190012700, 1190012800, 1190012900, 1190011800, 1190011900]"
107,KP000713,1190012901.0,0.1445687518992206,"[1190004105, 1190004106, 1190004206, 1190004207, 1190048000, 1190048100]"
108,KP000714,1210029501.0,0.112594095503282,"[1190050400, 1190050500, 1210021605, 1210021606, 1210021706, 1210021707]"
109,KP000715,1210027900.0,0.0620580120706259,"[1210017401, 1210017402, 1210017501, 1210017502, 1210050600, 1210050700]"
110,KP000716,1210038300.0,0.1086857224779909,"[1210024501, 1210024502, 1210056900]"
111,KP000717,1210005700.0,0.2192747671792515,"[1210018802, 1210018902, 1210019800, 1210019900, 1210020600, 1210020700, 1210021200, 1210021301]"
112,KP000718,1210006100.0,0.1367277572129132,"[1210021200, 1210021301, 1210022601, 1210022702, 1210022801, 1210022901]"
113,KP000719,1210005400.0,0.1867644343610684,"[1210018003, 1210018103, 1210019200, 1210019300, 1210019800, 1210019900, 1210021400, 1210021500, 1210050400, 1210050500]"
114,KP000720,1210024300.0,0.1072098565807927,"[1210015801, 1210015802, 1210015901, 1210015902, 1210044000, 1210044100, 1210047300, 1210047400]"
115,KP000721,1210011802.0,0.0656928464874217,"[1210037603, 1210037704, 1210165500, 1210165600]"
116,KP000722,1210080000.0,0.1147267175221443,"[1210035102, 1210035001, 1210035002, 1210035101, 1210167500, 1210167600]"
117,KP000723,1210011100.0,0.0677308934576046,"[1210007401, 1210007409, 1210007501, 1210007508, 1210035700, 1210036200]"
118,KP000724,1210029000.0,0.3264435209603558,"[1210019001, 1210019002, 1210019101, 1210019102, 1210051000, 1210051100]"
119,KP000725,1210033300.0,0.1220625924990918,"[1210023805, 1210023904, 1210053200, 1210053300, 1210054000, 1210054100]"
120,KP000726,1210008306.0,0.1135938647259375,"[1210032307, 1210032308, 1210032407, 1210032408, 1210166700, 1210166800, 1210167100, 1210167200]"
121,KP000727,1210080100.0,0.1373541292074602,"[1210167700, 1210167800]"
122,KP000729,1160041100.0,0.0686894324329194,"[1160016503, 1160016504, 1160016603, 1160077501, 1160077602, 1160016605]"
123,KP000730,1160117800.0,0.1453205295553251,"[1160270800, 1160270900]"
124,KP000731,1180036300.0,0.0445038425856412,"[1180079301, 1180079402, 1180081000, 1180081100, 1180081900, 1180082000]"
125,KP000732,1180017600.0,0.0888572417422942,"[1180048200, 1180048300, 1180049600, 1180049700]"
126,KP000733,1160050100.0,0.05895292731683,"[1160012803, 1160013704, 1160055900, 1160056000, 1160013705, 1160013801]"
127,KP000735,1160012900.0,0.0454574534118571,"[1160007904, 1160007905, 1160008004, 1160008005, 1160031500, 1160031600]"
128,KP000736,1220003902.0,0.0395418456829674,"[1220010006, 1220010007, 1220010106, 1220010107, 1220334900, 1220335000]"
129,KP000737,1220156600.0,0.1304080231119785,"[1220327500, 1220327600]"
130,KP000738,1220020600.0,0.0485723466272125,"[1220011502, 1220011503, 1220051700]"
131,KP000739,1220030500.0,0.1027781332240195,"[1220062001, 1220062102, 1220062500, 1220062600, 1220060701, 1220060802, 1220061300, 1220061400]"
132,KP000740,1220031302.0,0.1609280588570943,"[1220024204, 1220024205, 1220024304, 1220024305, 1220333100, 1220333200]"
133,KP000741,1220045700.0,0.1177887185784171,"[1220084700, 1220084800, 1220085100, 1220087901, 1220110300, 1220110500]"
134,KP000742,1220016900.0,0.0674491028400042,"[1220010802, 1220010804, 1220010902, 1220010905, 1220046202, 1220046301, 1220047200, 1220047300]"
135,KP000743,1220021200.0,0.0601002367313552,"[1220050500, 1220050600, 1220050900, 1220051000, 1220053400, 1220053500]"
136,KP000785,1060007800.0,0.0503694927920626,"[1060022600, 1060022700, 1060007701, 1060007702, 1060007802, 1060007803]"
137,KP000786,1060029400.0,0.1860610542232394,"[1060048401, 1060048502, 1060049800, 1060049900, 1060050200, 1060050300, 1060050600, 1060050700]"
138,KP000787,1050037100.0,0.0643714626992514,"[1050054300, 1050054400]"
139,KP000788,1050017400.0,0.0703401922475643,"[1050037400, 1050037500, 1050039600, 1050039700, 1050038300, 1050038400]"
140,KP000789,1060017400.0,0.2089285557239621,"[1060033000, 1060033100]"
141,KP000790,1060018600.0,0.0270547623343708,"[1060015501, 1060015502, 1060015601, 1060015602, 1060036000, 1060036100]"
142,KP000791,1030021101.0,0.2114970452401888,"[1030012701, 1030012702, 1030012801, 1030012802, 1030062800, 1030062900]"
143,KP000792,1030021300.0,0.0309052577700575,"[1030037200, 1030037300, 1030037500, 1030037600, 1030038900, 1030039000]"
144,KP000793,1030002300.0,0.0635988599998186,"[1030006502, 1030006600, 1030007901, 1030008001, 1030008301, 1030050700, 1030050800]"
145,KP000794,1040014600.0,0.0283639090846486,"[1040026200, 1040026300, 1040028900, 1040028300, 1040028400, 1040028800]"
146,KP000796,1100022100.0,0.0473186818207748,"[1100012102, 1100012202, 1100051800, 1100051900, 1100052400, 1100052500]"
147,KP000797,1100004600.0,0.1203054146323688,"[1100010300, 1100010400, 1100010500, 1100010601, 1100011700, 1100011800]"
148,KP000798,1100004600.0,0.0631933859768634,"[1100010300, 1100010400, 1100010500, 1100010601, 1100011700, 1100011800]"
149,KP000799,1090019600.0,0.1485876070438083,"[1090037400, 1090037500, 1090037600, 1090037700, 1090037800, 1090037900]"
150,KP000800,1100008100.0,0.1595384826216684,"[1100024300, 1100024400, 1100025100, 1100025200, 1100063600, 1100063700]"
151,KP000801,1090011300.0,0.0647793311727717,"[1090008103, 1090008104, 1090008203, 1090008204, 1090024100, 1090024200]"
152,KP000803,1090020600.0,0.1010634412903683,"[1090013102, 1090013103, 1090013202, 1090013203, 1090041000, 1090041100]"
153,KP000804,1100084200.0,0.0971615136661051,"[1100168100, 1100168200]"
154,KP000805,1100038400.0,0.134215592392998,"[1100029301, 1100029302, 1100029401, 1100029402, 1100066600, 1100066700, 1100071300, 1100071400]"
155,KP000806,1090004900.0,0.1837056195388927,"[1090000702, 1090000703, 1090000802, 1090000803, 1090014100, 1090014200]"
156,KP000807,1100085501.0,0.0758307153288344,"[1100173901, 1100174001, 1100174101, 1100174201, 1100174301, 1100174401]"
157,KP000808,1120002800.0,0.1675984746730925,"[1120008503, 1120008603, 1120008700, 1120008800, 1120053100, 1120053200]"
158,KP000809,1120028100.0,0.0707192235486813,"[1120056700, 1120056800]"
159,KP000810,1120017500.0,0.5042358359594513,"[1120010504, 1120010505, 1120029900, 1120030000, 1120010604, 1120010605]"
160,KP000814,1020010500.0,0.0957810327046176,"[1020003101, 1020003201, 1020003904, 1020004004, 1020028300, 1020028400, 1020053100, 1020053200]"
161,KP000815,1130055800.0,0.0763492969542696,"[1130081600, 1130081700]"
162,KP000816,1020007901.0,0.0804159705233236,"[1020002505, 1020002506, 1020002605, 1020002606, 1020054300, 1020054400]"
163,KP000817,1130010900.0,0.0513804472191584,"[1130008501, 1130008601, 1130008700, 1130008800, 1130089000, 1130089100]"
164,KP000818,1130010700.0,0.0723072120668361,"[1130032900, 1130033000, 1130033500, 1130033600, 1130033900, 1130034000, 1130034500, 1130034600]"
165,KP000820,1020013201.0,0.0606538019476422,"[1020005901, 1020005903, 1020006002, 1020006004, 1020052700, 1020052800]"
166,KP000821,1020027300.0,0.105146248921034,"[1020042100, 1020042200, 1020013102, 1020013103, 1020013203, 1020013204]"
167,KP000822,1020026801.0,0.0544112542880678,"[1020044301, 1020044302, 1020044401, 1020044402, 1020055500, 1020055600]"
168,KP000823,1020040100.0,0.1765183609521814,"[1020052900, 1020053000]"
169,KP000824,1020026800.0,0.0377427721794836,"[1020013205, 1020044301, 1020044402, 1020013103, 1020013104, 1020013204]"
170,KP000825,1130010100.0,0.0572777402761062,"[1130031400, 1130031500, 1130032800, 1130033300, 1130033400, 1130031700, 1130031800, 1130032700]"
171,KP000826,1000014200.0,0.0704280582340837,"[1000028100, 1000028200, 1000030700, 1000030800, 1000031200, 1000031300]"
172,KP000827,1000030300.0,0.1612413269809023,"[1000043500, 1000043600, 1000043700, 1000043800, 1000044300, 1000044400]"
173,KP000829,1000025400.0,0.1219943048997898,"[1000019100, 1000019200, 1000040200, 1000040400]"
174,KP000830,1000023500.0,0.0527079907650977,"[1070073200, 1070073300, 1000016701, 1000016801]"
175,KP000831,1070039700.0,0.0673762394250785,"[1070021501, 1070021502, 1070021601, 1070021602, 1070068500, 1070068600, 1080034400, 1080034500]"
176,KP000832,1070017600.0,0.0384459787023008,"[1070009503, 1070010702, 1070010802, 1070010901, 1070011001, 1070009603, 1070012102, 1070012201]"
177,KP000833,1070042400.0,0.0418605027727601,"[1070071800, 1070071900]"
178,KP000834,1080019700.0,0.1013619513438594,"[1080033800, 1080033900, 1080034800, 1080034900]"
179,KP000835,1070015200.0,0.1603431041755683,"[1070010901, 1070010902, 1070011001, 1070011002, 1070037600, 1070037700]"
180,KP000836,1070012600.0,0.0794703478461606,"[1070028800, 1070028900, 1070029200, 1070029300, 1070031801, 1070031902]"
181,KP000925,1240026801.0,0.0667628366176718,"[1240227201, 1240227301, 1240051601, 1240051602, 1240051701, 1240051702]"
182,KP000926,1230034800.0,0.1062646247704678,"[1230069100, 1230069200, 1230020101, 1230020102, 1230020202, 1230020203]"
183,KP000927,1230014000.0,0.0703328113298604,"[1230044600, 1230044700, 1230044800, 1230044900, 1230043400, 1230043500]"
184,KP000928,1140005400.0,0.0940919311812647,"[1140015200, 1140016300, 1140016400, 1140017800, 1140040300, 1140040400]"
185,KP000929,1150047500.0,0.1749516587271996,"[1150003902, 1150003903, 1150004002, 1150004003, 1150089800, 1150089900, 1150097700, 1150097800]"
186,KP000930,1140109601.0,0.1639862559370852,"[1140281101, 1140281901, 1140281301]"
187,KP000931,1200026500.0,0.066900167463943,"[1190013600, 1190013700, 1200044000, 1200044100, 1200044400, 1200044500, 1200045200, 1200045300]"
188,KP000932,1190029401.0,0.0900521954601546,"[1190051101, 1190051001]"
189,KP000933,1200030200.0,0.1130453745881264,"[1200051000, 1200051100, 1200051200, 1200051300, 1200051400, 1200051500]"
190,KP000934,1190026700.0,0.1087352090272425,"[1190046000, 1190046100]"
191,KP000935,1200004402.0,0.094777143301463,"[1200016001, 1200016002, 1200016101, 1200016102, 1200051800, 1200051900]"
192,KP000936,1200007700.0,0.1860798649308105,"[1200022000, 1200022100, 1200022600, 1200022700]"
193,KP000937,1210051300.0,0.132575813332151,"[1210021604, 1210021605, 1210021705, 1210021707, 1210066500]"
194,KP000938,1210023300.0,0.0692569353889351,"[1210045700, 1210045800, 1210046100, 1210044200, 1210044300, 1210046200]"
195,KP000939,1160024500.0,0.0687921152754534,"[1160011703, 1160011704, 1160011803, 1160011804, 1160047500, 1160047600, 1160050900, 1160051000]"
196,KP000940,1180031900.0,0.0418367385166759,"[1180019601, 1180019602, 1180019701, 1180019702, 1180072000, 1180072100, 1180075700, 1180075800]"
197,KP000941,1160033000.0,0.0453834529393456,"[1160013004, 1160013005, 1160061800]"
198,KP000942,1180020300.0,0.122078777250751,"[1180013002, 1180013102, 1180058000, 1180058100, 1180013001, 1180013101]"
199,KP000943,1160116800.0,0.1212559926563801,"[1160267000, 1160267100, 1160271800, 1160271900, 1160272000, 1160272100]"
200,KP000944,1220063204.0,0.0579441759455847,"[1220306308, 1220306310, 1220306407, 1220306409, 1220325300, 1220325400]"
201,KP000945,1220006500.0,0.0618315188369499,"[1220017800, 1220017900, 1220019603, 1220019703, 1220020402, 1220018702, 1220018602, 1220020502]"
202,KP000946,1220032300.0,0.0396550500557128,"[1220024801, 1220024802, 1220024901, 1220024902, 1220063500, 1220063600]"
203,KP000947,1220028700.0,0.1184052769924727,"[1220020903, 1220020802, 1220020803, 1220020902, 1220060702, 1220060801]"
204,KP000948,1220153100.0,0.0520560399863661,"[1220333900, 1220334000, 1220334100, 1220334200, 1220334300, 1220334400]"
205,KP000949,1220044501.0,0.0412800575643595,"[1220087001, 1220087002, 1220087101, 1220087102, 1220321900, 1220322000]"
206,KP000951,1220049500.0,0.288825031064099,"[1220004002, 1220004102, 1220004201, 1220004304, 1220033202, 1220033302, 1220033800, 1220033900]"
207,KP000952,1220053700.0,0.0803121817845877,"[1220004502, 1220005503, 1220097600]"
208,KP000953,1220064000.0,0.2249020462657714,"[1220004304, 1220004305, 1220098100]"
209,KP000954,1220023200.0,0.1579013972467255,"[1220011002, 1220011102, 1220014000, 1220014100, 1220053400, 1220053500, 1220053900, 1220054000]"
210,KP000955,1220021200.0,0.0682700708808111,"[1220050500, 1220050600, 1220050900, 1220051000, 1220053400, 1220053500]"
211,KP000978,1060009000.0,0.0451093016947835,"[1060008302, 1060008100, 1060008200, 1060008401, 1060008701, 1060008801, 1060007705, 1060007806]"
212,KP000979,1060006800.0,0.0692899948963205,"[1060022100, 1060022200, 1060000101, 1060000102, 1060000201, 1060000202]"
213,KP000980,1060017500.0,0.1192876587924951,"[1060032600, 1060032700, 1060034100, 1060035800, 1060035900, 1060034000]"
214,KP000983,1040006800.0,0.0814228223782066,"[1040018900, 1040019600, 1040040000]"
215,KP000984,1100016100.0,0.0554189770442643,"[1100008701, 1100008702, 1100008801, 1100008802, 1100041500, 1100041600]"
216,KP000986,1100034600.0,0.1420081699926663,"[1100064200, 1100064300, 1100065400, 1100065500, 1100027101, 1100027102, 1100027201, 1100027202]"
217,KP000987,1090015800.0,0.1592400160032943,"[1090011101, 1090011102, 1090011201, 1090011202, 1090030000, 1090030100]"
218,KP000988,1090015800.0,0.0657825869621826,"[1090011101, 1090011102, 1090011201, 1090011202, 1090030000, 1090030100]"
219,KP000989,1090017100.0,0.0426423799373626,"[1090011502, 1090011503, 1090011602, 1090011603, 1090032800, 1090032900, 1090033400, 1090033500]"
220,KP000990,1100046900.0,0.1322726850551682,"[1100033901, 1100033902, 1100034001, 1100034002, 1100080800, 1100080900]"
221,KP000993,1100026400.0,0.05149325147282,"[1100056700, 1100056800, 1100167300, 1100167400]"
222,KP000994,1100034100.0,0.2298720464229811,"[1100063400, 1100063500, 1100064400, 1100064500, 1100065000, 1100065100]"
223,KP000995,1100031000.0,0.2393611655183139,"[1100177701, 1100177601, 1100002002, 1100062100]"
224,KP000996,1090014700.0,0.0941156881646476,"[1090009903, 1090009904, 1090029200]"
225,KP000997,1090005000.0,0.0469041678212635,"[1090000901, 1090000902, 1090001001, 1090001002, 1090014300, 1090014400]"
226,KP000998,1090013300.0,0.1386032911367268,"[1090027300, 1090027400, 1090026700, 1090026800, 1090028200, 1090028300]"
227,KP000999,1090009800.0,0.0896273705465526,"[1090006501, 1090006502, 1090006601, 1090006602, 1090021300, 1090021400]"
228,KP001000,1100086401.0,0.0184362283332366,"[1100177301, 1100177401]"
229,KP001002,1120007601.0,0.0558392035130769,"[1120018901, 1120018902, 1120019001, 1120019002, 1120061300, 1120061400]"
230,KP001003,1130012000.0,0.0595934263394767,"[1130008301, 1130008302, 1130008401, 1130008402, 1130035000, 1130035100, 1130037600, 1130037700]"
231,KP001004,1130009200.0,0.1322562207472202,"[1130000202, 1130000203, 1130030700]"
232,KP001005,1020026801.0,0.0292266594493203,"[1020044301, 1020044302, 1020044401, 1020044402, 1020055500, 1020055600]"
233,KP001006,1020014900.0,0.0384666257480782,"[1020005700, 1020005800, 1020006902, 1020006903, 1020007001, 1020007002]"
234,KP001007,1000016600.0,0.0699728687303343,"[1000007907, 1000008007, 1000011300, 1000011400, 1000016901, 1000017001]"
235,KP001008,1010018800.0,0.0689428762668832,"[1010005502, 1010005602, 1010006901, 1010007001, 1010007901, 1010008001, 1010029500, 1010029600]"
236,KP001009,1010018701.0,0.0384929696243141,"[1010035501, 1010035502, 1010035601, 1010035602, 1010049100, 1010049200]"
237,KP001010,1000014100.0,0.1192374078182703,"[1000002100, 1000002201, 1000002301, 1000002401, 1000012901, 1000013001, 1000047100, 1000047200]"
238,KP001011,1000031800.0,0.1419025290268816,"[1000046100, 1000046200]"
239,KP001012,1000014100.0,0.1975857310415089,"[1000002100, 1000002201, 1000002301, 1000002401, 1000012901, 1000013001, 1000047100, 1000047200]"
240,KP001013,1000023300.0,0.1545468423843516,"[1070022400, 1070022500, 1000016101, 1000016201, 1000036300, 1000036400]"
241,KP001014,1000022400.0,0.1329259369050057,"[1000012901, 1000012902, 1000015001]"
242,KP001015,1000031300.0,0.0778307964649728,"[1000001801, 1000001802, 1000044900]"
243,KP001016,1080008800.0,0.0708747161216398,"[1080004401, 1080004402, 1080020900, 1080021000, 1080004301, 1080004302]"
244,KP001017,1070007000.0,0.0810069898108658,"[1070002502, 1070002503, 1070002603, 1070002604, 1070022800, 1070022900]"
245,KP001018,1070035400.0,0.1420670957303077,"[1070077700, 1070077800]"
246,KP001019,1070041100.0,0.0646410732423532,"[1070063300, 1070063400]"
247,KP001262,1230003200.0,0.0878388925095078,"[1230009001, 1230008901, 1230052500, 1230052600, 1230053500, 1230053600]"
248,KP001263,1230018000.0,0.0718106993240091,"[1230051101, 1230051202, 1230052100, 1230052200, 1230052500, 1230052600, 1230432400, 1230432500]"
249,KP001264,1230017800.0,0.0584361208995408,"[1230050800, 1230050900, 1230051400, 1230051500, 1230052100, 1230052200, 1230052300, 1230052400]"
250,KP001265,1240011900.0,0.0830837362957472,"[1240034100, 1240034200, 1240034800, 1240034900, 1240035600, 1240035700, 1240036400, 1240036500]"
251,KP001266,1230117900.0,0.1304102922117257,"[1230229900, 1230230000, 1230230100, 1230230200, 1230231800, 1230232000, 1230232900, 1230233000]"
252,KP001267,1230032600.0,0.0393318722345109,"[1230018800, 1230068400, 1230070200]"
253,KP001268,1230053600.0,0.1164754438241028,"[1230035000, 1230035100, 1230035200, 1230035301, 1230036001, 1230036102, 1230036201, 1230036301]"
254,KP001269,1150141901.0,0.0668290161730951,"[1150408201, 1150408202, 1150408301, 1150408302, 1150434300, 1150434400]"
255,KP001270,1200024100.0,0.0799315297399567,"[1200039900, 1200040000, 1200040500, 1200040600, 1200041100, 1200041200]"
256,KP001271,1190016000.0,0.131591264603979,"[1190031200, 1190031300, 1190033900, 1190034000, 1190034900, 1190035000]"
257,KP001272,1200005300.0,0.2326886666304974,"[1200014300, 1200014400, 1200015600, 1200015700, 1200016400, 1200016500]"
258,KP001273,1190004300.0,0.1235935842415897,"[1180005803, 1180005902, 1180006200, 1180006300, 1180006400, 1180006500, 1190011600, 1190011700]"
259,KP001274,1190001000.0,0.0924832137299296,"[1190001901, 1190002001, 1190002101, 1190002201, 1190018500, 1190018600]"
260,KP001275,1200011000.0,0.1611953127219728,"[1200025700, 1200025800, 1200027100, 1200027200, 1200027500, 1200027600]"
261,KP001276,1200009900.0,0.1526649768527915,"[1200025500, 1200023400, 1200023500, 1200025600, 1200026100, 1200026200]"
262,KP001277,1190028500.0,0.2932904072518905,"[1190003503, 1190003504, 1190003604, 1190003605, 1190047200, 1190047300]"
263,KP001278,1210041200.0,0.1864148355618066,"[1210024805, 1210024904, 1210025201, 1210025301, 1210025802, 1210025902, 1210026202, 1210026302]"
264,KP001280,1160024300.0,0.1221768402933286,"[1160001501, 1160001506, 1160001601, 1160001605, 1160045801, 1160045702]"
265,KP001281,1160041101.0,0.113104821264373,"[1140278500, 1140278600, 1160077501, 1160077502, 1160077601, 1160077602, 1160267400, 1160267500]"
266,KP001282,1160117100.0,0.0338916033557054,"[1160272200, 1160272300, 1160272600, 1160272700, 1160272800, 1160272900]"
267,KP001283,1160119000.0,0.1690869983463215,"[1160018303, 1160018304, 1160018403, 1160018404, 1160271800, 1160271900]"
268,KP001284,1220031800.0,0.0864508758555771,"[1220023801, 1220023802, 1220023901, 1220023902, 1220062500, 1220062600]"
269,KP001285,1220038500.0,0.1906645702493508,"[1220074600, 1220074700, 1220075600, 1220075700, 1220078200, 1220078300]"
270,KP001286,1220063300.0,0.0957279390090176,"[1220340300, 1220340400, 1220038001, 1220038002, 1220038101, 1220038102]"
271,KP001349,1050016600.0,0.084124795993111,"[1050034700, 1050034800, 1050036300, 1050036400, 1050038500, 1050038600]"
272,KP001352,1040009100.0,0.1378074272520661,"[1040021600, 1040021700, 1040022600, 1040022700, 1040023700, 1040023800]"
273,KP001353,1100004600.0,0.0822217296980913,"[1100010300, 1100010400, 1100010500, 1100010601, 1100011700, 1100011800]"
274,KP001354,1100015200.0,0.0655537064094001,"[1100008902, 1100008903, 1100009002, 1100009003, 1100041100, 1100041200]"
275,KP001355,1000019000.0,0.3500900256001637,"[1000016901, 1000016902, 1000017001, 1000017002, 1000034200, 1000034300]"
276,KP001356,1100084000.0,0.1004624479111926,"[1100168500, 1100168600]"
277,KP001357,1100039901.0,0.0754335252839338,"[1100175901, 1100176001, 1100072902, 1100073001, 1100169100, 1100169200]"
278,KP001358,1090007100.0,0.1035920821369559,"[1090004101, 1090004102, 1090004201, 1090004202, 1090017700, 1090017800]"
279,KP001359,1100006100.0,0.1693276508373488,"[1100015900, 1100016000, 1100016500, 1100016600, 1100017701, 1100017801, 1100018300, 1100018400]"
280,KP001360,1090013700.0,0.1626404796777676,"[1090009301, 1090009302, 1090009401, 1090009402, 1090029000, 1090029100]"
281,KP001361,1120014401.0,0.1358098732112032,"[1120011103, 1120011104, 1120011203, 1120011204, 1120059700, 1120059800]"
282,KP001364,1130015100.0,0.0798857678939776,"[1130011003, 1130011004, 1130041000]"
283,KP001365,1130015100.0,0.0821785011036596,"[1130011003, 1130011004, 1130041000]"
284,KP001367,1020027100.0,0.0427724280816932,"[1020012501, 1020012601, 1020013101, 1020013202, 1020013102, 1020013203]"
285,KP001368,1130009700.0,0.0352736118047887,"[1130031400, 1130031500, 1130031700, 1130031800]"
286,KP001369,1130023000.0,0.1467278759771424,"[1130014201, 1130014202, 1130049300]"
287,KP001370,1130019300.0,0.176825173201327,"[1130089400, 1130089500, 1130089700, 1130089800, 1130043900, 1130044000, 1130045200, 1130045300]"
288,KP001371,1020028300.0,0.2060453791146693,"[1020011903, 1020012003, 1020014900, 1020015000, 1020015702, 1020015801, 1020016901, 1020017002]"
289,KP001372,1020011800.0,0.0447406097679012,"[1020028300, 1020028400, 1020028700, 1020028800, 1020029300, 1020029400]"
290,KP001373,1000031800.0,0.1226246948186792,"[1000046100, 1000046200]"
291,KP001374,1070007300.0,0.1607024015182564,"[1070003902, 1070003903, 1070004002, 1070004003, 1070023000, 1070023100]"
292,KP001799,1220154600.0,0.2904662891887291,"[1220325500, 1220325600]"
293,KP001800,1240027600.0,0.0714439047057459,"[1240028505, 1240051601, 1240051702, 1240054302, 1240054501, 1240028509, 1240028605, 1240028610]"
294,KP001801,1240026600.0,0.1490577738475015,"[1240028501, 1240218900, 1240219000, 1240028510, 1240028601, 1240028609]"
295,KP001802,1240004401.0,0.2041550348423266,"[1240014701, 1240014702, 1240014801, 1240014802, 1240218500, 1240218600]"
296,KP001803,1240003700.0,0.1095595364826661,"[1240011602, 1240041200, 1240041300, 1240011102, 1240011202, 1240011501, 1240012502, 1240012601]"
297,KP001804,1230041300.0,0.2415201026690656,"[1230024100, 1230024200, 1230024900, 1230025002, 1230025701, 1230025801, 1230027500, 1230027600]"
298,KP001806,1230013900.0,0.1393930377706515,"[1230044000, 1230044100, 1230043000, 1230043100, 1230043400, 1230043500]"
299,KP001807,1230186500.0,0.0989539963911947,"[1230428800, 1230428900, 1230432600, 1230432700, 1230433200, 1230433300]"
300,KP001808,1240011200.0,0.0481941883480627,"[1240006901, 1240006902, 1240007001, 1240007002, 1240033900, 1240034000]"
301,KP001809,1200003700.0,0.4098640379810842,"[1200010700, 1200010800, 1200011101, 1200011202, 1200041500, 1200041600]"
302,KP001810,1200007400.0,0.2987963010024828,"[1200018400, 1200018500, 1200021200, 1200021300, 1200021600, 1200021700]"
303,KP001811,1180026500.0,0.0733261903084973,"[1180018402, 1180018404, 1180018501, 1180018502, 1180063800, 1180064200]"
304,KP001812,1160118500.0,0.1147572151974627,"[1160275200, 1160275300]"
305,KP001814,1220014600.0,0.2911073632859635,"[1220043802, 1220043901, 1220044600, 1220044700, 1220108300, 1220108400, 1220310900, 1220311000]"
306,KP001815,1220046500.0,0.1347025418767154,"[1220085800, 1220087901, 1220087902, 1220088000, 1220088300, 1220110400, 1220110500]"
307,KP001816,1220044600.0,0.1587811024292746,"[1220031801, 1220031802, 1220031901, 1220031902, 1220082400, 1220082500]"
308,KP001817,1220154600.0,0.2904662891887291,"[1220325500, 1220325600]"
309,KP001849,1050023800.0,0.0895968031247264,"[1050013302, 1050013401, 1050043200, 1050043300, 1050013303, 1050013403]"
310,KP001850,1030015600.0,0.2339173653208693,"[1030009103, 1030009104, 1030009203, 1030009204, 1030035100, 1030035200]"
311,KP001851,1100014200.0,0.0428951606135128,"[1100000202, 1100000203, 1100040300]"
312,KP001852,1100004500.0,0.1008778791600511,"[1100010100, 1100010200, 1100011502, 1100011602, 1100012101, 1100012201]"
313,KP001854,1100011400.0,0.0538746370000302,"[1060066700, 1070078000, 1100000206]"
314,KP001856,1100052600.0,0.1849985546437096,"[1100062601, 1100062602, 1100062701, 1100062702]"
315,KP001857,1120028700.0,0.024614474229547,"[1120060900, 1120061000]"
316,KP001858,1130033400.0,0.1245187757852164,"[1130019301, 1130019302, 1130019401, 1130019402, 1130057300, 1130057400]"
317,KP001859,1130010500.0,0.0607078302630607,"[1130007703, 1130007803, 1130008102, 1130008203, 1130008301, 1130008401, 1130032800, 1130032700]"
318,KP001860,1130055900.0,0.03559000107413,"[1130087600, 1130087700]"
319,KP001861,1130025000.0,0.0777494978888549,"[1130013604, 1130013605, 1130014022]"
320,KP002051,1240019100.0,0.0686764289690885,"[1240013701, 1240013702, 1240013801, 1240013802, 1240042900, 1240043000]"
321,KP002052,1210080100.0,0.0535115563907856,"[1210167700, 1210167800]"
322,KP002070,1090016600.0,0.065639894715185,"[1090010902, 1090010903, 1090011003, 1090011004, 1090031800, 1090031900]"
323,KP002228,1040023400.0,0.203893430949265,"[1040013803, 1040013804, 1040013902, 1040013903, 1040035200, 1040035300]"
324,KP002259,1200006300.0,0.2173121525743193,"[1200018200, 1200018300, 1200018400, 1200018500, 1200019000, 1200019100]"
325,KP002270,1240011600.0,0.216205585615822,"[1240007701, 1240007702, 1240007801, 1240007802, 1240033700, 1240033800]"
326,KP002271,1240010400.0,0.0628923356898189,"[1240006300, 1240006400, 1240006500, 1240006600, 1240007500, 1240007600, 1240032200, 1240032300]"
327,KP002273,1180012100.0,0.1973705136487463,"[1180006801, 1180006903, 1180007001, 1180007003, 1180007102, 1180007103]"
328,KP002274,1190008300.0,0.1368767273583383,"[1190020500, 1190020600, 1190021500, 1190021600, 1190024200, 1190024300]"
329,KP002284,1130053300.0,0.0951082304773828,"[1130083800, 1130083900, 1130084000, 1130084100, 1130084600, 1130084700]"
330,KP002285,1130052900.0,0.1234942545622279,"[1130078000, 1130078100, 1130078200, 1130078300, 1130082800, 1130082900, 1130084000, 1130084100]"
331,KP002286,1130053300.0,0.0951082304773828,"[1130083800, 1130083900, 1130084000, 1130084100, 1130084600, 1130084700]"
332,KP002287,1130053300.0,0.0951082304773828,"[1130083800, 1130083900, 1130084000, 1130084100, 1130084600, 1130084700]"
333,KP002288,1070014900.0,0.1647740244473959,"[1070010902, 1070010903, 1070011002, 1070011003, 1070032200, 1070032300]"
334,KP002289,1070039000.0,0.1074029955615542,"[1070067900, 1070068000, 1070068300, 1070068400, 1070068900, 1070069000]"
335,KP002345,1240014702.0,0.1018442066555934,"[1240221100, 1240221200, 1240000506, 1240000507, 1240000606, 1240000607]"
336,KP002346,1240070600.0,0.0895863575632159,"[1240230801, 1240230901, 1240050402, 1240156702, 1240156801, 1240050404, 1240050502, 1240050503]"
337,KP002347,1230054800.0,0.164148587010138,"[1230088900, 1230089000, 1230090500, 1230090600, 1230036201, 1230036202, 1230036301, 1230036302]"
338,KP002348,1160006100.0,0.0627770519007847,"[1160019600, 1160019700, 1160019900, 1160020000, 1160020102, 1160020201]"
339,KP002349,1160010800.0,0.1007273087081626,"[1160007302, 1160007303, 1160007403, 1160007404, 1160029100, 1160029200]"
340,KP002350,1180034300.0,0.0858847087513536,"[1180022801, 1180022802, 1180022901, 1180022902, 1180079800, 1180079900]"
341,KP002351,1160008300.0,0.0744262522192362,"[1160007901, 1160007902, 1160008001, 1160008002, 1160023900, 1160024000]"
342,KP002352,1150148400.0,0.1204495957874494,"[1150434900, 1150435000]"
343,KP002353,1150021100.0,0.0424139179394602,"[1150054600, 1150054700, 1150055300, 1150055400, 1150045401, 1150045502]"
344,KP002354,1150050500.0,0.0658119003346273,"[1150021601, 1150021602, 1150021701, 1150021702, 1150100900, 1150101000]"
345,KP002355,1210081800.0,0.1523357662845431,"[1210164500, 1210164600]"
346,KP002356,1210078700.0,0.2249188481603057,"[1210157100, 1210157200, 1210157300, 1210157400]"
347,KP002357,1220154300.0,0.175976774454514,"[1220335500, 1220335600, 1220335700, 1220335800]"
348,KP002359,1220013000.0,0.0407066545123995,"[1220041400, 1220041500]"
349,KP002378,1100021100.0,0.1589342269625761,"[1100000502, 1100000503, 1100052600]"
350,KP002379,1090016400.0,0.0798215027910753,"[1090030600, 1090030700, 1090032200, 1090032300, 1090031400, 1090031500, 1090031600, 1090031700]"
351,KP002380,1090013500.0,0.1084976269522576,"[1090009502, 1090009503, 1090009602, 1090009603, 1090028200, 1090028300]"
352,KP002381,1130042900.0,0.1742420059924557,"[1130023401, 1130023301, 1130024500, 1130024600, 1130024700, 1130024800]"
353,KP002382,1070008400.0,0.1579257470180211,"[1070003901, 1070004001, 1070004702, 1070004802, 1070005700, 1070005800, 1070025400, 1070025500]"
354,KP002383,1080008000.0,0.0969049734729417,"[1080003105, 1080003106, 1080003205, 1080003206, 1080020100, 1080020200]"
355,KP002429,1050002600.0,0.0616199684379418,"[1050061001, 1050061101, 1050006303, 1050006404, 1050007303, 1050007404, 1050009701, 1050009801]"
356,KP002430,1050002600.0,0.0597215216032307,"[1050061001, 1050061101, 1050006303, 1050006404, 1050007303, 1050007404, 1050009701, 1050009801]"
357,KP002507,1220047700.0,0.0659722980282369,"[1220032803, 1220032804, 1220032903, 1220032904, 1220087001, 1220087102]"
358,KP002508,1220012700.0,0.0781730389995706,"[1220040500, 1220040600, 1220040700, 1220040800, 1220040902, 1220041002]"
359,KP002510,1140034700.0,0.0118991180962266,"[1140034701, 1140034702, 1140034802, 1140034803, 1140069800, 1140069900, 1140072200, 1140072300]"
360,KP002512,1210009000.0,0.2266191810873698,"[1210006837, 1210032700, 1210032900]"
361,KP002513,1140036100.0,0.1679322820018799,"[1140279401, 1140073402, 1140072600, 1140073001, 1140073100]"
362,KP002539,1030042801.0,0.0720497010667861,"[1030067801, 1030067701, 1030067301, 1030067401, 1030067101, 1030067201]"
363,KP002540,1100038600.0,0.0905087038794784,"[1100029701, 1100029702, 1100029801, 1100029802, 1100069100, 1100069200]"
364,KP002541,1130055400.0,0.1149413385933564,"[1130086200, 1130086300]"
365,KP002542,1020020300.0,0.0641330215322821,"[1020008302, 1020008402, 1020037500, 1020037000, 1020037100, 1020037600]"
366,KP002617,1200002900.0,0.0850502649760374,"[1160275800, 1160275900, 1180005805, 1180005904]"
367,KP002622,1090005800.0,0.0831378557214841,"[1090015100, 1090015200, 1090015500, 1090015600, 1090015900, 1090016000]"
368,KP002623,1240023900.0,0.1225791378447024,"[1240023901, 1240023905, 1240024001, 1240024004, 1240049600, 1240049700]"
369,KP002624,1170021400.0,0.0815621576090905,"[1170036400, 1170036500]"
370,KP002636,1190012400.0,0.1224762273762356,"[1190026900, 1190027000, 1190027100, 1190029400]"
371,KP002654,1150015200.0,0.04208235528531,"[1150039902, 1150040002, 1150040500, 1150040600, 1150041800, 1150041900]"
372,KP002661,1180014001.0,0.053714361364459,"[1180010603, 1180010604, 1180010704, 1180010705, 1180121100, 1180121200]"
373,KP002667,1070015500.0,0.068789126317568,"[1070073600, 1070074000, 1070074100]"
374,KP002674,1100017100.0,0.1630396526050463,"[1100043300, 1100043400, 1100044500, 1100044600, 1100044900, 1100045000]"
375,KP002675,1210034800.0,0.1553809755114389,"[1210021400, 1210021500, 1210055100, 1210055200, 1210055500]"
376,KP002676,1140041300.0,0.188090908258673,"[1140077500, 1140078600, 1140079700, 1140079800, 1140079900, 1140080000, 1140080100, 1140080200]"
377,KP002682,1100033300.0,0.1593569227139917,"[1100024100, 1100024902, 1100025002, 1100025501, 1100025601, 1100026100, 1100026200, 1100062500]"
378,KP002683,1100042100.0,0.1293193919999348,"[1100030700, 1100030802, 1100031500, 1100031600, 1100032300, 1100032402]"
379,KP002684,1230015000.0,0.1134869349383309,"[1230044600, 1230044700, 1230046000, 1230046100, 1230047600, 1230047700]"
380,KP002690,1060016100.0,0.0561428664453776,"[1060030600, 1060030700, 1060002501, 1060002502, 1060002601, 1060002602]"
381,KP002691,1140108400.0,0.1048490639393661,"[1140278100, 1140278200]"
382,KP002717,1210085400.0,0.098397037996447,"[1210167900, 1210168000, 1210176900, 1210177000]"
383,KP002724,1070012601.0,0.2066793350241954,"[1070031801, 1070031802, 1070031901, 1070031902, 1070071600, 1070071700]"
384,KP002725,1050032100.0,0.1003371314205568,"[1050020703, 1050020803, 1050049300, 1050049400, 1050020702, 1050020802]"
385,KP002726,1180028200.0,0.0979833173350119,"[1180069800, 1180069900, 1180072000, 1180072100, 1180070200, 1180070300]"
386,KP002761,1070020600.0,0.1465854911687994,"[1070039900, 1070040800, 1070040900, 1070042400, 1070042500, 1070043900, 1070044000, 1070039800]"
387,KP002764,1100036800.0,0.0993028849598642,"[1100028301, 1100028302, 1100028401, 1100028402, 1100068500, 1100068600]"
388,KP002765,1120017500.0,0.0740491265217449,"[1120010504, 1120010505, 1120029900, 1120030000, 1120010604, 1120010605]"
389,KP002776,1100051600.0,0.164263696391076,"[1100086400, 1100086500, 1100086700, 1100086800, 1100086900, 1100087000]"
390,KP002811,1240089400.0,0.1539057349427671,"[1240056601, 1240056602, 1240056701, 1240056702, 1240209900, 1240210000]"
391,KP002812,1230113400.0,0.2256220503829618,"[1230435801, 1230435901, 1230220900, 1230221000]"
392,KP002820,1220052300.0,0.0993647234963581,"[1220094200, 1220094300, 1220094600, 1220094700, 1220098000, 1220110700]"
393,KP002843,1140108800.0,0.1115984545181536,"[1140041901, 1140041903, 1140042002, 1140042004]"
394,KP002851,1200006300.0,0.1879980071825585,"[1200018200, 1200018300, 1200018400, 1200018500, 1200019000, 1200019100]"
395,KP002859,1130015000.0,0.0898079252134,"[1130008700, 1130008800, 1130009403, 1130089400, 1130089500, 1130089600]"
396,KP002862,1130029100.0,0.0673403273582594,"[1120000100, 1120000201, 1120002701, 1120002801, 1120061600, 1120061900]"
397,KP002871,1130025101.0,0.0457816201507616,"[1130001713, 1130001714, 1130001812, 1130001813]"
398,KP002872,1220063206.0,0.0873221903905486,"[1220306311, 1220306312, 1220306411, 1220306412, 1220325700, 1220325800]"
399,KP002873,1230116000.0,0.1748347683208519,"[1230226600, 1230227100, 1230227600, 1230227700, 1230228800, 1230229000]"
400,KP002877,1160024700.0,0.1361429606726523,"[1160050100, 1160050200, 1160054600, 1160054700, 1160048500, 1160048600]"
401,KP002880,1080016200.0,0.0351978980075634,"[1080030000, 1080030100, 1080030200, 1080030300, 1080030800, 1080030900]"
402,KP002881,1220045102.0,0.060981613839213,"[1220085701, 1220085602, 1220085606, 1220085705, 1220329600, 1220329500]"
403,KP002882,1160034100.0,0.1058604746691711,"[1160061900, 1160062000, 1160062900, 1160063000, 1160064300, 1160064400]"
404,KP002883,1140024400.0,0.1108712471826682,"[1140020900, 1140018300, 1140019100, 1140019200, 1140019700, 1140019800]"
405,KP002891,1220030501.0,0.0510709554232066,"[1220062001, 1220062002, 1220062101, 1220062102, 1220323100, 1220323200]"
406,KP002892,1220033800.0,0.0828654693489794,"[1220065800, 1220065900, 1220066300, 1220066400, 1220066900, 1220067000, 1220067100, 1220067200]"
407,KP002900,1220030501.0,0.0408886340852396,"[1220062001, 1220062002, 1220062101, 1220062102, 1220323100, 1220323200]"
408,KP002910,1070024800.0,0.1761406940447601,"[1070047000, 1070047100, 1070049400, 1070049500, 1070051900, 1070052000]"
409,KP002947,1010033400.0,0.0882690792951742,"[1000002901, 1000003302, 1010016902, 1010016903, 1010017002, 1010017003]"
410,KP002951,1100015900.0,0.0969873751407468,"[1100009701, 1100009702, 1100009801, 1100009802, 1100041300, 1100041400]"
411,KP002960,1230041700.0,0.0671819368156971,"[1230025701, 1230025702, 1230025801, 1230025802, 1230077600, 1230077700]"
412,KP002961,1050011901.0,0.1932426495048897,"[1050007103, 1050007104, 1050007203, 1050007204, 1050055900, 1050056000]"
413,KP002962,1210082800.0,0.0466391109895073,"[1210165100, 1210165200]"
414,KP002967,1100048200.0,0.2911559165988986,"[1100035604, 1100035503, 1100035504, 1100035603, 1100082000, 1100082100]"
415,KP002968,1220047600.0,0.1591798697978809,"[1220345701, 1220087902, 1220088000, 1220088800]"
416,KP002970,1030031200.0,0.1010172246996268,"[1010015502, 1010015503, 1010015601, 1010015602, 1010040500, 1010040600, 1030063600, 1030063700]"
417,KP002971,1160043000.0,0.1493335083985429,"[1160017101, 1160017102, 1160017201, 1160017202, 1160078900, 1160079000]"
418,KP002981,1210029100.0,0.3809890981408536,"[1210018801, 1210018802, 1210018901, 1210018902, 1210049800, 1210049900]"
419,KP002982,1220039900.0,0.1012381687674966,"[1220027404, 1220027504, 1220028202, 1220028302, 1220029802, 1220029001, 1220029102, 1220029901]"
420,KP002988,1210005700.0,0.3164845285904447,"[1210018802, 1210018902, 1210019800, 1210019900, 1210020600, 1210020700, 1210021200, 1210021301]"
421,KP002990,1100013100.0,0.0824434223489485,"[1100008002, 1100007901, 1100007902, 1100008001, 1100038600, 1100038700]"
422,KP002991,1180062200.0,0.1187354373253464,"[1180109300, 1180109400, 1180110100, 1180110200, 1180111200, 1180111300]"
423,KP002996,1030029601.0,0.1392725489815131,"[1030017901, 1030017902, 1030018001, 1030018002, 1030063800, 1030063900]"
424,KP002997,1150026600.0,0.1019675995637989,"[1150062800, 1150062900, 1150064400, 1150064500, 1150065301, 1150065401]"
425,KP003005,1010006700.0,0.1496863069298792,"[1010022900, 1020022302]"
426,KP003006,1030042200.0,0.0793518876169307,"[1030063200, 1030063300, 1030063600, 1030063700, 1030063800, 1030063900, 1030064000, 1030064100]"
427,KP003015,1210005700.0,0.2424626843677089,"[1210018802, 1210018902, 1210019800, 1210019900, 1210020600, 1210020700, 1210021200, 1210021301]"
428,KP003019,1080004100.0,0.1064824047587075,"[1080013400, 1080013500, 1080013800, 1080013900, 1080014000, 1080014100]"
429,KP003020,1050027700.0,0.1082869136390605,"[1050016101, 1050016102, 1050016202, 1050016201, 1050016300, 1050016400]"
430,KP003021,1030042200.0,0.063694917011048,"[1030063200, 1030063300, 1030063600, 1030063700, 1030063800, 1030063900, 1030064000, 1030064100]"
431,KP003022,1230116200.0,0.1764091405003994,"[1230224500, 1230224600, 1230227600, 1230227700, 1230229900, 1230230000, 1230230100, 1230230200]"
432,KP003028,1160026900.0,0.1206716320070122,"[1160001507, 1160001608, 1160002102, 1160002201, 1160014101, 1160014202]"
433,KP003067,1100085300.0,0.4899849393579402,"[1100012913, 1100013023, 1100172400, 1100172500, 1100012923, 1100013013]"
434,KP003068,1010008200.0,0.0659174844728528,"[1010001102, 1010001105, 1010001202, 1010001204, 1010024400, 1010024500]"
435,KP003069,1070029800.0,0.1225432597868612,"[1070016202, 1070016203, 1070055000]"
436,KP003079,1090000900.0,0.096037671477504,"[1090001500, 1090001600, 1090002501, 1090002600, 1090016700, 1090017000, 1090044600, 1090044700]"
437,KP003084,1020040500.0,0.3870388784837934,"[1020054100, 1020054200]"
438,KP003129,1090010700.0,0.152105911989455,"[1090022300, 1090022400, 1090022500, 1090022600, 1090023500, 1090023600]"
439,KP003130,1090005600.0,0.2587657007458549,"[1090014500, 1090014600, 1090015500, 1090015600, 1090015700, 1090015800]"
440,KP003131,1090006700.0,0.0514432049673802,"[1090047501, 1090047601, 1090002302, 1090002402, 1090016800, 1090016900, 1090002100, 1090002200, 1090004301, 1090004401]"
441,KP003134,1000023300.0,0.2478329168031489,"[1070022400, 1070022500, 1000016101, 1000016201, 1000036300, 1000036400]"
442,KP003136,1110022701.0,0.0341878229755413,"[1110042201, 1110042202, 1110042301, 1110042302]"
443,KP003146,1120003300.0,0.31256146889114,"[1120007104, 1120007204, 1120009703, 1120009803, 1120010301, 1120010401]"
444,KP003147,1220032100.0,0.1439468346418081,"[1220023103, 1220023104, 1220023203, 1220023204, 1220065200, 1220065300]"
445,KP003148,1220157400.0,0.0639549757504945,"[1220341100, 1220341200]"
446,KP003149,1230189401.0,0.3421271047396799,"[1230439901, 1230440001, 1230440501, 1230440601, 1230441101, 1230441201]"
447,KP003150,1210030400.0,0.061431562002129,"[1210019603, 1210018402, 1210018503, 1210019705, 1210020202, 1210020302, 1210021802, 1210021902]"
448,KP003151,1210080000.0,0.2367465722569095,"[1210035102, 1210035001, 1210035002, 1210035101, 1210167500, 1210167600]"
449,KP003181,1240021900.0,0.1326252089683167,"[1240019701, 1240019702, 1240019801, 1240019802, 1240045700, 1240045800]"
450,KP003182,1140041600.0,0.0695708327817093,"[1140080300, 1140080400]"
451,KP003193,1160045400.0,0.0997492736226244,"[1160081700, 1160081800, 1160080900, 1160081000, 1160082500, 1160082600]"
452,KP003194,1210027500.0,0.1076902396537476,"[1210016003, 1210016103, 1210017401, 1210017501, 1210018403, 1210018502]"
453,KP003203,1150122700.0,0.0224895622750829,"[1150341300, 1150341600, 1150341800, 1150342000, 1150342700, 1150342800, 1150433500, 1150433600]"
454,KP003232,1100048000.0,0.2166930813993736,"[1100005801, 1100035604, 1100035300, 1100035400, 1100035504, 1100005501, 1100005601, 1100005701]"
455,KP003233,1220042200.0,0.1951506088624429,"[1220082400, 1220082500, 1220030002, 1220030003, 1220030102, 1220030103]"
456,KP003234,1200015700.0,0.182576562436374,"[1200000702, 1200000802, 1200002905, 1200003004, 1200003301, 1200003401]"
457,KP003247,1240026800.0,0.1018539413473171,"[1240051602, 1240051701, 1240052600, 1240052700, 1240050403, 1240050504]"
458,KP003258,1230054800.0,0.1046346300956024,"[1230088900, 1230089000, 1230090500, 1230090600, 1230036201, 1230036202, 1230036301, 1230036302]"
459,KP003259,1230019400.0,0.0839381410507275,"[1230009501, 1230009502, 1230009601, 1230009602, 1230053102, 1230053201]"
460,KP003260,1230029400.0,0.2611808171568285,"[1230016502, 1230016503, 1230016602, 1230016603, 1230063200, 1230063300]"
461,KP003261,1230026200.0,0.0805424855357235,"[1230011700, 1230011800, 1230014900, 1230015000, 1230063000, 1230063100, 1230012302, 1230012402]"
462,KP003262,1230045700.0,0.0751157477180265,"[1230029902, 1230029903, 1230030002, 1230030003, 1230081400, 1230081500]"
463,KP003264,1170013200.0,0.1261103232280426,"[1170007101, 1170007102, 1170007201, 1170007202, 1170025800, 1170025900]"
464,KP003265,1180002500.0,0.1032974409165133,"[1180006000, 1180006100, 1180006200, 1180006300, 1180006601, 1180006700, 1180006802, 1180006902]"
465,KP003266,1180012700.0,0.1134546639775415,"[1180043600, 1180043700, 1180044000, 1180044300, 1180045200, 1180045600]"
466,KP003274,1130022900.0,0.0724027730679049,"[1130014101, 1130014102, 1130049000]"
467,KP003275,1230017600.0,0.1758427074116929,"[1230007501, 1230007601, 1230050200, 1230050300, 1230007502, 1230007602]"
468,KP003286,1020025700.0,0.0895481819321952,"[1020041100, 1020041200, 1020043500, 1020043600, 1130030800, 1130030900]"
469,KP003288,1150141901.0,0.1369853810708849,"[1150408201, 1150408202, 1150408301, 1150408302, 1150434300, 1150434400]"
470,KP003296,1220044800.0,0.0340831949222349,"[1220031402, 1220031403, 1220031502, 1220031504, 1220082800, 1220085100, 1220110200, 1220110300]"
471,KP003315,1030034400.0,0.0451398199113601,"[1050005302, 1050005402, 1030049400, 1030049500, 1050005301, 1050005401]"
472,KP003323,1220152500.0,0.0632271364379471,"[1220323100, 1220323200, 1220323300, 1220323400, 1220332700, 1220332800]"
473,KP003324,1140033600.0,0.1005501407648168,"[1140030802, 1140030803, 1140069200, 1140069300, 1140030702, 1140030703]"
474,KP003337,1030021101.0,0.1731473462528126,"[1030012701, 1030012702, 1030012801, 1030012802, 1030062800, 1030062900]"
475,KP003338,1210005900.0,0.1321307926431899,"[1210020400, 1210020500, 1210020600, 1210020700, 1210022000, 1210022100]"
476,KP003353,1070026600.0,0.1089386374670254,"[1070016301, 1070016302, 1070016401, 1070016402, 1070061700, 1070061800, 1070050400, 1070050500]"
477,KP003500,1080012700.0,0.0432685197593271,"[1080005103, 1080005104, 1080005203, 1080005204, 1080026900, 1080027000]"
478,KP003600,1020026300.0,0.1271416980511053,"[1020014101, 1020014102, 1020043000]"
479,KP003601,1120029600.0,0.1626592437386553,"[1120059700, 1120059800]"
480,KP003602,1070022300.0,0.1213872661616675,"[1070046000, 1070043900, 1070044000, 1070046100, 1070046200, 1070046300]"
481,KP003603,1240004401.0,0.0896410594890257,"[1240014701, 1240014702, 1240014801, 1240014802, 1240218500, 1240218600]"
482,KP003604,1230018601.0,0.0563618711705348,"[1230053101, 1230053102, 1230053201, 1230053202, 1230428600, 1230428700]"
483,KP003605,1230031600.0,0.0493784585216019,"[1230016103, 1230016203, 1230016501, 1230016601, 1230018904, 1230019003, 1230019301, 1230019400]"
484,KP003606,1150147400.0,0.2484209415345489,"[1150429700, 1150429800, 1150432500, 1150432600, 1150433100, 1150433200]"
485,KP003607,1140038602.0,0.0871655469290599,"[1150000306, 1150000307, 1150000406, 1150000407, 1150432300, 1150432400]"
486,KP003608,1160115900.0,0.1220891500195422,"[1160269000, 1160269100, 1160269400, 1160269500, 1160270000, 1160270100]"
487,KP003609,1210020101.0,0.1330648614084929,"[1210162500, 1210162600, 1210044801, 1210044802, 1210044901, 1210044902]"
488,KP003610,1180070400.0,0.0538535064371524,"[1180126900, 1180127000]"
489,KP003679,1220038100.0,0.0543624253435482,"[1220073100, 1220073200, 1220074800, 1220074900, 1220075400, 1220075500, 1220072502, 1220072601]"
490,KP003680,1240014702.0,0.3071428928487377,"[1240221100, 1240221200, 1240000506, 1240000507, 1240000606, 1240000607]"
491,KP003681,1210012600.0,0.1793844869068199,"[1210007302, 1210036300, 1210036400, 1210007201, 1210007202, 1210007301]"
492,KP003682,1210029900.0,0.1313556206426932,"[1210019401, 1210019402, 1210019501, 1210019502, 1210051000, 1210051100]"
493,KP003683,1140014800.0,0.0938190720997783,"[1140045900, 1140046000, 1140046700, 1140046800, 1140047300, 1140047400]"
494,KP003767,1210080600.0,0.1650472806251439,"[1210162900, 1210163000]"
495,KP003768,1220031302.0,0.2454447401927978,"[1220024204, 1220024205, 1220024304, 1220024305, 1220333100, 1220333200]"
496,KP003769,1240011900.0,0.0547369647091013,"[1240034100, 1240034200, 1240034800, 1240034900, 1240035600, 1240035700, 1240036400, 1240036500]"
497,KP003770,1230037100.0,0.26928598588836,"[1230020703, 1230020704, 1230020803, 1230020804, 1230074600, 1230074700]"
498,KP003813,1120006700.0,0.1423712876494909,"[1120016100, 1120017000, 1120018300, 1120018400, 1120016200, 1120016900]"
499,KP003814,1020026100.0,0.2552262565450576,"[1020014201, 1020014202, 1020042700]"
500,KP003815,1080003400.0,0.1417359986682292,"[1080009502, 1080009602, 1080010500, 1080010600, 1080010700, 1080010800, 1080011500, 1080011600]"
501,KP003849,1010016900.0,0.0604985083344324,"[1010004902, 1010004903, 1010005002, 1010005003, 1010032000, 1010032100]"
502,KP003850,1210038900.0,0.0839944120676021,"[1210025003, 1210025103, 1210059700, 1210059800, 1210025002, 1210025102]"
503,KP003866,1230000900.0,0.1075936566089455,"[1230438701, 1230438801, 1230001902, 1230002001, 1230007001, 1230006901]"
504,KP003885,1060020800.0,0.0946327177585131,"[1060037600, 1060037700, 1060037900, 1060038000, 1060039500, 1060039600]"
505,KP003896,1240011600.0,0.1119016213849074,"[1240007701, 1240007702, 1240007801, 1240007802, 1240033700, 1240033800]"
506,KP003993,1010007100.0,0.2376603030636766,"[1010020600, 1010020700, 1010022000, 1010022100]"
507,KP003994,1100029400.0,0.0857209830162184,"[1100001700, 1100001800, 1100002100, 1100002200, 1100019502, 1100019602, 1100019901, 1100020001]"
508,KP003995,1120018000.0,0.4065269167446665,"[1120029900, 1120030000]"
509,KP003996,1110016300.0,0.0518307013168711,"[1110001104, 1110001204, 1110001301, 1110001401, 1110010702, 1110010802, 1110010901, 1110011001]"
510,KP003997,1110022002.0,0.0454955540489961,"[1110040601, 1110040602, 1110040701, 1110040702, 1110080600, 1110080700]"
511,KP003998,1040016600.0,0.0616162364742978,"[1040009602, 1040009703, 1040009803, 1040009904, 1040010600, 1040010702]"
512,KP003999,1050033101.0,0.1409759199948187,"[1070072800, 1070072900, 1050050701, 1050050702, 1050050802, 1050050801]"
513,KP004000,1020037900.0,0.0731614987313732,"[1020043102, 1020043202, 1020012501, 1020012601, 1020043101, 1020043201]"
514,KP004001,1130025200.0,0.1008964598220956,"[1130014102, 1130014103, 1130014202, 1130014203, 1130051502, 1130051601, 1130051900, 1130052000]"
515,KP004040,1150144400.0,0.0415430025664411,"[1150417900, 1150418000, 1150419300, 1150419400, 1150419500, 1150419800]"
516,KP004041,1140027200.0,0.0783922744112591,"[1140020200, 1140021300, 1140021600, 1140022400]"
517,KP004042,1150067800.0,0.1085437970901669,"[1150339500, 1150339600, 1150341800, 1150342000, 1150342900, 1150343000, 1150408400, 1150408500]"
518,KP004043,1160021900.0,0.1098830154036545,"[1160011702, 1160011703, 1160011802, 1160011803, 1160048100, 1160048200]"
519,KP004044,1190021500.0,0.1066506068331972,"[1190006701, 1190006801, 1190044800, 1190044900, 1190006702, 1190006802]"
520,KP004046,1150031400.0,0.1147256135785158,"[1150070300, 1150070400, 1150071400, 1150071500, 1150072600, 1150072700, 1150075200, 1150075300]"
521,KP004047,1140016000.0,0.0822204304947505,"[1140046700, 1140046800, 1140048300, 1140048400, 1140049600, 1140049700, 1140049800, 1140049900, 1140050000, 1140050100]"
522,KP004048,1200005900.0,0.0607453150931998,"[1200015800, 1200015900, 1200019200, 1200019300]"
523,KP004049,1160048800.0,0.1031722403025491,"[1160053401, 1160053402, 1160053501, 1160053502, 1160088500, 1160088700]"
524,KP004050,1180069700.0,0.168724627597444,"[1180121700, 1180121800, 1180125500, 1180125600, 1180125700, 1180125800]"
525,KP004052,1180070400.0,0.1051057665867792,"[1180126900, 1180127000]"
526,KP004053,1140037701.0,0.040567656510301,"[1140276700, 1140276800, 1140074901, 1140075002]"
527,KP004054,1200020800.0,0.0321250302032769,"[1200007902, 1200007903, 1200008002, 1200008003, 1200037000, 1200037100]"
528,KP004056,1210035800.0,0.2554188220627831,"[1210022000, 1210022100, 1210022603, 1210022705, 1210023601, 1210023701]"
529,KP004058,1210044200.0,0.0365348327631419,"[1210027401, 1210027402, 1210027501, 1210027502, 1210061901, 1210062002]"
530,KP004059,1210048000.0,0.094104053510382,"[1210004802, 1210005200, 1210066100]"
531,KP004143,1080001100.0,0.0787760005271357,"[1070020501, 1070020601, 1070021501, 1070021601, 1070077200, 1070077300]"
532,KP004145,1060005300.0,0.1252445644612793,"[1060014303, 1060014403, 1060015301, 1060015401, 1060016101, 1060016201]"
533,KP004146,1100019600.0,0.0381772787496506,"[1100048500, 1100048600, 1100048900, 1100049000]"
534,KP004150,1030014100.0,0.1811547728072847,"[1030007402, 1030029400, 1030029500, 1030007301, 1030007302, 1030007401]"
535,KP004151,1040016600.0,0.0419891766970526,"[1040009602, 1040009703, 1040009803, 1040009904, 1040010600, 1040010702]"
536,KP004152,1060014700.0,0.1309436057829172,"[1060029000, 1060029100]"
537,KP004154,1060013801.0,0.3373637431797919,"[1060013501, 1060013502, 1060013601, 1060013602, 1060062400, 1060062500]"
538,KP004524,1200021700.0,0.3096370080344329,"[1200036400, 1200036500, 1200037700, 1200037800, 1200038200, 1200038300]"
539,KP004525,1190026800.0,0.0472815203135452,"[1190047800, 1190047900]"
540,KP004609,1160010800.0,0.1049654486238431,"[1160007302, 1160007303, 1160007403, 1160007404, 1160029100, 1160029200]"
541,KP004612,1210018500.0,0.1300195322222002,"[1210013201, 1210013202, 1210013301, 1210013302, 1210041200, 1210041300]"
542,KP004613,1210013500.0,0.0874823983792684,"[1210006802, 1210006902, 1210037100, 1210037200, 1210006803, 1210006903]"
543,KP004616,1180047200.0,0.1435110377228398,"[1180093400, 1180093500, 1180031001, 1180031002, 1180031101, 1180031102]"
544,KP004617,1210015500.0,0.1758635259277014,"[1210009201, 1210009202, 1210009301, 1210009302, 1210038600, 1210038700]"
545,KP004627,1150035000.0,0.091791137523413,"[1150107900, 1150108000, 1150108400]"
546,KP004628,1240018200.0,0.0650644793582306,"[1240042500, 1240042800, 1240043600]"
547,KP004629,1150020900.0,0.2148009356328775,"[1150011002, 1150011102, 1150011605, 1150011705, 1150012201, 1150012301, 1150054100, 1150054200]"
548,KP004790,1130056800.0,0.1366658042329446,"[1130001013, 1130001023]"
549,KP004794,1030002600.0,0.1481090817667806,"[1030007501, 1030007601, 1030009104, 1030009204, 1030010500, 1030010600, 1030007102, 1030007202]"
550,KP004801,1030020300.0,0.1401095215832906,"[1030011501, 1030011502, 1030037400]"
551,KP004802,1090004900.0,0.3803626166701077,"[1090000702, 1090000703, 1090000802, 1090000803, 1090014100, 1090014200]"
552,KP004803,1090012200.0,0.0689500092053198,"[1090009101, 1090009102, 1090009201, 1090009202, 1090024700, 1090024800]"
553,KP004807,1090003800.0,0.1879395920420511,"[1090010700, 1090010800, 1090011300, 1090011400, 1090011700, 1090011800, 1090010500, 1090010600]"
554,KP004808,1070026500.0,0.0718531117759857,"[1070013903, 1070013904, 1070014003, 1070014004, 1070053000, 1070053100]"
555,KP004809,1130021900.0,0.0419274529847488,"[1130001705, 1130001712, 1130001806, 1130001810, 1130047600, 1130047700]"
556,KP004810,1030015400.0,0.095196975220274,"[1030008302, 1030008303, 1030032600, 1030032700, 1030008402, 1030008403]"
557,KP004814,1050037401.0,0.0882836002389176,"[1050060101, 1050060201]"
558,KP004931,1130021901.0,0.0688078616242699,"[1130001711, 1130001712, 1130001810, 1130001811, 1130078800, 1130078900]"
559,KP005057,1020006100.0,0.1259524780853994,"[1020020904, 1020021003, 1020022901, 1020023001, 1020022202, 1020022101]"
560,KP005058,1010019600.0,0.1379234834357324,"[1010006901, 1010006902, 1010007001, 1010007002, 1010031400, 1010031500, 1010035300, 1010035400]"
561,KP005059,1010005600.0,0.0343004051893784,"[1010052000, 1010052100, 1010052400, 1010052500]"
562,KP005164,1140002400.0,0.0898565352481828,"[1140004900, 1140005000, 1140007600, 1140007000]"
563,KP005167,1000008500.0,0.0914059793394403,"[1000000503, 1000000603, 1000001101, 1000001201, 1000003900, 1000004000, 1000006901, 1000007001]"
564,KP005178,1210013500.0,0.1363022238349889,"[1210006802, 1210006902, 1210037100, 1210037200, 1210006803, 1210006903]"
565,KP005182,1210012600.0,0.13757663809743,"[1210007302, 1210036300, 1210036400, 1210007201, 1210007202, 1210007301]"
566,KP005238,1180051000.0,0.0817719913471357,"[1180034002, 1180034003, 1180034102, 1180034105, 1180096700, 1180096800, 1180099200, 1180099300]"
567,KP005242,1170021600.0,0.0481971187043791,"[1170038600, 1170038700, 1170038800, 1170038900, 1170037000, 1170037100, 1170037200, 1170037300]"
568,KP005264,1220035800.0,0.0806846487407776,"[1220027401, 1220027402, 1220027501, 1220027502, 1220069700, 1220069800, 1220070500, 1220070600]"
569,KP005284,1180071300.0,0.1683308424416664,"[1180123100, 1180123200]"
570,KP005353,1240021900.0,0.1090150177504103,"[1240019701, 1240019702, 1240019801, 1240019802, 1240045700, 1240045800]"
571,KP005361,1230027000.0,0.2202106291444449,"[1230014801, 1230014802, 1230062000, 1230062100, 1230065700, 1230065800, 1230014701, 1230014702]"
572,LH108900,1110021902.0,0.0571486012984875,"[1110090401, 1110090501, 1110076000, 1110076100, 1110040403, 1110040405, 1110040504, 1110040506]"
573,MO115605,1180017400.0,0.0789444045375838,"[1180048600, 1180048900, 1180049000, 1180049100, 1180049401, 1180049502]"
574,NT100009,1230016600.0,0.0408235689018633,"[1230049400, 1230049500, 1230049600, 1230049700, 1230049800, 1230049900]"
575,NT100084,1020029500.0,0.0636083006070924,"[1020015101, 1020015102, 1020015202, 1020015203, 1020046200, 1020046300]"
576,PI121532,1090017700.0,0.0854544950720985,"[1090011605, 1090011504, 1090011505, 1090011604, 1090034200, 1090034300, 1090034400, 1090034500]"
577,PW012551,1140012200.0,0.0879545895777709,"[1140000701, 1140000702, 1140000801, 1140000802]"
578,PWE00564,1240014500.0,0.1243194032150798,"[1240000801, 1240000103, 1240000203, 1240000702, 1240008501, 1240008600, 1240010402, 1240010301]"
579,RE000059,1100046400.0,0.0182464070952878,"[1100034303, 1100034304, 1100034402, 1100034403, 1100080400, 1100080500]"
580,S1100001,1210081100.0,0.0594861568936085,"[1210169700, 1210169800, 1210177100, 1210177200]"
581,SF000830,1220054000.0,0.0998787273936333,"[1220095700, 1220096400, 1220098100, 1220100500]"
582,SF001228,1220045102.0,0.0630333440023623,"[1220085701, 1220085602, 1220085606, 1220085705, 1220329600, 1220329500]"
583,SF001349,1090016300.0,0.1010728556144163,"[1090011501, 1090011502, 1090011601, 1090011602, 1090031200, 1090031300, 1090031400, 1090031500]"
584,SF001358,1130020200.0,0.1559614281455127,"[1130010904, 1130011006, 1130011700, 1130011800, 1130012701, 1130012801, 1130014701, 1130014801]"
585,SF001653,1030022100.0,0.0353645084915018,"[1030038300, 1030038400, 1030039700, 1030039800, 1030039900, 1030040000]"
586,SF001673,1220016300.0,0.4045239119656864,"[1220010002, 1220010009, 1220010102, 1220010108, 1220046600, 1220046700]"
587,SF001865,1060036700.0,0.1113694818585286,"[1060064200, 1060064300, 1060064400, 1060064500, 1060064600, 1060064700]"
588,SF001914,1100004900.0,0.3383391073806817,"[1100011700, 1100011800, 1100011904, 1100012003, 1100012701, 1100012801]"
589,SF002031,1050004100.0,0.1926884825760124,"[1060068101, 1060068201, 1050013303, 1050013403, 1050014300, 1050014400, 1050016300, 1050016400]"
590,SF002069,1150122800.0,0.0562326529615608,"[1150342100, 1150342200, 1150343100, 1150343200]"
591,SF002074,1130016400.0,0.0393006077892858,"[1130039800, 1130039900, 1130040900, 1130041000, 1130042000, 1130042100]"
592,SF002106,1230055200.0,0.2044015368569297,"[1230036002, 1240036000, 1240036100, 1230036103, 1230036800, 1230036900]"
593,SF002322,1010036700.0,0.0531082783500473,"[1010047100, 1010047200, 1010047300, 1010051100, 1010047400]"
594,ST112004,1030021700.0,0.3068572801186437,"[1030013102, 1030013201, 1030013502, 1030013601, 1030039300, 1030051000]"
595,ST116515,1210016200.0,0.1686118097043099,"[1210009203, 1210009204, 1210009303, 1210009304, 1210039400, 1210039500]"
