,stat_id,station,address,lat,lng,household,num_cars,num_rest,traffic,avg_fast,avg_slow,nearby_neighbor
0,KP000296,영등포전력지사,서울특별시 영등포구 경인로 878,37.517367,126.910236,187020,2407,229,20175.0,68.9512747252747,0.6086703296703299,5
1,KP000224,명일동 공영주차장,서울특별시 강동구 구천면로 395(명일동),37.551194,127.142924,201613,1279,244,5086.0,66.71549450549449,0.0,10
2,KP000524,송파파크데일1단지 아파트,서울특별시 송파구 마천동 성내천로37길 37,37.4987866566,127.1581012036,282417,1968,3,9238.0,45.05553846153848,33.150483516483575,5
3,KP000108,송파구청,서울특별시 송파구 신천동 29-5 송파구청 앞,37.5146124,127.1060852,282417,1968,613,22024.0,124.70087912087902,0.0,25
4,KP000690,송파삼성래미안,서울특별시 송파구 송파동 오금로32길 14,37.5052524778,127.11780238,282417,1968,105,5540.0,16.10131868131868,21.191208791208783,9
5,KP003261,가락2동 주민센터,서울특별시 송파구 가락동 154,37.498714,127.126652,282417,1968,99,5131.0,202.4321758241761,0.0,10
6,KP000016,강동송파지사,서울특별시 강동구 둔촌동 522-9,37.52386992,127.135443,201613,1279,153,28309.0,171.57854945054916,2.751289377289377,3
7,KP001800,강일리버파크3단지,서울특별시 강동구 강일동 아리수로93길 40,37.5655159695,127.1751072048,201613,1279,33,7580.0,39.38778021978023,48.10527472527472,10
8,KP000222,가락시장,서울특별시 송파구 양재대로 932,37.493241,127.112315,282417,1968,272,6893.0,75.83997069597065,0.0,5
9,KP002271,신성둔촌미소지움아파트 입주자대표회의,서울특별시 강동구 둔촌동 명일로 102,37.5276457671,127.1425454548,201613,1279,53,28309.0,1.4938901098901105,10.047791208791208,7
10,KP002960,갤러리아팰리스,서울특별시 송파구 잠실동 40,37.511529,127.094596,282417,1968,223,6737.0,21.61279120879121,26.3345787545788,5
11,KP002873,송파꿈에그린(위례24단지),서울특별시 송파구 장지동 516,37.47592327474,127.1390103411,282417,1968,108,21116.0,19.794714285714285,26.50162637362633,19
12,KP000225,천호1동 공영주차장,서울특별시 강동구 구천면로 42길 60(천호동),37.545049,127.136282,201613,1279,269,5086.0,105.46132967032987,0.0,3
13,KP000926,레이크팰리스,서울특별시 송파구 잠실동 잠실로 88,37.5075341602,127.093213298,282417,1968,466,16087.0,15.057241758241751,22.14152747252741,8
14,KP001804,리센츠 아파트,서울특별시 송파구 올림픽로 135,37.513161,127.090312,282417,1968,196,6737.0,38.91742857142853,38.34659340659332,6
15,KP001265,성내삼성 아파트,서울특별시 강동구 성내동 풍성로 128,37.5299423276,127.1259823751,201613,1279,269,11163.0,28.64057142857141,18.26901098901098,18
16,KP002345,강동헤르셔,서울특별시 강동구 천호동 천호대로 1089,37.5366055081,127.1331171805,201613,1279,528,8954.0,3.735780219780223,15.680989010989013,19
17,KP001263,거여4단지 아파트,서울특별시 송파구 거여동 양산로4길 8,37.4895863312,127.1433912604,282417,1968,103,9238.0,2.0112747252747254,21.12505494505496,17
18,KP003259,거여2동 주민센터,서울특별시 송파구 거여동 195-1,37.4935643829,127.146969926,282417,1968,285,9238.0,148.237142857143,0.0,12
19,KP003022,송파더센트레,"서울특별시 송파구 위례광장로 163 (장지동, 위례22단지)",37.47935896489,127.1401853902,282417,1968,96,21116.0,10.123516483516482,19.17009523809524,26
20,KP003262,한국광고문화회관,서울특별시 송파구 신천동 7-11,37.5159069385,127.099593702,282417,1968,407,47916.0,86.37650549450554,0.0,18
21,KP003603,삼익가든아파트,서울특별시 강동구 명일동 260-1,37.54588600963,127.1466312646,201613,1279,114,5086.0,0.0,18.81650549450549,10
22,KP000689,고덕아이파크,서울특별시 강동구 고덕동 동남로79길 26,37.5591846946,127.1537423213,201613,1279,65,27327.0,13.356131868131875,14.963150183150187,4
23,KP000687,가락쌍용1차 아파트,서울특별시 송파구 가락동 동남로 193,37.4946987694,127.1292251319,282417,1968,166,5131.0,3.1262747252747247,22.606373626373628,8
24,KP000523,송파파인타운6단지 아파트,서울특별시 송파구 충민로6길 14,37.48056250195,127.1319978941,282417,1968,3,21116.0,29.776769230769244,17.807384615384613,15
25,KP001806,송파파인타운9단지,서울특별시 송파구 송파대로 8길 17,37.478239,127.128729,282417,1968,20,31131.0,66.0680659340658,26.434835164835203,12
26,KP003258,풍납2동 주민센터,서울특별시 송파구 풍납동 403-11,37.528759745,127.116795686,282417,1968,75,21436.0,inf,0.0,10
27,KP000526,잠실롯데캐슬골드 아파트,서울특별시 송파구 신천동 올림픽로 269,37.5144261788,127.100610302,282417,1968,439,47916.0,19.456241758241763,16.987945054945055,22
28,KP001264,거여5단지 아파트,서울특별시 송파구 거여동 양산로4길 16,37.4892095924,127.1449645201,282417,1968,84,9238.0,8.356813186813183,10.47846153846154,18
29,KP000521,고덕리엔파크3단지 아파트,서울특별시 강동구 상일로 74,37.55223512265,127.1752187199,201613,1279,22,7580.0,28.725714285714258,16.46334432234431,3
30,KP002051,홈플러스 강동점,서울특별시 강동구 양재대로 1571,37.54571126255,127.1421724756,201613,1279,286,5086.0,81.64006593406586,0.0,7
31,KP000691,송파성원상떼빌,서울특별시 송파구 가락동 송파대로28길 27,37.4948850029,127.1200929635,282417,1968,470,6893.0,2.9313406593406603,10.988571428571433,16
32,KP003149,위례스타힐스,서울특별시 송파구 장지동 위례광장로 215,37.481504,127.143668,282417,1968,52,21116.0,13.487758241758243,22.77944322344325,21
33,KP000522,더샵스타리버 아파트,서울특별시 송파구 올림픽로35길 93,37.51778342631,127.1046327039,282417,1968,393,12475.0,40.47648351648355,0.0,25
34,KP003680,성내1차이편한세상,서울특별시 강동구 천호대로168길 58,37.53331732998,127.1310838701,201613,1279,369,8954.0,0.0,3.345318681318683,16
35,KP001803,대우한강베네시티 아파트,서울특별시 강동구 올림픽로 664,37.540361,127.124838,201613,1279,565,17807.0,0.0,19.84956043956043,11
36,KP001807,송파파크데일2단지,서울특별시 송파구 마천동 성내천로47길 38,37.4963394415,127.1581638948,282417,1968,4,9238.0,12.648263736263743,21.625934065934043,5
37,KP000680,마천동1공영주차장,서울특별시 송파구 성내천로43길 6,37.49518194689,127.15556452,282417,1968,59,9238.0,10.653054945054937,0.0,5
38,KP002684,송파파인타운5단지,서울특별시 송파구 장지동 충민로4길 5,37.4796153626,127.1297192236,282417,1968,10,21116.0,15.528571428571428,19.22252747252745,13
39,KP001799,GS강동자이 아파트,서울특별시 강동구 천호대로 1239(길동),37.4765488043,127.111607161,201613,1279,0,7381.0,6.70626373626373,21.80681318681317,5
40,KP003260,삼전동 공영주차장,서울특별시 송파구 삼전동 175-8,37.500239,127.095866,282417,1968,216,7957.0,101.35015384615384,0.0,6
41,KP002812,위례 포레샤인 23단지,서울특별시 송파구 장지동 380-1,37.47617081866,127.1353309043,282417,1968,71,21116.0,13.918923076923084,17.042454212454192,13
42,KP000520,강일리버파크7단지 아파트,서울특별시 강동구 아리수로98길 25,37.56505092294,127.178802828,201613,1279,5,7540.0,10.9521978021978,17.63214652014651,10
43,KP002811,강일리버파크5단지,서울특별시 강동구 강일동 아리수로97길 20,37.567726,127.178447,201613,1279,5,2690.0,7.740417582417578,15.473113553113569,6
44,KP003866,문정근린공원 공영주차장,서울특별시 송파구 문정로 지하 12,37.485959583661,127.1236290222,282417,1968,415,16935.0,90.88290109890124,0.0,12
45,KP003605,잠실파크인수,서울특별시 송파구 백제고분로 187,37.50473262281,127.0877404572,282417,1968,323,17433.0,0.0,5.937054945054947,9
46,KP003275,문정래미안아파트,서울특별시 송파구 문정동 문정로 83,37.490893,127.130226,282417,1968,123,16935.0,27.768395604395604,25.70453479853477,10
47,KP000226,현대백화점 천호점,서울특별시 강동구 천호대로 1005,37.53887464166,127.1244744264,201613,1279,607,22324.0,42.40775824175819,0.0,10
48,KP001262,거여1단지 아파트,서울특별시 송파구 거여동 양산로8길 8,37.4909147866,127.1445652655,282417,1968,139,9238.0,12.546197802197796,13.767527472527476,15
49,KP001267,잠실한양3차 아파트,서울특별시 송파구 방이동 양재대로 1089,37.5058495904,127.1224810673,282417,1968,241,14042.0,0.0,4.369230769230767,16
50,KP001266,송파와이즈더샵,서울특별시 송파구 장지동 위례광장로 270,37.4771052523,127.1436523086,282417,1968,93,21116.0,0.0,14.364285714285703,23
51,PWE00564,둔촌푸르지오아파트,서울특별시 강동구 둔촌동 명일로 172,37.53414,127.14507,201613,1279,109,28309.0,11.496527472527468,9.702783882783882,6
52,KP003896,성내동중앙하이츠,"서울특별시 강동구 양재대로95길 53 (성내동, 중앙하이츠아파트)",37.53051922418,127.1335396726,201613,1279,328,8954.0,0.0,7.381296703296707,11
53,KP000925,강일리버파크 6단지,서울특별시 강동구 강일동 아리수로94길 19,37.5627340873,127.1772602489,201613,1279,3,7580.0,8.578109890109893,0.0,13
54,KP003770,송파공영주차장,서울특별시 송파구 백제고분로44길 13-25,37.507026462481,127.1132924712,282417,1968,244,5540.0,0.6699999999999999,0.0,4
55,KP000927,송파파인타운10단지,서울특별시 송파구 장지동 송파대로8길 20,37.4781324844,127.1311863959,282417,1968,1,21116.0,11.042549450549451,7.028714285714287,15
56,NT100009,송파파인타운1단지아파트,서울특별시 송파구 장지동 833,37.4863182,127.1341958,282417,1968,31,21116.0,0.0,10.345384615384628,7
57,KP002347,한강극동아파트,서울특별시 송파구 풍납동 토성로 38-6,37.5294607024,127.1140527139,282417,1968,105,43333.0,29.20501098901097,26.835604395604403,9
58,KP001808,암펠로스타워,서울특별시 강동구 둔촌동 명일로 110,37.5288091079,127.1431676374,201613,1279,66,28309.0,0.0,11.154725274725278,8
59,KP001802,길동삼익파크,서울특별시 강동구 길동 명일로 293,37.5447060359,127.1463619029,201613,1279,108,5086.0,12.96380219780221,16.163626373626364,9
60,KP001801,고덕리엔파크1단지,서울특별시 강동구 상일로 152,37.561757,127.172139,201613,1279,42,7580.0,0.0,16.677032967032964,7
61,KP001268,풍납쌍용,서울특별시 송파구 풍납동 올림픽로47길 9,37.5274169167,127.1180408617,282417,1968,59,21436.0,1.9552527472527472,13.109010989010995,11
62,KP003181,명일한양아파트,서울특별시 강동구 명일동 동남로71길 19,37.550839,127.155315,201613,1279,111,5086.0,35.30551648351646,0.0,9
63,KP003769,강동보건소,서울특별시 강동구 성내동 541-2,37.529539325201,127.1253752982,201613,1279,292,11163.0,3.179120879120879,0.0,17
64,KP000525,위례송파푸르지오 아파트,서울특별시 송파구 장지동 위례광장로 185,37.4802093902,127.1397599524,282417,1968,97,21116.0,5.103604395604395,0.0,25
65,KP003247,강일리버파크11단지,서울특별시 강동구 강일동 고덕로97길 100,37.562856,127.17973,201613,1279,3,7540.0,0.0,1.7270769230769225,8
66,KP002346,강일리버파크10단지,서울특별시 강동구 강일동 고덕로97길 20,37.5592088582,127.1799953539,201613,1279,0,7580.0,3.2662417582417587,0.0,7
67,KP000694,한강현대 아파트,서울특별시 강동구 암사동 올림픽로104길 41,37.5560114394,127.131304691,201613,1279,105,695.0,2.8130989010989005,4.68153846153846,6
68,KP000693,암사라인 아파트,서울특별시 강동구 암사동 고덕로 53,37.5549808769,127.1311444412,201613,1279,159,695.0,0.0,0.0037362637362637,7
69,SF002106,송파현대힐스테이트,서울특별시 송파구 풍납동 풍성로26길 31,37.530849827,127.11830456,282417,1968,91,15974.0,0.0,11.405714285714284,16
70,KP002270,경보그레이스 힐,서울특별시 강동구 성내동 풍성로53길 40,37.5311320576,127.1353837592,201613,1279,309,28309.0,0.0,1.4758351648351644,8
71,KP003604,쌍용스윗닷홈 거여1차 아파트,서울특별시 송파구 오금로62길 10,37.49182576795,127.1467064418,282417,1968,157,9238.0,0.0,2.1710769230769227,16
72,KP000688,가락우성2차 아파트,서울특별시 송파구 가락동 중대로12길 35,37.4920142127,127.1254708566,282417,1968,177,16935.0,0.0,0.0281318681318681,10
73,KP002623,한강포스파크아파트,서울특별시 강동구 암사동 고덕로19길 30,37.556032,127.133941,201613,1279,84,695.0,0.0,0.0024175824175824,8
74,KP004628,천호유수지,서울특별시 강동구 선사로 70 (천호동),37.544788986,127.12187757,201613,1279,190,52040.0,1.1300549450549449,0.0,8
75,KP005361,송파도서관,"서울특별시 송파구 동남로 263 (오금동, 송파도서관)",37.501,127.134,282417,1968,162,10569.0,1.1090549450549452,0.0,6
76,KP005353,강동아트센터(강동문화재단),"서울특별시 강동구 동남로 870 (상일동, 강동아트센터)",37.5511,127.1573,201613,1279,40,5086.0,0.4964395604395605,0.0,9
77,KP004052,문래힐스테이트,서울특별시 영등포구 문래동3가 문래로 82,37.51872,126.89107,187020,2407,426,9008.0,0.0,7.145821428571431,16
78,KP002350,롯데캐슬엠파이어,서울특별시 영등포구 여의도동 의사당대로 127,37.520241356,126.9264085517,187020,2407,802,45549.0,13.217560439560446,19.854505494505485,18
79,KP000942,영등포아트자이 아파트,서울특별시 영등포구 도림동 도영로 66,37.5103939542,126.9001777987,187020,2407,174,15352.0,6.107318681318685,12.898578754578756,11
80,KP003265,대림어린이공원 공영주차장,서울특별시 영등포구 대림동 870,37.491084439,126.9033538022,187020,2407,224,29549.0,74.73758241758239,0.0,13
81,KP002726,문래자이아파트,서울특별시 영등포구 문래동3가 당산로4길 12,37.5162769232,126.8973918801,187020,2407,366,1234.0,12.682725274725277,18.974945054945067,10
82,KP000021,남서울직할(영등포)지사,서울특별시 영등포구 문래동3가 80,37.52031651,126.892762,187020,2407,417,12895.0,114.38351648351644,0.5827409733124019,15
83,KP001811,신길경남 아파트,서울특별시 영등포구 영등포로 351,37.515558,126.918256,187020,2407,147,51795.0,2.7061538461538466,12.702087912087912,8
84,KP000020,남서울직할,서울특별시 영등포구 여의도동 21,37.52754543,126.930284,187020,2407,145,37102.0,37.88495604395612,1.9816758241758248,3
85,KP000731,당산대우 아파트,서울특별시 영등포구 당산동2가 16-1,37.5208860347,126.8928607252,187020,2407,424,12895.0,3.0655164835164825,14.702747252747256,15
86,KP000018,국회의사당,서울특별시 영등포구 여의도동 1,37.5329136,126.9164036,187020,2407,255,12987.0,0.0,16.284461538461567,4
87,KP004050,바다마을아파트,서울특별시 영등포구 신길동 가마산로 540,37.50276,126.91541,187020,2407,137,10662.0,0.0,2.907412087912089,7
88,KP002661,신길뉴타운한화꿈에그린,서울특별시 영등포구 신길동 신길로 119,37.5035107402,126.909709552,187020,2407,196,10662.0,0.0,7.282087912087914,7
89,KP002273,보라매벚꽃마을아파트,서울특별시 영등포구 신길동 대방천로14길 34,37.4959210357,126.9101936408,187020,2407,118,10662.0,0.0,51.87584615384612,12
90,MO115605,신길삼성래미안,서울특별시 영등포구 신길동 가마산로79길 7,37.505457,126.9153493,187020,2407,73,13095.0,6.9829010989011,10.294945054945051,9
91,KP000732,대림동현대3차 아파트,서울특별시 영등포구 대림동 608-1,37.5062341681,126.8951526953,187020,2407,150,23611.0,5.394109890109888,11.912527472527469,12
92,KP002991,양평한신아파트,서울특별시 영등포구 양평동5가 76,37.54007118621,126.8920208623,187020,2407,247,12336.0,19.62230769230769,26.88026373626371,16
93,KP003266,대림운동장 공영주차장,서울특별시 영등포구 대림동 780,37.499068524,126.8942003346,187020,2407,245,14397.0,117.48248351648373,0.0,15
94,KP000530,영등포레미안 아파트,서울특별시 영등포구 신길동 4945,37.5049810409,126.9095268262,187020,2407,175,14938.0,8.409120879120877,16.39727472527471,7
95,KP000940,문래금호어울림 아파트,서울특별시 영등포구 문래동3가 97,37.5189841833,126.8981392781,187020,2407,507,12547.0,0.0,5.333274725274727,9
96,KP003610,문래건영아파트,서울특별시 영등포구 문래동3가 93-1,37.51827643829,126.8925386789,187020,2407,392,9008.0,0.0,2.082498168498168,14
97,KP004616,당산근린지하공영주차장,서울특별시 영등포구 당산로27길 12 (당산동3가),37.52551222,126.89576941,187020,2407,490,41355.0,19.829417582417587,0.0,22
98,KP005238,서울영등포우체국,"서울특별시 영등포구 선유동2로 6 (당산동4가, 서울영등포우체국)",37.52962614,126.8949565,187020,2407,325,41355.0,0.6540549450549449,0.0,19
99,KP005284,영등포구민회관,"서울특별시 영등포구 국회대로 596 (당산동3가, 영등포구민회관)",37.526142,126.900028,187020,2407,373,45926.0,1.7784395604395604,0.0,21
100,KP003683,신정동일하이빌아파트1단지,"서울특별시 양천구 신정로11길 20 (신정동, 동일하이빌아파트)",37.5107833089,126.8401934228,181404,996,15,32274.0,0.0,21.085010989010986,8
101,KP000702,방화5단지 아파트,서울특별시 강서구 방화동 금낭화로 287-19,37.5768026767,126.810285497,271175,1768,190,7172.0,19.04248351648352,8.581846153846152,20
102,KP003607,e편한세상염창,서울특별시 강서구 공항대로 583,37.54876208844,126.8703941578,271175,1768,124,7948.0,0.0,12.720421978021976,15
103,KP003182,신정이펜하우스 2단지,서울특별시 양천구 신정이펜2로 55,37.515688,126.830737,181404,996,67,22955.0,0.0,9.80435164835164,10
104,KP002883,목동 현대하이페리온2아파트,서울특별시 양천구 목동 961,37.52438967643,126.8700630152,181404,996,454,10035.0,10.72538461538462,26.76358974358976,23
105,KP000703,부영그린타운2차,서울특별시 양천구 목동 908-28,37.5363756323,126.8811258526,181404,996,89,74005.0,0.0,20.822956043956047,12
106,KP000699,마곡힐스테이트,서울특별시 강서구 마곡동 725-1,37.5646953177,126.8184339904,271175,1768,73,11103.0,10.714967032967031,23.11028571428572,23
107,KP000393,한국공항공사 서울,서울특별시 강서구 방화동 886,37.564959,126.794854,271175,1768,50,9761.0,98.58498901099009,0.0,1
108,KP002513,서울에너지공사 주차장,서울특별시 양천구 목동 900,37.5401156047,126.883763102,181404,996,40,10952.0,128.34542307692303,0.0,7
109,KP000698,마곡엠밸리3단지,서울특별시 강서구 마곡동 736,37.5685319217,126.819719606,271175,1768,289,38810.0,9.996857142857142,24.166978021978,28
110,KP002354,방화동성아파트,서울특별시 강서구 방화동 금낭화로23길 8,37.5794084299,126.812592887,271175,1768,79,60478.0,1.7985714285714285,7.533699633699624,17
111,KP002691,목동힐스테이트아파트,서울특별시 양천구 신정동 중앙로36길 15,37.5207747014,126.855947273,181404,996,289,715.0,31.20784615384613,44.30175824175821,7
112,KP002353,마곡수명산파크1단지,서울특별시 강서구 내발산동 742,37.5535661829,126.8305340094,271175,1768,177,5829.0,12.247186813186806,22.5942857142857,10
113,KP000930,양천벽산블루밍 아파트,서울특별시 양천구 신월동 1026,37.5245986953,126.8392967298,181404,996,176,33061.0,1.9874065934065928,19.58624175824174,18
114,KP000709,화곡초록 아파트,서울특별시 강서구 화곡동 1139,37.5452804761,126.8329698193,271175,1768,260,10262.0,8.976945054945055,0.0,14
115,KP000695,마곡수명산파크3단지,서울특별시 강서구 내발산동 751,37.5518565943,126.8247074755,271175,1768,62,5829.0,1.516945054945055,7.825032967032967,10
116,KP003606,마곡수명산파크8단지,서울특별시 강서구 수명로2길 108,37.55097481545,126.8285922819,271175,1768,159,5829.0,0.0,13.091648351648356,7
117,KP001269,마곡엠밸리6단지,서울특별시 강서구 마곡동 743,37.5657531052,126.8196221693,271175,1768,211,37647.0,38.889912087912144,20.4175824175824,25
118,SF002069,마곡엠밸리2단지,서울특별시 강서구 마곡동 마곡서1로 146,37.568824973,126.82141102,271175,1768,260,38810.0,0.0,8.632358974358974,29
119,KP000017,강서양천지사,서울특별시 양천구 신정동 319-1,37.52007602,126.8687447,181404,996,218,20855.0,87.63643956043958,2.157563579277866,18
120,KP002997,마곡13단지 힐스테이트마스터,서울특별시 강서구 마곡동 748,37.557592,126.818291,271175,1768,55,16131.0,25.3296263736264,35.04074725274724,6
121,KP000696,마곡수명산파크5단지,서울특별시 강서구 내발산동 749,37.5515869245,126.8275825587,271175,1768,133,5829.0,13.782175824175823,29.212362637362617,11
122,KP000700,목동트윈빌,서울특별시 양천구 목동 905-22,37.5321760813,126.8767427591,181404,996,132,31760.0,1.1217582417582417,18.90745054945054,10
123,KP003203,마곡엠밸리11단지아파트,서울특별시 강서구 마곡동 공항대로 124,37.558829,126.820478,271175,1768,54,16131.0,0.0,10.902307692307708,18
124,KP000697,마곡수명산파크6단지,서울특별시 강서구 내발산동 수명로2길 63,37.5498760484,126.8258211289,271175,1768,68,5829.0,2.257274725274725,13.414021978021982,11
125,KP002843,목동2차우성아파트,서울특별시 양천구 신정동 337,37.50749198974,126.8665833558,181404,996,40,29951.0,6.849868131868133,0.0,22
126,KP002510,가로공원 공영주차장,서울특별시 양천구 신월동 263,37.5359873615,126.8290440925,181404,996,264,10262.0,77.18160439560432,0.0,8
127,KP000929,방화동부센트레빌,서울특별시 강서구 방화동 875,37.5744012407,126.8140680039,271175,1768,163,7172.0,3.458813186813187,0.0,20
128,KP003288,마곡엠밸리8단지,서울특별시 강서구 마곡동 마곡서1로 81,37.564076,126.819977,271175,1768,57,11103.0,19.391978021978016,0.0,22
129,PW012551,신정숲속마을아파트,서울특별시 양천구 신정동 1324,37.506123778,126.83393067,181404,996,5,32274.0,14.53081318681317,0.0,0
130,KP000707,푸른마을2단지,서울특별시 양천구 신정동 1281,37.5135083255,126.8360674722,181404,996,88,32274.0,7.749428571428569,21.01323076923076,13
131,KP002654,마곡수명산파크7단지,서울특별시 강서구 내발산동 수명로2가길 22,37.5476645873,126.821919941,271175,1768,17,5829.0,5.098593406593404,16.426593406593415,8
132,KP002352,강서한강자이아파트,서울특별시 강서구 가양동 양천로55길 55,37.5664707563,126.8481216583,271175,1768,112,86397.0,2.7597802197802204,5.803516483516485,13
133,KP004046,미주진로아파트,"서울특별시 강서구 공항대로 351-21 (등촌동, 미주진로아파트)",37.56018,126.84705,271175,1768,231,2358.0,0.0,13.390505494505494,7
134,KP000928,목동삼성쉐르빌1,서울특별시 양천구 신정동 318-10,37.5229427348,126.8701243493,181404,996,394,9151.0,1.3384395604395607,0.6692527472527472,24
135,KP000705,염창힐스테이트 아파트,서울특별시 강서구 염창동 306,37.5516160358,126.8733338342,271175,1768,113,13614.0,0.0,10.88408791208791,21
136,KP000708,한사랑2차삼성 아파트,서울특별시 강서구 공항대로59길 64,37.5613619067,126.8139781759,271175,1768,70,11103.0,0.2984395604395605,1.4031868131868128,5
137,KP003324,신월코아루1단지아파트,서울특별시 양천구 신월동 남부순환로56길 9,37.531844,126.82983,181404,996,203,37196.0,0.0,3.5640512820512824,4
138,KP000706,우당 아파트,서울특별시 양천구 신월동 506-1,37.523063902,126.8478476951,181404,996,230,21564.0,0.0,0.0112307692307692,10
139,KP002676,신정뉴타운두산위브아파트,서울특별시 양천구 신월로20길 7,37.5129548999,126.827074251,181404,996,17,22955.0,6.2368131868131895,0.0,6
140,KP000704,신월해주 아파트,서울특별시 양천구 신월동 217-8,37.5270574059,126.8346395361,181404,996,129,37196.0,0.0,1.6511978021978015,10
141,KP004042,서울남부출입국 외국인사무소,"서울특별시 강서구 마곡서1로 48 (마곡동, 서울남부출입국관리사무소)",37.561156350419,126.8211838432,271175,1768,90,16131.0,34.484043956043934,0.0,23
142,KP004040,마곡 이웰메디파크,서울특별시 강서구 마곡중앙4로 74 (마곡동),37.557883163419,126.834883242,271175,1768,518,2358.0,9.435538461538458,0.0,18
143,KP004043,강서수도사업소,서울특별시 양천구 목동동로 155 (신정동),37.495803083699,126.8906226905,181404,996,0,21343.0,10.22789010989011,0.0,16
144,KP004053,등마루 공영주차장,"서울특별시 양천구 목동중앙북로8다길 지하 4 (목동, 목3동 등마루 공영주차장)",37.545968011794,126.865487897,181404,996,218,7948.0,45.95316483516481,0.0,11
145,KP004041,한국방송광고진흥공사,"서울특별시 양천구 목동동로 233 (목동, 한국방송회관)",37.527003957169,126.8713198837,181404,996,415,5065.0,5.993010989010988,0.0,29
146,KP004047,신정동일하이빌아파트2단지,"서울특별시 양천구 신정로11길 20 (신정동, 동일하이빌아파트)",37.51191722058,126.8387340678,181404,996,32,32274.0,0.0,23.72824175824176,11
147,KP004627,한국공항공사 고객전용주차장,"서울특별시 강서구 하늘길 78 (과해동, 한국공항공사)",37.561810793,126.79866127,271175,1768,50,6044.0,0.0892307692307692,0.0,2
148,KP004629,강서경찰서 민원인주차장,"서울특별시 강서구 화곡로 308 (화곡동, 서울강서경찰서)",37.551278229,126.85001114,271175,1768,468,8019.0,47.36604395604396,0.0,11
149,KP005164,양천구청 지하주차장,"서울특별시 양천구 목동동로 105 (신정동, 양천구청)",37.517105,126.866302,181404,996,97,15205.0,6.86225274725275,0.0,12
150,KP000936,은천2단지 아파트,서울특별시 관악구 봉천동 인헌12길 46-1,37.4706639492,126.9645625253,276597,762,79,19848.0,32.48254945054943,19.422417582417573,7
151,KP002617,관악동작 견인차량 보관소,서울특별시 관악구 신사로 7,37.4846968754,126.904065304,276597,762,160,2661.0,174.87334065934138,0.0,14
152,KP000714,이수힐스테이트,서울특별시 동작구 동작동 동작대로39길 22,37.49463472,126.9819657575,184812,719,7,45346.0,20.67164835164836,40.717362637362655,14
153,KP000933,서울대입구아이원,서울특별시 관악구 봉천동 청룡길 78,37.4783116175,126.945375416,276597,762,336,33691.0,5.381846153846152,24.16701098901099,8
154,KP001272,대우신림2차푸르지오,서울특별시 관악구 신림동 난곡로 66,37.4610661511,126.9198746198,276597,762,28,7285.0,21.84771428571428,0.0,7
155,KP000932,상도대림 아파트,서울특별시 동작구 상도동 상도로60길 20,37.4931852401,126.9532620463,184812,719,138,9089.0,0.0,5.359824175824175,10
156,KP000711,보라매삼성 아파트,서울특별시 관악구 봉천동 보라매로 62,37.4933922804,126.9278189979,276597,762,141,22049.0,9.102065934065934,12.117252747252747,16
157,KP001274,상도파크자이,서울특별시 동작구 상도동 장승배기로 11,37.4995058611,126.9431253448,184812,719,156,18149.0,16.36705494505494,28.037802197802208,7
158,KP000019,관악동작지사,서울특별시 동작구 동작대로 19,37.47830829,126.9809567,184812,719,246,47921.0,88.14404395604409,1.5623912087912075,7
159,KP001277,흑석한강센트레빌,서울특별시 동작구 흑석동 흑석한강로 2,37.5051797465,126.9645145496,184812,719,122,8567.0,13.160813186813192,11.895091575091577,9
160,KP000935,신림서초 아파트,서울특별시 관악구 신림동 호암로16길 5,37.4640220022,126.9322465795,276597,762,69,3174.0,0.0,5.299043956043958,4
161,KP001271,대방성원 아파트,서울특별시 동작구 대방동 여의대방로44길 9,37.509731742,126.9259166877,184812,719,84,10003.0,5.453824175824176,11.714615384615383,8
162,KP000710,관악벽산블루밍,서울특별시 관악구 봉천동 은천로 93,37.4872820001,126.945246769,276597,762,155,9089.0,35.516879120879146,0.0,7
163,KP001809,숲속마을신동아파밀리에,서울특별시 동작구 신대방동 여의대방로10길 100,37.4915778003,126.9145364705,184812,719,6,4428.0,0.0,5.40142857142857,9
164,KP000934,신대방현대 아파트,서울특별시 동작구 신대방동 여의대방로 28,37.4952734403,126.911691628,184812,719,22,10662.0,9.662813186813189,15.448219780219784,14
165,KP001273,동작상떼빌 아파트,서울특별시 동작구 신대방동 신대방1가길 38,37.487899553,126.906937744,184812,719,122,2661.0,17.98481318681319,12.91545787545786,13
166,KP001276,신림쌍용 아파트,서울특별시 관악구 신림동 미성길 122,37.472827882,126.9121747586,276597,762,165,7332.0,4.747032967032968,16.152527472527485,4
167,KP000712,사당롯데캐슬샤인,서울특별시 동작구 사당동 사당로27길 190,37.4909601775,126.9715998344,184812,719,26,45346.0,7.649428571428573,26.55670329670329,9
168,KP003234,봉천건영6차아파트,서울특별시 관악구 봉천동 1701,37.4771034996,126.9519063577,276597,762,584,35398.0,0.0,14.359340659340658,8
169,KP002259,신동아 아파트,서울특별시 관악구 신림동 신림로 11길 151,37.46433097545,126.940475311,276597,762,16,8341.0,0.0,0.6285714285714287,5
170,KP004048,신림 주공2단지,서울특별시 관악구 신림동 광신길 86,37.46425,126.92662,276597,762,24,3174.0,0.0,22.523692307692343,4
171,KP001270,관악동부센트레빌 아파트,서울특별시 관악구 봉천동 은천로33길 5,37.4872985885,126.9501540148,276597,762,240,9089.0,14.706857142857144,28.22571428571427,7
172,KP002636,대우유로카운티,서울특별시 동작구 상도동 양녕로 287,37.5054012556,126.9493141059,184812,719,107,2515.0,0.0,7.401098901098904,12
173,KP000342,서울시여성가족재단,서울특별시 동작구 대방동 345-1,37.51285934813,126.928467032,184812,719,104,61711.0,39.43714285714283,0.0,9
174,KP001275,신림동부센트레빌,서울특별시 관악구 신림동 미성3길 16,37.4729532457,126.9160634915,276597,762,196,9944.0,0.0,1.507032967032967,4
175,KP002274,래미안상도3차아파트,서울특별시 동작구 대방동 상도로 53길 8,37.5000083801,126.92637413,184812,719,291,22049.0,3.352087912087913,2.13356043956044,4
176,KP001810,청광 아파트,서울특별시 관악구 신림로3가길 45-24,37.467697029,126.94203825,276597,762,19,8341.0,0.0,1.2274725274725276,6
177,KP000931,보라매아카데미타워 아파트,서울특별시 동작구 신대방동 보라매로5가길 16,37.4912743812,126.9240940365,184812,719,101,22049.0,0.0,8.556263736263736,16
178,KP000713,상도래미안1차 아파트,서울특별시 동작구 상도동 등용로 37,37.5051697239,126.9330779992,184812,719,184,18149.0,2.529098901098901,7.482857142857141,1
179,KP004054,관악구 평생학습관,"서울특별시 관악구 남부순환로 1546 (신림동, 관악문화정보센터)",37.484478416765,126.9336329584,276597,762,307,14739.0,1.6900000000000002,0.0,6
180,KP004525,빙수골 장미주차장,"서울특별시 동작구 국사봉16길 28 (상도동, 빙수골장미공영주차장)",37.493303809,126.9336732,184812,719,6,22049.0,6.25017582417582,0.0,4
181,KP004524,관악구 종합체육센타,"서울특별시 관악구 낙성대로3길 37 (봉천동, 관악구민종합체육센터)",37.482950598,126.92242741,276597,762,688,3170.0,66.21690109890102,0.0,4
182,KP004044,대방중간집하장 공영주차장,"서울특별시 동작구 노량진로 47 (대방동, 대방차고쓰레기처리시설)",37.513748188152,126.930734046,184812,719,166,61711.0,1.6719780219780225,0.0,8
183,KP002675,리첸시아방배,서울특별시 서초구 방배동 755-14,37.4972769868,126.9857331315,170244,3546,183,272.0,0.0,8.986483516483519,17
184,KP000723,서초네이처힐7단지,서울특별시 서초구 우면동 735,37.4610734048,127.0211322702,170244,3546,19,16141.0,0.0,18.661373626373624,12
185,KP000722,서초네이처힐6단지,서울특별시 서초구 우면동 737,37.4611517998,127.0256490145,170244,3546,20,44215.0,12.611450549450552,22.639494505494515,9
186,KP000102,서초지사,서울특별시 서초구 효령로 72길 60,37.48560466,127.028077,170244,3546,260,41407.0,36.151725274725344,1.3038021978021987,10
187,KP000726,서초포레스타5단지,서울특별시 서초구 신원동 374,37.4511428681,127.0576833777,170244,3546,7,38143.0,3.953956043956044,13.295443223443224,9
188,KP000716,래미안서초스위트 아파트,서울특별시 서초구 서초동 1301-6,37.5020983625,127.0198681406,170244,3546,415,73345.0,2.565252747252747,18.24813186813189,17
189,KP001278,반포리체 아파트,서울특별시 서초구 반포동 30-26,37.5044672196,127.0124541711,170244,3546,75,20182.0,20.080483516483515,32.18318681318668,24
190,KP000340,예술의 전당,서울특별시 서초구 서초동 산 130-19,37.478856,127.011318,170244,3546,55,10507.0,89.73228571428558,0.0,20
191,KP000725,서초롯데캐슬프레지던트,서울특별시 서초구 서초동 1681-8,37.496973514,127.019418966,170244,3546,279,7479.0,0.0,10.981692307692304,27
192,KP003015,현대멤피스(A),서울특별시 서초구 방배동 774-19,37.49464638455,126.9888727756,170244,3546,149,16332.0,0.0,11.835395604395604,20
193,KP000720,서초경남아너스빌201동,서울특별시 서초구 서초동 1456-2,37.4838195485,127.0141783796,170244,3546,373,41074.0,0.0,6.796285714285717,26
194,KP002988,현대멤피스(B),서울특별시 서초구 방배동 772-13,37.49521397652,126.98843167,170244,3546,167,16332.0,0.0,5.58874725274725,22
195,KP000718,방배동부센트레빌 아파트,서울특별시 서초구 방배동 3275,37.4973457271,126.9881169632,170244,3546,107,17839.0,0.0,15.284538461538473,20
196,KP000727,서초힐스 아파트,서울특별시 서초구 우면동 773,37.4576068928,127.0175687231,170244,3546,13,24618.0,12.637934065934056,24.26617582417583,7
197,S1100001,아크로리버파크,서울특별시 서초구 반포동 2-12,37.506252,126.9926731,170244,3546,15,28922.0,0.0,21.710329670329667,4
198,KP002717,서초더샵포레,서울특별시 서초구 내곡동 77,37.45392176545,127.0643310989,170244,3546,2,23477.0,10.96821978021978,25.558681318681334,7
199,KP002512,서울시립어린이병원,서울특별시 서초구 내곡동 6-7,37.4557176389,127.068853552,170244,3546,4,23477.0,45.1489670329671,0.0,2
200,KP003151,LH서초4단지 아파트,서울특별시 서초구 우면동 788,37.45822562472,127.024165105,170244,3546,4,6513.0,0.0,23.71008791208787,5
201,KP003338,삼창골든빌리지 입주자대표회의,서울특별시 서초구 반포동 동광로32길 7,37.493953,126.997425,170244,3546,85,16332.0,0.0,11.548714285714285,14
202,KP003150,서초동일하이빌,서울특별시 서초구 서초동 1542-1,37.49157868738,127.0083026731,170244,3546,668,41074.0,0.0,19.30832967032967,12
203,KP003850,신세계 강남점,서울특별시 서초구 반포동 19-3,37.504017347023,127.0024937597,170244,3546,280,37364.0,61.632472527472686,0.0,8
204,KP000717,방배3차e편한세상,서울특별시 서초구 방배동 797-30,37.494387147,126.9919893308,170244,3546,142,16332.0,0.0,19.372307692307725,21
205,KP003194,서초2차e편한세상아파트,서울특별시 서초구 서초동 1529,37.48631222642,127.0092490429,170244,3546,462,41074.0,0.0,12.764483516483516,19
206,KP000721,서초네이처힐1단지,서울특별시 서초구 우면동 707,37.4641083573,127.0191075276,170244,3546,24,2196.0,0.0,6.477736263736259,10
207,KP002356,방배1차 e편한세상,서울특별시 서초구 방배동 884-2,37.4872478308,126.9990140262,170244,3546,39,10899.0,0.0,7.708241758241758,10
208,KP002052,남서울농협 하나로마트 우면점,서울특별시 서초구 우면동 763,37.45685749231,127.0158573549,170244,3546,12,24618.0,22.060681318681315,0.0,5
209,KP000937,롯데캐슬헤론,서울특별시 서초구 방배동 754-1,37.4969957466,126.984724466,170244,3546,199,45346.0,13.044373626373623,6.72357142857143,15
210,KP002355,반포미도아파트,서울특별시 서초구 반포동 60-4,37.4999733383,127.0087078977,170244,3546,99,56400.0,13.179670329670325,0.0,9
211,KP000724,서초롯데캐슬84,서울특별시 서초구 서초동 1642-14,37.4926055935,127.0184136982,170244,3546,158,7479.0,0.0,8.701406593406588,22
212,KP000719,방배아이파크 아파트,서울특별시 서초구 방배동 3277,37.4914635743,126.9848070079,170244,3546,275,16332.0,0.0,5.958230769230771,12
213,KP002981,방배롯데캐슬포레스트,서울특별시 서초구 방배동 844-1,37.49182668407,126.9958726786,170244,3546,40,16332.0,0.0,8.757197802197805,19
214,KP003767,국립 중앙도서관,서울특별시 서초구 반포동 산 94-1,37.497059314057,127.0030787442,170244,3546,40,56400.0,15.33536263736266,0.0,7
215,KP003682,서초아크빌,서울특별시 서초구 반포대로22길 86,37.49068177836,127.0128453848,170244,3546,581,41074.0,0.0,4.296021978021979,20
216,KP000715,래미안서초7차 아파트,서울특별시 서초구 서초동 1642-34,37.4877842236,127.0120262532,170244,3546,513,41074.0,0.0,2.4673296703296708,18
217,KP004058,태남빌딩 주차장,서울특별시 서초구 잠원로3길 40,37.508200233894,127.0036390565,170244,3546,295,50505.0,2.3560879120879115,0.0,8
218,KP004056,반포동방음언덕형 공영주차장,서울특별시 서초구 주흥5길 20 (반포동),37.498091006211,126.9996918386,170244,3546,184,56400.0,8.631714285714288,0.0,12
219,KP004059,잠원동방음언덕형 공영주차장,서울특별시 서초구 잠원동 10-33,37.516202344963,127.0162318685,170244,3546,279,54327.0,42.987230769230784,0.0,15
220,KP000938,서초리젠 아파트,서울특별시 서초구 서초동 1444-19,37.4843053021,127.0196960903,170244,3546,159,71526.0,0.0,0.0061648351648351,16
221,KP002962,현대ESA아파트,서울특별시 서초구 서초동 1338,37.49088602217,127.0295128041,170244,3546,192,11333.0,0.0,5.233560439560441,20
222,KP000528,월드메르디앙 아파트,서울특별시 서초구 서초동 1549-3,37.4901990746,127.0104481156,170244,3546,715,41074.0,0.3815164835164835,0.0,18
223,ST116515,구룡공원 공영주차장,서울특별시 서초구 양재동 399,37.4716396,127.0485046,170244,3546,38,11288.0,6.344021978021975,0.0,5
224,KP004617,동산마을 공영주차장,"서울특별시 서초구 강남대로8길 77 (양재동, 동산마을구립주차장)",37.470090886,127.04430893,170244,3546,136,44044.0,23.329472527472536,0.0,3
225,KP004613,대한무역투자진흥공사,"서울특별시 서초구 헌릉로 13 (염곡동, 대한무역투자진흥공사(코트라))",37.465214569,127.04466925,170244,3546,53,16485.0,3.3029560439560446,0.0,3
226,KP004612,방배복개도로 제2지역 공영주차장,"서울특별시 서초구 동작대로 22-2 (방배동, 가로분식점)",37.478409455,126.9819709,170244,3546,290,47921.0,19.77729670329672,0.0,6
227,KP005178,한국연구재단,"서울특별시 서초구 헌릉로 25 (염곡동, 한국연구재단)",37.464997748,127.04570951,170244,3546,21,16485.0,2.449274725274725,0.0,4
228,KP005182,양재하이브랜드,"서울특별시 서초구 매헌로 16 (양재동, 하이브랜드)",37.463367077,127.03701594,170244,3546,98,54707.0,0.2486648351648352,0.0,7
229,KP000944,강남아이파크,서울특별시 강남구 자곡동 자곡로 175,37.4742504351,127.1025415943,234233,11736,54,7381.0,45.74206593406597,38.11824175824177,10
230,KP000743,타워팰리스1차,서울특별시 강남구 도곡동 언주로30길 56,37.4880682608,127.0534828799,234233,11736,79,11652.0,45.61481318681317,30.27434065934062,23
231,KP002891,역삼래미안,서울특별시 강남구 역삼동 757,37.4981410336,127.050493262,234233,11736,298,11652.0,4.296615384615384,13.883681318681306,24
232,KP003147,개나리푸르지오,서울특별시 강남구 역삼동 755-1,37.4996776391,127.0495726208,234233,11736,516,15278.0,0.0,10.794029304029314,24
233,KP001284,개나리래미안 아파트,서울특별시 강남구 역삼동 역삼로 306,37.4989768233,127.0469586923,234233,11736,403,15278.0,8.852637362637358,18.17659340659344,30
234,KP002872,세곡푸르지오아파트,서울특별시 강남구 세곡동 533,37.4673544518,127.093427902,234233,11736,43,26389.0,12.893472527472529,21.909670329670345,5
235,KP000740,래미안대치하이스턴 아파트,서울특별시 강남구 대치동 도곡로93길 12,37.5015124522,127.0654756841,234233,11736,84,1401.0,9.103230769230771,32.44197802197804,12
236,KP002820,압구정하이츠파크,서울특별시 강남구 신사동 압구정로42길 78,37.524086963,127.033598412,234233,11736,1169,13261.0,0.0,21.600989010989,6
237,KP002357,LH강남힐스테이트,서울특별시 강남구 자곡동 자곡로3길 21,37.4717680762,127.0881179237,234233,11736,12,26389.0,28.29129670329668,33.09379120879125,4
238,KP000947,도곡렉슬 아파트,서울특별시 강남구 도곡동 선릉로 221,37.4942075612,127.0497329724,234233,11736,127,11652.0,53.894681318681286,48.19120879120873,17
239,KP000955,타워팰리스G동,서울특별시 강남구 도곡동 언주로30길 26,37.4877623464,127.0525283412,234233,11736,76,11652.0,58.76371428571428,36.070648351648366,24
240,KP001814,강남한양수자인,서울특별시 강남구 자곡동 자곡로 260,37.475905,127.112986,234233,11736,5,7381.0,22.86564835164835,38.90236263736267,3
241,KP002507,강남구청 공영주차장,서울특별시 강남구 삼성동 16-1,37.51793074154,127.0471300614,234233,11736,141,10501.0,202.47397802197816,0.0,18
242,KP000531,강남한신휴플러스6단지 아파트,서울특별시 강남구 율현동 밤고개로26길 50,37.4678116186,127.1048207502,234233,11736,31,4632.0,2.976395604395605,8.497032967032967,9
243,KP003768,대치2문화센터 공영주차장,서울특별시 강남구 영동대로65길 24,37.502333059827,127.0642142814,234233,11736,107,1401.0,55.08881318681309,0.0,13
244,KP000337,LH서울지사,서울특별시 강남구 선릉로 121길 12,37.514473,127.040862,234233,11736,360,5456.0,200.6481098901095,0.0,14
245,KP000953,청담파크파라곤,서울특별시 강남구 청담동 학동로97길 31,37.521379742,127.0545473694,234233,11736,133,10501.0,0.0,20.00835164835164,15
246,KP000736,가람아파트,서울특별시 강남구 일원동 일원로 127,37.4831588428,127.085381578,234233,11736,21,39408.0,6.825956043956047,0.0,8
247,KP000742,샘터마을 아파트,서울특별시 강남구 일원동 일원로 120,37.4852006506,127.0826748096,234233,11736,40,39408.0,9.303274725274727,0.0,8
248,KP000336,강남세브란스 병원,서울특별시 강남구 언주로 211,37.492949,127.046255,234233,11736,59,15278.0,55.768736263736365,0.0,15
249,KP000946,대치현대 아파트,서울특별시 강남구 대치동 삼성로64길 5,37.500448308,127.0605123535,234233,11736,281,1401.0,8.414417582417581,23.188813186813203,8
250,KP002359,래미안강남힐즈,서울특별시 강남구 자곡동 자곡로 101,37.4726558946,127.0958062553,234233,11736,21,26389.0,17.375340659340655,25.11274725274724,5
251,KP001286,세곡리엔파크3단지,서울특별시 강남구 세곡동 헌릉로590길 11,37.4643883571,127.104164884,234233,11736,31,4632.0,36.16586813186816,31.90021978021979,13
252,KP000739,래미안그레이튼,서울특별시 강남구 역삼동 도곡로43길 20,37.4968641934,127.0486174555,234233,11736,220,15278.0,13.68274725274725,36.39692307692307,22
253,KP001816,삼성동힐스테이트2단지,서울특별시 강남구 삼성로 111길 8,37.513789,127.051413,234233,11736,443,1401.0,20.56971428571427,22.869816849816885,12
254,SF000830,청담래미안로이뷰,서울특별시 강남구 청담동 영동대로142길 16,37.52475781,127.056212,234233,11736,95,3310.0,0.0,21.232747252747263,13
255,KP003679,우정에쉐르 3차,서울특별시 강남구 영동대로85길 17,37.50687518967,127.0622276123,234233,11736,251,1401.0,0.0,0.1625934065934065,14
256,KP000951,아이파크삼성동,서울특별시 강남구 삼성동 영동대로 640,37.5183968081,127.0595495102,234233,11736,112,86422.0,51.35782417582421,0.0,11
257,KP002508,헌릉로745길 노상주차장,서울특별시 강남구 율현동 101-13,37.4702566872,127.1184618819,234233,11736,10,31577.0,104.55727472527474,0.0,0
258,KP003323,역삼2차아이파크아파트,서울특별시 강남구 역삼동 도곡로57길 12,37.496746,127.051602,234233,11736,247,11652.0,0.0,11.130439560439562,21
259,SF001673,강남데시앙포레,서울특별시 강남구 수서동 광평로34길55,37.480849078,127.09236666,234233,11736,11,34585.0,37.2506153846154,37.09120879120884,3
260,KP000952,청담자이 아파트,서울특별시 강남구 청담동 영동대로138길 12,37.5241030942,127.0572508006,234233,11736,76,13335.0,29.378065934065933,27.77052747252745,12
261,KP000954,타워팰리스 2차,서울특별시 강남구 도곡동 언주로30길 57,37.4894771854,127.0540356842,234233,11736,70,11652.0,22.309758241758235,26.871406593406565,24
262,KP003233,삼성동한일아파트,서울특별시 강남구 삼성동 48,37.51394035345,127.0500344955,234233,11736,302,10501.0,0.0,10.03002197802199,19
263,KP002900,역삼e-편한세상,서울특별시 강남구 역삼동 755-4,37.4988525999,127.051025254,234233,11736,362,11652.0,6.562923076923077,21.26417582417584,20
264,KP000945,개포7차 우성 아파트,서울특별시 강남구 일원동 개포로110길 15,37.4932436794,127.0791148884,234233,11736,206,23106.0,16.03228571428572,17.932989010989004,16
265,KP001817,세곡리엔파크2단지 아파트,서울특별시 강남구 세곡동 헌릉로 590길10,37.4765488043,127.111607161,234233,11736,5,7381.0,10.54421978021978,0.0,5
266,SF001228,삼성동현대아파트,서울특별시 강남구 삼성동 학동로64길 14,37.516764109,127.04461037,234233,11736,188,10501.0,0.0,17.68835164835167,21
267,KP000948,래미안대치팰리스,서울특별시 강남구 대치동 삼성로51길 37,37.4934362819,127.0576977958,234233,11736,108,11652.0,33.75783516483518,0.0,10
268,KP000737,강남한신휴 플러스8단지,서울특별시 강남구 율현동 밤고개로27길 20,37.4709029988,127.1097674257,234233,11736,8,4632.0,0.0,6.385494505494503,5
269,KP002881,삼성우정에쉐르아파트,서울특별시 강남구 삼성동 3-8,37.51728078263,127.0445110245,234233,11736,189,10501.0,0.0,3.5158241758241755,21
270,KP000949,삼성중앙하이츠빌리지,서울특별시 강남구 삼성동 학동로68길 30,37.5165790324,127.0465082121,234233,11736,153,10501.0,0.0,29.100571428571413,20
271,KP000741,삼성동 에스케이뷰 아파트,서울특별시 강남구 삼성동 봉은사로109길 14-8,37.5163180973,127.064864227,234233,11736,87,83502.0,0.0,7.940131868131864,13
272,KP000532,도성 아파트,서울특별시 강남구 삼성로67길 14,37.5011341757,127.0583189354,234233,11736,289,1401.0,0.0,1.244153846153846,6
273,KP002982,아크로힐스논현,서울특별시 강남구 논현동 276-1,37.50957023378,127.0387042079,234233,11736,400,15278.0,4.301340659340658,14.467791208791224,7
274,KP002968,래미안삼성1차,서울특별시 강남구 삼성동 103-22,37.51716374633,127.0639328871,234233,11736,91,10712.0,0.0,9.148681318681318,15
275,KP002892,현대까르띠에710아파트,서울특별시 강남구 역삼동 710,37.50152205273,127.0449314174,234233,11736,684,15278.0,0.0,13.911758241758228,33
276,KP000738,도곡대림아크로빌,서울특별시 강남구 도곡동 언주로30길 13,37.4881415795,127.0506742304,234233,11736,83,11652.0,42.0658461538462,0.0,23
277,KP001285,삼성파크 아파트,서울특별시 강남구 삼성동 삼성로99길 14,37.5092129203,127.0538237005,234233,11736,873,1401.0,0.0,9.756703296703297,10
278,KP003148,세곡리엔파크1단지,서울특별시 강남구 세곡동 508,37.46410010438,127.1009689711,234233,11736,67,26389.0,0.0,1.6856410256410257,12
279,KP001815,금호어울림 아파트(삼성동),서울특별시 강남구 삼성동 봉은사로111길 25,37.5167326431,127.0647107496,234233,11736,85,10712.0,0.0,3.492087912087911,15
280,KP003296,라테라스삼성,서울특별시 강남구 삼성동 봉은사로 645,37.515489,127.065721,234233,11736,98,83502.0,0.0,0.6654725274725275,13
281,KP005264,공무원연금공단 서울지부(상록회관),"서울특별시 강남구 언주로 508 (역삼동, 공무원연금공단)",37.504099826,127.04294445,234233,11736,667,15278.0,1.823538461538461,0.0,24
282,KP001280,개봉영화 아파트,서울특별시 구로구 개봉동 475,37.4969765268,126.8582185106,180929,3790,168,40957.0,4.338087912087912,18.27824175824176,9
283,KP001812,신도림동아1차 아파트,서울특별시 구로구 신도림로 87,37.510895,126.88338,180929,3790,160,6509.0,20.22984615384615,19.18373626373629,14
284,KP003028,고척스카이돔,서울특별시 구로구 고척동 63-6,37.4985266401,126.866274181,180929,3790,167,41553.0,89.25587545787573,0.0,8
285,KP002351,천왕연지타운1단지,서울특별시 구로구 오류동 오류로 30,37.4864295233,126.8400162357,180929,3790,50,13425.0,6.601912087912087,11.982857142857153,12
286,KP000221,구로구청 주차장,서울특별시 구로구 구로동 435,37.495709,126.887667,180929,3790,277,21343.0,167.94091428571474,0.0,11
287,KP000735,오류푸르지오,서울특별시 구로구 오류동 346,37.49128563,126.8411140273,180929,3790,143,31712.0,10.63243956043956,21.185934065934067,13
288,KP000733,신구로자이 아파트,서울특별시 구로구 구로동 501,37.4999888818,126.8840967467,180929,3790,329,6330.0,0.0,9.231098901098894,9
289,KP002349,구로삼성래미안,서울특별시 구로구 구로동 256-1,37.4887518404,126.8920337159,180929,3790,303,21792.0,10.602461538461537,23.347142857142828,25
290,KP000217,고척근린공원 지하주차장,서울특별시 구로구 고척로 45길 39,37.506105,126.85316,180929,3790,96,24765.0,66.60828571428578,0.0,4
291,KP000219,지식산업센터(동일테크노타운8차),서울특별시 금천구 범안로 17길 1,37.469394,126.89343,117595,550,416,31736.0,100.53734065934036,0.0,11
292,KP003608,항동하버라인3단지,서울특별시 구로구 항동 119-12,37.47964958181,126.8242612472,180929,3790,18,16479.0,0.0,10.541204395604408,7
293,KP002971,고척파크푸르지오,서울특별시 구로구 고척동 339,37.50768066768,126.8583860162,180929,3790,93,12296.0,1.9946813186813184,12.96885714285716,9
294,KP003264,메이퀸 웨딩홀,서울특별시 금천구 독산동 152-1,37.47264941022,126.89753859628,117595,550,494,6640.0,17.203999999999994,0.0,11
295,KP000730,고척벽산블루밍 아파트,서울특별시 구로구 고척동 경인로 390,37.4944609534,126.8643884522,180929,3790,50,41553.0,17.747802197802205,30.22725274725277,5
296,KP000218,지식산업센터(대륭테크노타운2차),서울특별시 금천구 가산디지털1로 33-33,37.468697,126.884634,117595,550,141,6711.0,53.76307692307696,0.0,21
297,KP003193,신도림7차e-편한세상아파트,서울특별시 구로구 신도림동 신도림로 56-13,37.508273,126.882458,180929,3790,261,30057.0,0.0,6.582644688644689,19
298,KP000395,구로4동 주택가 공동,서울특별시 구로구 구로동 741-44,37.489959,126.88704,180929,3790,459,7913.0,70.82329670329669,0.0,6
299,KP002624,남서울힐스테이트아파트,서울특별시 금천구 시흥동 시흥대로 165,37.446617,126.90216,117595,550,138,33558.0,4.563824175824172,14.093956043956036,6
300,KP000529,롯데 아파트,서울특별시 구로구 구로동 1263,37.5028635877,126.8827758903,180929,3790,307,30057.0,8.085758241758244,8.794857142857143,13
301,KP000941,신도림 쌍용플래티넘노블,서울특별시 구로구 구로동 46-7,37.5011166315,126.8913554617,180929,3790,158,14397.0,0.0,24.7448021978022,12
302,KP001282,천왕이펜하우스2단지,서울특별시 구로구 천왕동 천왕로 92,37.4852303582,126.8380876043,180929,3790,47,13425.0,1.886087912087912,5.450476190476189,13
303,KP004049,구로중앙하이츠아파트,"서울특별시 구로구 구로동로47길 24 (구로동, 구로중앙하이츠아파트)",37.49877,126.88051,180929,3790,259,6330.0,0.0,7.386912087912091,6
304,KP002882,동아한신아파트,서울특별시 구로구 고척동 327,37.50094935112,126.8653990608,180929,3790,175,41553.0,0.5401978021978022,6.495714285714284,11
305,KP000729,고척LIG리가 아파트,서울특별시 구로구 고척동 340,37.5060479122,126.8613093077,180929,3790,104,29951.0,0.1991648351648351,4.2489010989011,20
306,KP000943,천왕이펜하우스4단지 아파트,서울특별시 구로구 천왕동 천왕로 29,37.4808016977,126.8385946272,180929,3790,17,13425.0,5.278241758241758,11.384692307692308,6
307,KP001283,천왕이펜하우스5단지,서울특별시 구로구 천왕동 천왕로 10,37.4807272296,126.8421629753,180929,3790,7,13425.0,0.3401098901098901,7.121465201465206,9
308,KP002348,개봉대상아파트,서울특별시 구로구 개봉동 477,37.482322744,126.8496308133,180929,3790,41,13425.0,0.0,0.4065934065934066,2
309,KP004609,구로리공원,"서울특별시 구로구 구로중앙로 13 (구로동, 구로리공원)",37.49052,126.89152,180929,3790,240,21792.0,19.01934065934067,0.0,14
310,KP001281,경남1차 아파트,서울특별시 구로구 고척동 경인로47길 150,37.505815074,126.8625266763,180929,3790,98,29951.0,0.0,0.0317582417582417,22
311,KP002877,근상프리즘아파트,서울특별시 구로구 구로동 1283,37.4982934425,126.875491186,180929,3790,139,10697.0,0.0,0.1894505494505494,9
312,KP000939,구로성호메이플라워,서울특별시 구로구 구로동 가마산로 283,37.4969035545,126.8913841824,180929,3790,130,14397.0,0.0,1.6597692307692309,19
313,KP005242,금나래체육문화센타,"서울특별시 금천구 시흥대로79길 32 (독산동, 금나래 문화체육센터)",37.458988891,126.89617264,117595,550,207,23873.0,1.2240219780219777,0.0,15
314,KP000325,강남전력지사,서울특별시 서초구 서초동 1355,37.485861,127.028034,170244,3546,265,41407.0,0.0,3.1210549450549463,10
315,KP000788,장안힐스테이트 아파트,서울특별시 동대문구 장안동 장안벚꽃로1길 7,37.5763369083,127.0745748983,168219,662,64,64169.0,26.226989010989023,5.775318681318681,13
316,KP000284,배봉공영주차장,서울특별시 동대문구 망우로 18나길 20,37.587354,127.061993,168219,662,121,15243.0,21.253274725274743,0.0,6
317,KP000786,브라운스톤태릉 아파트,서울특별시 중랑구 묵동 공릉로18길 59,37.618650122,127.0814314072,185712,757,50,32748.0,24.30426373626375,0.0,15
318,KP001849,휘경베스트빌현대,서울특별시 동대문구 휘경동 장안벚꽃로5길 19,37.5820674907,127.0741594594,168219,662,24,11834.0,11.586329670329668,13.260879120879109,10
319,KP002725,이문쌍용아파트,서울특별시 동대문구 이문동 한천로58길 47,37.600003,127.068641,168219,662,36,16766.0,14.47041758241759,25.45329670329669,9
320,SF002031,휘경주공1단지,서울특별시 동대문구 휘경동 한천로 248,37.583236036,127.071898,168219,662,42,13132.0,51.60400000000004,20.381208791208778,7
321,KP002430,답십리래미안위브2블럭,서울특별시 동대문구 답십리로 130,37.57282418819,127.052298236,168219,662,185,4856.0,31.953999999999976,27.544549450549468,20
322,KP000978,"면목두산2,3차 아파트",서울특별시 중랑구 면목동 면목로37길 58,37.5807745605,127.0836045576,185712,757,501,57959.0,0.5115384615384616,17.256703296703286,8
323,KP001349,전농sk 아파트,서울특별시 동대문구 전농동 사가정로 148,37.5766579558,127.0615656502,168219,662,130,15698.0,5.532632967032968,0.0,14
324,KP000210,면목3동 공영주차장,서울특별시 중랑구 면목동 1081-1,37.58083326262,127.0936232961,185712,757,61,20171.0,98.80767032967027,0.0,17
325,KP000787,브라운스톤휘경,서울특별시 동대문구 휘경동 망우로20길 86,37.5899977291,127.0655304759,168219,662,37,10706.0,57.20160439560434,0.0,19
326,KP000980,상봉우정 아파트,서울특별시 중랑구 상봉동 상봉중앙로1다길 21,37.5998244991,127.0893920762,185712,757,266,17736.0,12.157120879120876,27.761428571428585,21
327,KP000012,동대문중랑지사,서울특별시 중랑구 동일로 862,37.60746854,127.0792448,185712,757,84,65747.0,39.73476923076926,0.6511062271062272,1
328,KP000785,"면목두산4,5단지 아파트",서울특별시 중랑구 면목동 사가정로42길 90,37.5779580043,127.0810927326,185712,757,258,19313.0,3.653956043956044,14.94137362637362,6
329,KP000578,래미안엘파인 아파트,서울특별시 동대문구 답십리동 한천로37길 33,37.5763240985,127.0658128243,168219,662,288,15698.0,10.636615384615384,18.125725274725283,9
330,KP000209,회기동 공영주차장,서울특별시 동대문구 회기동 1-1,37.59150919098,127.0557958977,168219,662,394,3948.0,31.39513186813185,0.0,11
331,KP000580,묵동자이2단지 아파트,서울특별시 중랑구 묵동 동일로 932,37.6138378513,127.0775571376,185712,757,275,11237.0,2.243098901098902,13.907758241758252,24
332,KP002690,한일써너스빌 아파트,서울특별시 중랑구 상봉동 망우로 346,37.597381,127.091548,185712,757,381,17736.0,4.847142857142858,11.952967032967036,16
333,KP000979,면목두원 아파트,서울특별시 중랑구 면목동 동일로 483,37.5735620653,127.079752197,185712,757,153,23622.0,0.0,4.451098901098904,10
334,KP002961,청솔우성,서울특별시 동대문구 전농로10길 20,37.5745594117,127.060065124,168219,662,155,15698.0,2.0308571428571423,10.31861538461539,12
335,KP003020,동일스위트리버,서울특별시 동대문구 한천로 300,37.5877184463,127.068306949,168219,662,9,15243.0,26.9728131868132,0.0,6
336,SF001865,신내우디안1단지,서울특별시 중랑구 신내동 신내역로1길 85,37.616809089,127.10629372,185712,757,16,61327.0,44.6854285714286,22.2833076923077,4
337,KP000579,묵동자이1단지 아파트,서울특별시 중랑구 묵동 숙선옹주로 6-9,37.6148431359,127.0778889105,185712,757,233,11237.0,0.4904175824175824,7.455659340659341,27
338,KP002429,답십리래미안위브1블럭,서울특별시 동대문구 답십리로 130,37.57280617832,127.0522755835,168219,662,186,4856.0,37.0832967032967,39.17770329670324,20
339,KP002851,신내7단지진로아파트,서울특별시 중랑구 신내동 신내로17길 41,37.464619202,126.94028292,185712,757,0,8341.0,7.872197802197801,19.078571428571426,5
340,KP000790,중랑해모로 아파트,서울특별시 중랑구 망우동 양원역로 6,37.6011960258,127.1084773567,185712,757,27,12010.0,0.0,14.13723076923077,9
341,KP003885,신내건영1차 아파트,서울특별시 중랑구 봉화산로48길 62,37.604091,127.093513,185712,757,238,17736.0,0.0,15.191098901098902,29
342,KP003315,힐스테이트청계,"서울특별시 동대문구 천호대로55길 11 (답십리동, 힐스테이트청계아파트)",37.571543,127.045904,168219,662,139,37747.0,8.766505494505497,0.0,9
343,KP000789,중랑숲리가 아파트,서울특별시 중랑구 망우동 망우로75길 19,37.6017254423,127.104895105,185712,757,78,12010.0,1.2913406593406591,4.1511538461538455,15
344,KP004154,태릉시장 중화공영주차장,"서울특별시 중랑구 중랑역로 9 (중화동, 중랑역사)",37.597533083,127.07477609,185712,757,335,67105.0,50.42603296703295,0.0,10
345,KP004152,우림골목시장 주차장,"서울특별시 중랑구 망우로62길 52-4 (망우동, 우림시장 편의시설)",37.596754519,127.09827458,185712,757,289,12010.0,61.20123076923072,0.0,8
346,KP004145,신내테크노타운,"서울특별시 중랑구 봉화산로 123 (상봉동, 신내테크노타운)",37.604002282,127.08773517,185712,757,99,17736.0,8.550879120879117,0.0,12
347,KP004814,청량리역사(한화역사),"서울특별시 동대문구 왕산로 214 (전농동, 청량리역,롯데백화점)",37.580808811,127.04803007,168219,662,261,8360.0,8.043120879120881,0.0,3
348,KP000583,성수동아이파크 아파트,서울특별시 성동구 성수동2가 성수이로 137,37.5479259223,127.0564723553,134233,1457,240,14429.0,26.115230769230784,18.838516483516475,17
349,KP000582,더샵스타시티 아파트,서울특별시 광진구 자양동 아차산로 262,37.5370003762,127.0729607226,167949,613,218,20573.0,13.845472527472532,20.68880219780219,15
350,KP000288,광진구청 주차장,서울특별시 광진구 자양로 117,37.538612,127.082165,167949,613,438,5290.0,101.95000000000002,0.0,7
351,KP000290,자양2동유수지 공영주차장,서울특별시 광진구 뚝섬로 52길 74,37.529553,127.077544,167949,613,198,25545.0,110.67591208791254,0.0,4
352,KP000216,뚝도충전소,서울특별시 광진구 자양3동 510-8,37.536346,127.069476,167949,613,271,5540.0,209.39454945055,49.658681318681424,21
353,KP000792,리버그린동아 아파트,서울특별시 성동구 응봉동 고산자로4길 34,37.5526549043,127.0368614504,134233,1457,24,94523.0,4.354527472527473,16.60374725274727,21
354,KP000581,광장힐스테이트 아파트,서울특별시 광진구 광장동 아차산로 537-17,37.5429635024,127.0996574054,167949,613,59,14919.0,37.50435164835164,33.652857142857144,4
355,KP002970,센트라스 2획지,서울특별시 성동구 왕십리로 410,37.56663445779,127.0241293381,134233,1457,226,12476.0,4.790153846153845,11.801153846153852,25
356,KP000289,강변테크노마트 주차장,"서울특별시 광진구 광나루로56길 85 (구의동, 테크노-마트21)",37.535175,127.095752,167949,613,85,6798.0,43.93695384615378,36.41472527472528,16
357,KP003337,e편한세상 금호파크힐스,서울특별시 성동구 금호동1가 금호로 140,37.554215,127.022719,134233,1457,110,576.0,18.66624175824175,24.7652307692308,19
358,SF001653,행당한진타운,서울특별시 성동구 행당동 행당로 82,37.554808881,127.02739971,134233,1457,84,25385.0,16.67368131868134,29.780560439560443,21
359,KP003006,센트라스 1획지,서울특별시 성동구 하왕십리동 843,37.565664,127.024945,134233,1457,254,12476.0,3.073604395604395,14.74675457875456,30
360,KP000791,금호자이1차,서울특별시 성동구 금호동2가 금호로 117,37.5530587557,127.0214343499,134233,1457,156,576.0,3.819890109890108,12.782131868131858,26
361,KP002996,센트라스 6획지,서울특별시 성동구 하왕십리동 674-1,37.565357,127.028545,134233,1457,484,31483.0,1.3072087912087909,16.450923076923075,24
362,KP002539,서울 새활용플라자,서울특별시 성동구 자동차시장길 49,37.5586867727,127.057852196,134233,1457,15,5685.0,50.53670329670325,0.0,1
363,KP000793,서울숲푸르지오 아파트,서울특별시 성동구 금호동4가 금호로 15,37.5438575154,127.0227262181,134233,1457,35,25968.0,22.63892307692307,0.0,12
364,ST112004,한양대학교,서울특별시 성동구 왕십리로 222 (사근동),37.555378,127.048498,134233,1457,2,2096.0,31.97629560439557,0.0,3
365,KP003021,센트라스 3획지,서울특별시 성동구 왕십리로 410,37.565621,127.025114,134233,1457,208,12476.0,4.175582417582419,14.13235164835165,30
366,KP002228,장로회신학대학교,서울특별시 광진구 광장로5길 25-1,37.5502004223,127.1037274139,167949,613,95,6501.0,24.07579120879118,0.0,8
367,KP003998,구의삼성쉐르빌아파트,"서울특별시 광진구 구의강변로 106 (구의동, 구의동삼성쉐르빌)",37.53995404115,127.0948846975,167949,613,135,12268.0,0.0,5.425059340659338,23
368,KP000015,광진성동지사,서울특별시 성동구 마장로27길 13,37.5677096,127.0340572,134233,1457,246,4126.0,37.33947252747251,1.6287095761381456,14
369,KP004151,구의삼성쉐르빌상가,"서울특별시 광진구 구의강변로 106 (구의동, 구의동삼성쉐르빌)",37.53993849,127.09460746,167949,613,189,12268.0,11.014732600732613,0.0,23
370,KP000983,광진하우스토리한강,서울특별시 광진구 자양동 구의강변로1길 44,37.5298962269,127.0896253336,167949,613,32,19325.0,0.0,7.4261758241758224,5
371,KP004150,서울숲M타워,"서울특별시 성동구 뚝섬로1길 31 (성수동1가, 서울숲 M타워)",37.54413883,127.04657228,134233,1457,573,108962.0,6.737670329670328,0.0,27
372,KP000794,자양금강KCC 아파트,서울특별시 광진구 자양동 아차산로36길 13,37.5377887568,127.0743961902,167949,613,196,5290.0,0.0,0.7445274725274724,10
373,KP001850,성수2차대우 아파트,서울특별시 성동구 성수동1가 상원6길 16,37.5485305999,127.0502533792,134233,1457,374,14429.0,0.0,6.957802197802197,30
374,KP001352,자양10차현대홈타운,서울특별시 광진구 자양동 뚝섬로34길 25-19,37.5332249064,127.0704498677,167949,613,193,5540.0,0.0,6.317472527472526,23
375,KP004794,서울숲SK V1 타워,"서울특별시 성동구 성수일로8길 5 (성수동2가, 서울숲 SK V1 TOWER)",37.547062692,127.05171442,134233,1457,495,14429.0,2.2407765567765554,0.0,32
376,KP004810,금호스포츠센터,서울특별시 성동구 금호로 20 (금호동4가),37.5457446,127.025191,134233,1457,64,8054.0,2.542505494505494,0.0,8
377,KP004801,뚝섬유수지 공영주차장,서울특별시 성동구 성수동1가 685-63번지,37.5506,127.0414,134233,1457,362,22953.0,0.0429930069930069,0.0,7
378,KP002622,창동3차현대아파트,서울특별시 도봉구 창동 도봉로 428,37.6439518323,127.032405944,138656,642,292,3939.0,0.0,9.40417582417582,21
379,KP000805,중계주공4단지 아파트,서울특별시 노원구 중계동 덕릉로76길 29,37.6558211017,127.0761139547,217378,893,68,11624.0,114.11397802197816,31.62088644688649,14
380,KP002070,홈플러스 방학점,서울특별시 도봉구 도봉로 678,37.66484567094,127.0434429338,138656,642,202,53080.0,66.27503296703297,0.0,20
381,KP001359,중계경남롯데상아 아파트,"서울특별시 노원구 섬밭로 265 (중계동, 경남,롯데,상아아파트)",37.6382850366,127.0627131993,217378,893,175,19764.0,36.38843956043957,0.0,4
382,KP002540,노원구청,서울특별시 노원구 상계동 701-1,37.6541634298,127.056661504,217378,893,482,10912.0,160.68720879120926,0.0,7
383,SF001914,서울과학기술대학교,서울특별시 노원구 공릉로 232,37.633078927,127.07679474,217378,893,14,21557.0,14.086542124542143,0.0,2
384,KP000999,창동주공19단지,서울특별시 도봉구 창동 노해로 403,37.6535130097,127.0525768845,138656,642,45,13233.0,99.45760439560432,39.66796703296704,11
385,KP000211,도봉구민회관,"서울특별시 도봉구 도봉로 552 (창동, 도봉구민회관)",37.654167091,127.0386839448,138656,642,257,19919.0,140.63670329670347,0.0,10
386,KP003067,삼육대학교,서울특별시 노원구 화랑로 815,37.6431189444,127.1065078432,217378,893,0,21557.0,19.84604505494506,0.0,0
387,KP000998,창동쌍용 아파트,서울특별시 도봉구 창동 마들로 551,37.6594614287,127.0480342373,138656,642,20,43466.0,25.390879120879102,0.0,17
388,KP003131,창동주공18단지아파트,"서울특별시 도봉구 노해로70길 126 (창동, 주공18단지아파트)",37.64652,127.0527,138656,642,8,42444.0,83.05956043956049,0.0,2
389,KP002380,창동2차현대아파트,서울특별시 도봉구 창동 도봉로136길 111,37.6616424656,127.0463809608,138656,642,29,16557.0,6.767230769230768,12.020000000000016,25
390,KP003130,창동대우아파트,"서울특별시 도봉구 덕릉로63가길 43 (창동, 창동대우아파트)",37.642224,127.037342,138656,642,168,3939.0,61.22696703296703,0.0,18
391,KP002967,상계주공16단지아파트,"서울특별시 노원구 동일로227길 86 (상계동, 상계주공16단지아파트)",37.66878331559,127.0537251878,217378,893,94,53080.0,30.598527472527465,37.98307692307694,7
392,KP001357,상계동양 아파트,서울특별시 노원구 상계동 상계로5길 12,37.6573526154,127.0642614262,217378,893,671,6751.0,3.0981978021978023,3.1712087912087887,15
393,KP000589,중계현대2차 아파트,서울특별시 노원구 한글비석로 15길 51,37.6554440477,127.073978528,217378,893,120,17815.0,0.0,10.503846153846156,17
394,KP000801,방학우성1차 아파트,서울특별시 도봉구 방학동 해등로 286-5,37.6577280372,127.0241616212,138656,642,52,10320.0,3.525824175824176,19.11762637362637,14
395,KP001000,학여울청구 아파트,서울특별시 노원구 하계동 동일로207길 186,37.6379513833,127.0597988848,217378,893,93,5734.0,13.868329670329668,13.697357142857138,2
396,SF001349,대상타운현대아파트,서울특별시 도봉구 마들로 616,37.665107969,127.04691048,138656,642,50,53080.0,14.913538461538462,22.515384615384622,19
397,KP000800,롯데우성 아파트,서울특별시 노원구 중계동 노원로22길 34,37.6473509814,127.071772235,217378,893,117,16189.0,5.069604395604396,inf,11
398,KP000586,북한산코오롱하늘채 아파트,서울특별시 도봉구 우이천로 367,37.6478857202,127.0240723142,138656,642,90,6838.0,9.838021978021974,8.710483516483517,11
399,KP000995,중계센트럴파크,"서울특별시 노원구 덕릉로70가길 21 (상계동, 중계센트럴파크)",37.6428567359,127.0590187405,217378,893,92,18695.0,24.11345054945056,0.0,3
400,KP000803,서울가든 아파트,서울특별시 도봉구 도봉동 도봉산길 35,37.686915075,127.0411543351,138656,642,165,41527.0,8.951120879120879,8.823208791208787,4
401,KP000585,방학극동 아파트,서울특별시 도봉구 시루봉로 11길 25-8,37.6642794675,127.0265211831,138656,642,109,10320.0,26.997736263736257,0.0,9
402,PI121532,도봉구청,"서울특별시 도봉구 마들로 656 (방학동, 도봉구청)",37.6686,127.047,138656,642,120,53080.0,186.7514725274729,0.0,16
403,KP000807,화랑타운,서울특별시 노원구 공릉동 화랑로51길 17,37.6230772379,127.0893655403,217378,893,19,21906.0,4.140417582417583,11.604010989010984,18
404,KP002990,노원프레미어스엠코,서울특별시 노원구 공릉동 670-20,37.618445,127.076387,217378,893,172,30086.0,0.0,11.864296703296707,17
405,KP003079,한일병원,서울특별시 도봉구 쌍문동 388-1,37.6457087831,127.0288091096,138656,642,244,6838.0,111.68465934065946,0.0,12
406,KP003232,상계주공15단지,서울특별시 노원구 상계동 652,37.669436,127.054247,217378,893,93,53080.0,25.9966153846154,0.0,7
407,KP000804,월계동세양청마루 아파트,서울특별시 노원구 월계동 석계로13길 35,37.6207096579,127.0606867188,217378,893,176,24806.0,0.0,9.134120879120877,11
408,RE000059,상계동아불암아파트,서울특별시 노원구 상계동 덕릉로 780,37.666,127.078,217378,893,100,14709.0,2.8873626373626373,12.628791208791217,13
409,KP000799,동아에코빌 아파트,서울특별시 도봉구 도봉동 도봉로180길 6-23,37.6819250728,127.047010293,138656,642,57,12681.0,14.770043956043976,16.299461538461546,11
410,KP000986,동진신안 아파트,서울특별시 노원구 중계동 중계로 195,37.649588067,127.078913298,217378,893,151,17815.0,8.715428571428573,16.448153846153847,11
411,KP000988,방학5단지 신동아 아파트,서울특별시 도봉구 방학동 방학로12길 53,37.6633419743,127.0285473144,138656,642,186,10320.0,0.0,5.243824175824175,15
412,KP001852,공릉대동2차,서울특별시 노원구 공릉동 동일로195길 39,37.6268025077,127.0697859063,217378,893,353,5212.0,0.0,12.410329670329686,19
413,KP001356,미주동방벽운 아파트,서울특별시 노원구 상계동 동일로250길 18,37.6818413817,127.0569999721,217378,893,23,12681.0,0.0,24.13538461538465,8
414,KP000984,공릉대아2차 아파트,서울특별시 노원구 동일로183길 34,37.6232804909,127.0713911342,217378,893,419,68487.0,0.0,0.0385714285714285,7
415,KP001355,도봉서원 아파트,서울특별시 도봉구 마들로 684-20,37.576930956,126.9619130192,138656,642,0,25023.0,32.787648351648315,0.0,7
416,KP000798,동신 아파트,서울특별시 노원구 공릉동 공릉로 213,37.6278789488,127.0773904724,217378,893,251,9205.0,7.151978021978022,34.60373626373626,13
417,KP000584,도봉현대성우 아파트,서울특별시 도봉구 마들로 735-8,37.6761801081,127.0478183004,138656,642,57,12681.0,7.655934065934068,20.42692307692308,6
418,KP002682,중계건영3차아파트,"서울특별시 노원구 노원로22길 71 (중계동, 건영3차아파트)",37.649063836,127.075952949,217378,893,190,17815.0,9.032681318681318,10.389230769230773,13
419,KP002951,공릉8단지청솔아파트,서울특별시 노원구 공릉동 91,37.623112,127.086169,217378,893,27,21906.0,0.0,7.724483516483526,22
420,KP003994,북서울시립미술관,"서울특별시 노원구 동일로 1238 (중계동, 서울시립 북서울미술관)",37.640839346702,127.0667834817,217378,893,185,19764.0,8.971725274725275,0.0,6
421,KP000993,월계청백1단지 아파트,서울특별시 노원구 월계동 초안산로 89,37.6358323923,127.0519209075,217378,893,33,5734.0,6.016021978021977,3.962428571428571,5
422,KP001854,월계우남 아파트,서울특별시 노원구 월계동 화랑로 355,37.615552381,127.0673696558,217378,893,66,25009.0,0.0,10.682637362637369,11
423,KP002674,공릉비선아파트,서울특별시 노원구 공릉동 화랑로51길 78,37.6258173921,127.087828213,217378,893,22,21906.0,6.891802197802199,9.560000000000004,20
424,KP000987,방학4단지신동아,서울특별시 도봉구 방학동 방학로 200,37.6628263698,127.0295354084,138656,642,247,19919.0,0.4707252747252747,0.4256703296703296,15
425,KP000806,창동한신 아파트,서울특별시 도봉구 창동 덕릉로60바길 21,37.6389973416,127.0410191214,138656,642,90,13588.0,0.0,24.27643956043955,9
426,KP000587,쌍문한양6차 아파트,서울특별시 도봉구 시루봉로 58,37.6558167634,127.0294102401,138656,642,112,19919.0,2.523472527472528,6.649912087912091,8
427,KP002764,중계우성3차아파트,서울특별시 노원구 중계동 덕릉로 613,37.652723,127.073245,217378,893,165,17815.0,0.0,6.113846153846154,17
428,KP000104,노원도봉지사,"서울특별시 노원구 노해로 429 (상계동, 한국전력공사 노원도봉지사)",37.653663,127.0555778,217378,893,320,13233.0,16.93505494505495,1.454494505494505,6
429,KP000989,방학명품ESA2단지,서울특별시 도봉구 방학동 도봉로150길 43,37.6662917353,127.0458488821,138656,642,140,53080.0,0.0,6.589065934065935,16
430,KP002776,수락리버시티3단지,서울특별시 노원구 상계동 누원로 28,37.6874759102,127.053553189,217378,893,7,27036.0,18.71158241758242,16.78483516483517,4
431,KP002379,방학금광포란재,서울특별시 도봉구 방학동 도봉로150바길 26,37.6649009046,127.0451135878,138656,642,110,53080.0,0.0,4.908131868131869,20
432,KP003129,쌍문미라보아파트,"서울특별시 도봉구 시루봉로2길 62 (쌍문동, 쌍문미라보아파트)",37.655394,127.031444,138656,642,178,19919.0,0.0,7.585208791208786,7
433,KP001353,공릉동부 아파트,서울특별시 노원구 공릉동 공릉로 206,37.6284263902,127.0779348027,217378,893,201,9205.0,0.0,1.9632967032967024,14
434,KP000996,창동대동 아파트,서울특별시 도봉구 창동 도봉로 642-30,37.661852383,127.0440599969,138656,642,49,16557.0,0.0,3.199439560439561,21
435,KP001360,효성하이타운,서울특별시 도봉구 방학동 방학로11길 33,37.661275759,127.033016409,138656,642,302,19919.0,0.0,0.0410989010989011,17
436,KP001354,대주파크빌 아파트,서울특별시 노원구 공릉동 섬밭로 52,37.6213879614,127.0721414586,217378,893,390,68487.0,0.0,1.4046153846153844,7
437,KP001851,공릉대동 아파트,서울특별시 노원구 공릉동 동일로175길 38,37.6198885164,127.0724707609,217378,893,281,17109.0,0.0,0.4474725274725275,8
438,KP002683,노원우성아파트,서울특별시 노원구 상계동 상계로7길 18,37.657759,127.065054,217378,893,601,6751.0,0.0,0.0142857142857142,16
439,KP000990,상계신동아 아파트,서울특별시 노원구 상계동 한글비석로52길 66,37.6670414015,127.0681234262,217378,893,103,11624.0,4.282241758241758,4.424769230769231,4
440,KP000796,공릉2단지라이프 아파트,서울특별시 노원구 공릉동 섬밭로 156,37.6307823033,127.0680042168,217378,893,99,12003.0,25.72931868131868,0.0,16
441,KP000588,쌍문현대2차 아파트,서울특별시 도봉구 시루봉로 6길53,37.6594169178,127.0300825797,138656,642,170,19919.0,0.0,2.9405714285714297,17
442,KP000590,창동한승미메이드 아파트,서울특별시 도봉구 덕릉로 60길 164-13,37.6331655024,127.0428829532,138656,642,30,13588.0,0.0475164835164835,1.2667472527472527,8
443,KP000997,창동수산트리플 아파트,서울특별시 도봉구 창동 우이천로20길 6,37.6404159121,127.0340314265,138656,642,213,16583.0,0.0,0.3673186813186813,17
444,KP001358,쌍문염광 아파트,서울특별시 도봉구 쌍문동 우이천로30길 28,37.6484979067,127.0263297347,138656,642,189,6838.0,0.0,0.1212087912087912,14
445,KP000994,중계삼성 아파트,서울특별시 노원구 중계동 중계로14나길 25,37.648532108,127.0841382421,217378,893,28,4147.0,4.464615384615384,1.3475274725274728,8
446,KP002378,공릉풍림아파트,서울특별시 노원구 공릉동 섬밭로 139,37.6302826596,127.0657017754,217378,893,81,65051.0,9.070197802197804,1.942967032967032,15
447,KP001856,현대그린 아파트,서울특별시 노원구 중계동 중계로8길 39,37.6468131302,127.0840003288,217378,893,21,4147.0,0.0,0.047032967032967,5
448,KP004146,한국원자력의학원,"서울특별시 노원구 노원로 75 (공릉동, 한국원자력의학원)",37.62886648,127.08262977,217378,893,13,21557.0,9.626109890109896,0.0,17
449,KP000797,공릉동현대성우 아파트,서울특별시 노원구 공릉동 공릉로27길 110,37.6267184255,127.0774708316,217378,893,309,9205.0,0.0,7.643263736263735,13
450,KP004807,도깨비시장 공영주차장,"서울특별시 도봉구 방학로10길 51 (방학동, 방학동도깨비시장주차장)",37.664569472,127.03397898,138656,642,390,19919.0,5.386065934065935,0.0,10
451,KP004803,방학3동 주민센터,"서울특별시 도봉구 시루봉로 94 (방학동, 방학3동주민센터)",37.659104337,127.02800963,138656,642,128,19919.0,19.690373626373635,0.0,22
452,KP004802,창3동 주민센터,"서울특별시 도봉구 덕릉로62길 89 (창동, 창3동주민센터)",37.638050629,127.04292598,138656,642,23,13588.0,21.334593406593427,0.0,5
453,KP000324,홍은1동 제4공영주차장,서울특별시 서대문구 홍은중앙로 125,37.601591,126.948902,143647,668,63,20210.0,48.82417582417583,0.0,5
454,KP000808,DMC래미안e편한세상,서울특별시 서대문구 북가좌동 481,37.5747279098,126.9078169254,143647,668,93,31468.0,29.70397802197802,27.39092307692309,24
455,KP000286,서울특별시은평병원 주차장,서울특별시 은평구 백련산로 90,37.593944,126.923609,214711,894,27,4214.0,93.68162637362629,0.0,8
456,KP003136,꿈에그린,서울특별시 은평구 진관동 65-31,37.639769,126.919924,214711,894,120,8667.0,0.0,8.41082417582418,16
457,KP001857,연희대우 아파트,서울특별시 서대문구 연희동 739,37.5620923186,126.9285767459,143647,668,178,5911.0,0.0,5.614432234432236,10
458,KP001361,남가좌삼성 아파트,서울특별시 서대문구 남가좌동 377,37.5784939444,126.9173896963,143647,668,249,67565.0,37.96764835164834,18.698901098901096,19
459,KP003601,DMC센트럴아이파크아파트,"서울특별시 서대문구 증가로 150 (남가좌동, DMC센트럴아이파크)",37.57936243404,126.9208402685,143647,668,340,67565.0,0.0,20.989113553113555,13
460,KP003813,연세대학교,"서울특별시 서대문구 연세로 50 (신촌동, 연세대학교)",37.563848008093,126.9428184019,143647,668,57,40643.0,6.999457875457875,0.0,13
461,KP000208,응암3동 공영주차장,"서울특별시 은평구 불광천길 436 (응암동, 응암공영주차장)",37.5934706273,126.9153848093,214711,894,260,9936.0,76.83782417582412,0.0,8
462,KP002765,인왕산한신휴플러스,서울특별시 서대문구 홍제동 통일로 397,37.5851676706,126.947398762,143647,668,118,10984.0,0.0,5.627032967032966,12
463,LH108900,은평뉴타운우물골6단지,서울특별시 은평구 진관동 진관2로 57-7,37.634373754,126.92323609,214711,894,23,21583.0,1.82734065934066,10.869560439560436,29
464,KP000215,은평평화공원 공영주차장,서울특별시 은평구 녹번동 153-1,37.605844,126.923057,214711,894,326,18966.0,193.77367032967027,0.0,5
465,KP001002,돈의문센트레빌 아파트,서울특별시 서대문구 독립문로14길 33,37.5659199193,126.9592881092,143647,668,326,32849.0,1.4764835164835162,10.728681318681318,10
466,KP003997,은평스카이뷰자이아파트,"서울특별시 은평구 통일로 1034 (진관동, 은평스카이뷰자이)",37.63490112681,126.9177912273,214711,894,137,8667.0,0.0,9.750212454212464,15
467,KP003146,연희동성원아파트,"서울특별시 서대문구 연희로32길 48 (연희동, 연희동성원아파트)",37.57626,126.939017,143647,668,3,21690.0,8.41885714285714,0.0,3
468,KP000141,서대문은평지사,서울특별시 은평구 통일로 659,37.60535361,126.9333825,214711,894,47,18966.0,48.11021978021972,1.5831355311355306,12
469,KP003995,서부수도사업소,"서울특별시 서대문구 통일로26길 41 (홍제동, 서부수도사업소)",37.582890260642,126.952350685,143647,668,18,13056.0,5.517846153846154,0.0,9
470,KP000809,DMC아이파크 아파트,서울특별시 서대문구 북가좌동 거북골로14길 32,37.5769890207,126.914488759,143647,668,87,15139.0,11.328505494505489,0.0,26
471,KP003996,한국프라우드아파트,서울특별시 은평구 연서로 78 (역촌동),37.60627302568,126.9156964701,214711,894,332,18966.0,0.0,2.843406593406594,1
472,KP000810,무악청구2차 아파트,서울특별시 서대문구 홍제동 통일로 344,37.5812735076,126.9514409214,143647,668,18,34763.0,0.0,1.5022417582417582,9
473,KP000194,상암월드컵경기장,"서울특별시 마포구 월드컵로 243-48 (성산동, 매점)",37.56845536423,126.8950813889,179861,1076,40,2377.0,123.43155729984382,10.444750915750916,1
474,KP002287,마포래미안푸르지오 4단지,서울특별시 마포구 아현동 마포대로 195,37.5524319716,126.9543024402,179861,1076,173,45605.0,5.786021978021978,13.413774725274736,25
475,KP000816,래미안첼리투스,서울특별시 용산구 이촌동 이촌로 300,37.5178443505,126.9803222459,111036,968,38,92173.0,56.16441758241758,44.19558241758244,5
476,KP002541,마포중앙도서관,"서울특별시 마포구 성산로 128 (성산동, 마포중앙도서관)",37.5635528501,126.9089580252,179861,1076,132,36495.0,84.80674725274723,0.0,6
477,KP002542,용산전자상가1 공영주차장,서울특별시 용산구 한강로3가 12,37.5320837602,126.9647054555,111036,968,484,5723.0,163.0546153846154,0.0,16
478,KP002381,상암월드컵파크3단지,서울특별시 마포구 상암동 월드컵로 338,37.5727737943,126.8900877602,179861,1076,128,14098.0,5.916241758241755,21.08472527472528,9
479,KP000817,브라운스톤공덕 아파트,서울특별시 마포구 신공덕동 백범로 230,37.5418543229,126.9545035197,179861,1076,129,45605.0,0.0,6.781692307692308,23
480,KP000818,성지(주상복합) 아파트,서울특별시 마포구 도화동 큰우물로 75,37.5412670266,126.9462935739,179861,1076,721,40390.0,0.0,9.348087912087912,35
481,KP003600,대우월드마크용산,"서울특별시 용산구 한강대로 211 (한강로1가, 대우 월드마크 용산)",37.53717560776,126.9729849841,111036,968,160,11931.0,0.0,6.333305494505496,26
482,KP000814,LG한강자이 아파트,서울특별시 용산구 이촌동 이촌로64길 15,37.5203545149,126.9713624565,111036,968,117,24324.0,9.254549450549458,13.23539926739928,10
483,KP002285,마포래미안푸르지오 2단지,서울특별시 마포구 아현동 마포대로 195,37.553968,126.954621,179861,1076,157,6031.0,8.107670329670327,13.95731318681317,22
484,KP000821,용산아크로타워,서울특별시 용산구 문배동 백범로90길 26,37.5366006363,126.9684506847,111036,968,301,11931.0,0.0,16.036912087912068,32
485,KP004000,용산파크자이아파트,"서울특별시 용산구 한강대로 205 (한강로1가, 용산파크자이)",37.53663725988,126.9725934706,111036,968,178,11931.0,0.0,6.854931868131878,26
486,KP000591,동아그린 아파트,서울특별시 용산구 이촌로 100-8,37.5244879113,126.9579666907,111036,968,179,10381.0,2.5469450549450547,15.84786813186813,6
487,KP002284,마포래미안푸르지오 1단지,서울특별시 마포구 아현동 마포대로 195,37.5524319716,126.9543024402,179861,1076,173,45605.0,15.916549450549446,11.784300366300371,25
488,KP000822,이안용산프리미어,서울특별시 용산구 문배동 청파로 213,37.5385977453,126.9703507278,111036,968,335,11931.0,4.384395604395604,3.7794615384615375,27
489,KP001369,메세나폴리스 아파트,서울특별시 마포구 양화로 45,37.551047,126.913787,179861,1076,1261,1739.0,7.225670329670329,14.680439560439526,7
490,KP001367,리첸시아용산B블록,서울특별시 용산구 원효로1가 백범로 341,37.5379375928,126.9679749045,111036,968,294,11931.0,0.0,18.87846153846155,28
491,KP002862,신촌포스빌,"서울특별시 마포구 신촌로 150 (노고산동, 신촌포스빌)",37.5563,126.942237,179861,1076,79,40643.0,9.363362637362636,9.478351648351644,9
492,KP002859,공덕아이파크아파트,"서울특별시 마포구 만리재로 36 (신공덕동, 공덕 아이파크)",37.544725,126.955795,179861,1076,220,45605.0,0.0,10.974395604395614,25
493,KP000120,용산역 아이파크몰,"서울특별시 용산구 한강대로23길 55 (한강로3가, 용산역)",37.5297517718,126.9655646796,111036,968,494,5723.0,52.79599780219786,15.393584415584444,22
494,KP001364,공덕파크자이1단지,서울특별시 마포구 공덕동 백범로 152,37.544543,126.948461,179861,1076,593,45605.0,0.0,15.553076923076931,30
495,KP000823,파크타워 아파트,서울특별시 용산구 용산동5가 서빙고로 67,37.5248628985,126.9704149903,111036,968,73,38922.0,15.277758241758246,25.20506227106229,17
496,KP002286,마포래미안푸르지오 3단지,서울특별시 마포구 아현동 마포대로 195,37.5524319716,126.9543024402,179861,1076,173,45605.0,21.94180219780218,15.031091575091578,25
497,NT100084,용산더프라임,서울특별시 용산구 원효로1가 원효로90길 11,37.5403958,126.9697185,111036,968,419,11931.0,7.612351648351648,11.149560439560435,24
498,SF002074,롯데캐슬프레지던트,서울특별시 마포구 공덕동 마포대로 109,37.545118816,126.95088625,179861,1076,482,45605.0,0.0,10.983736263736256,35
499,KP001859,래미안마포리버웰,서울특별시 마포구 용강동 토정로31길 23,37.5416648648,126.9416449835,179861,1076,650,95820.0,4.170307692307694,21.88285714285718,23
500,KP000285,한국타이어 한남점,서울특별시 용산구 한남대로 80,37.535905,127.006358,111036,968,323,56585.0,72.32613186813191,0.0,13
501,KP004001,마포한강2차 푸르지오아파트,"서울특별시 마포구 월드컵로3길 14 (합정동, 마포 한강 2차 푸르지오)",37.55111142385,126.9119166283,179861,1076,887,1739.0,0.0,10.929367032967042,7
502,KP000013,마포용산지사,서울특별시 마포구 토정로37길 38,37.54205285,126.9466325,179861,1076,718,40390.0,40.91338571428572,2.164760439560438,33
503,KP000593,청암자이 아파트,"서울특별시 용산구 삼개로 60 (청암동, 천년명가 청암자이)",37.5297736038,126.9647427471,111036,968,495,5723.0,10.750439560439569,6.343362637362637,21
504,KP003274,마포한강푸르지오1차,"서울특별시 마포구 월드컵로1길 14 (합정동, 마포 한강 푸르지오)",37.549915,126.912238,179861,1076,988,1739.0,0.0,12.540124542124545,9
505,KP003286,마포도화우성아파트,서울특별시 마포구 도화동 삼개로 38,37.536343,126.948545,179861,1076,114,7803.0,10.172571428571429,34.3055164835165,19
506,KP001372,한강대우,서울특별시 용산구 이촌동 이촌로 181,37.5221527454,126.9706649312,111036,968,122,96174.0,6.526087912087912,28.760659340659352,17
507,KP001003,e편한세상마포리버파크,서울특별시 마포구 용강동 토정로31길 24,37.5422172523,126.9436541564,179861,1076,763,32324.0,2.3877120879120883,10.020483516483518,27
508,KP000815,래미안밤섬리베뉴1 아파트,서울특별시 마포구 상수동 독막로20나길 22,37.546070295,126.9248939937,179861,1076,210,90949.0,17.831274725274728,10.160263736263742,13
509,KP001365,공덕파크자이2단지,서울특별시 마포구 공덕동 백범로 152,37.5446845599,126.9484094228,179861,1076,599,45605.0,0.0,17.260659340659345,28
510,KP001006,한남동현대하이페리온,서울특별시 용산구 한남동 서빙고로 413,37.5272235495,127.0042401389,111036,968,39,41287.0,0.0,10.154010989010986,9
511,KP003814,전쟁기념관,서울특별시 용산구 이태원로 29,37.536754,126.977161,111036,968,16,36746.0,12.078087912087916,0.0,6
512,KP000820,용산시티파크1단지,서울특별시 용산구 한강로3가 서빙고로 35,37.5247687282,126.9686095207,111036,968,95,38922.0,39.6221978021978,0.0,25
513,KP000825,한강삼성 아파트,서울특별시 마포구 토정동 토정로32길 11,37.5398481215,126.9409856048,179861,1076,526,95820.0,2.835076923076922,18.753824175824167,22
514,KP001860,래미안밤섬리베뉴2,서울특별시 마포구 상수동 독막로20나길 21,37.5468752943,126.9269798634,179861,1076,147,90949.0,2.270197802197803,16.744468864468864,14
515,KP001861,창전삼성 아파트,서울특별시 마포구 창전동 서강로 95,37.5520428718,126.9320990776,179861,1076,351,23505.0,5.8526813186813165,0.0,13
516,KP001005,용산이안 아파트,서울특별시 용산구 문배동 백범로90길 74,37.5380750427,126.9698666652,111036,968,323,11931.0,0.0,5.966626373626377,28
517,KP002871,마포트라팰리스2차,서울특별시 마포구 마포대로 201,37.552198,126.955541,179861,1076,157,45605.0,0.0,5.45347252747253,23
518,SF001358,마포자이2차아파트,"서울특별시 마포구 서강대길 40 (대흥동, 마포자이2차아파트)",37.549185727,126.94118771,179861,1076,259,18583.0,10.012373626373629,0.0,13
519,KP000592,리첸시아 아파트,서울특별시 용산구 백범로 341,37.538278,126.967441,111036,968,284,11931.0,1.7688131868131869,0.0,24
520,KP001368,마포대림1차 아파트,서울특별시 마포구 용강동 마포대로1길 21,37.5398595379,126.9422076134,179861,1076,547,95820.0,0.0,4.613186813186813,25
521,KP003084,국립 중앙 박물관,서울특별시 용산구 서빙고로 137,37.52388271089,126.97937719206,111036,968,11,28119.0,33.64893040293047,0.0,1
522,KP001370,신공덕3삼성래미안,서울특별시 마포구 신공덕동 만리재로 60,37.5459602112,126.9569995754,179861,1076,149,45605.0,0.0,6.822637362637362,20
523,KP001004,쌍용황금,서울특별시 마포구 마포동 마포대로 6,37.537290951,126.9444272554,179861,1076,379,33017.0,2.830395604395604,0.0,15
524,KP000824,프라임팰리스,서울특별시 용산구 문배동 백범로90길 38,37.5366910238,126.9695458903,111036,968,280,11931.0,0.0,0.0646153846153846,31
525,KP001371,용산한신 아파트,서울특별시 용산구 용산동2가 녹사평대로 245,37.5401901246,126.9870782364,111036,968,422,32013.0,0.0,0.2075824175824176,5
526,KP001858,대명 아파트,서울특별시 마포구 연남동 동교로39길 11,37.5616892027,126.9236649983,179861,1076,841,5911.0,0.0,7.908131868131868,10
527,KP004790,중부전력지사,서울특별시 마포구 토정로 56 (합정동),37.54426415,126.91644143,179861,1076,363,92422.0,0.0,0.7037142857142856,5
528,KP004931,서울서부지방검찰청,"서울특별시 마포구 마포대로 174 (공덕동, 서울서부지방검찰청,서울서부지방법원)",37.549615441,126.9554556,179861,1076,243,45605.0,12.160329670329672,0.0,27
529,KP004809,서울신용보증재단,"서울특별시 마포구 마포대로 163 (공덕동, 서울신용보증재단)",37.549021125,126.95400124,179861,1076,282,45605.0,6.247252747252746,0.0,26
530,KP003068,남산케이블카,"서울특별시 중구 소파로 83 (회현동1가, 남산케이블카)",37.5562744335,126.984421515,63519,964,126,8783.0,43.27949450549452,0.0,13
531,KP001007,광화문스페이스본 아파트,서울특별시 종로구 사직동 사직로8길 4,37.5746552033,126.9685750084,73494,606,801,25023.0,8.879252747252742,29.20073992673991,18
532,KP000014,서울직할,서울특별시 중구 남대문로 92,37.56527705,126.9833704,63519,964,1023,17144.0,41.3703406593406,0.9368043956043952,24
533,KP001009,덕수궁 롯데캐슬,서울특별시 중구 순화동 서소문로9길 28,37.5637066872,126.970041969,63519,964,545,20902.0,0.0,5.034659340659346,15
534,KP001373,무악현대 아파트,서울특별시 종로구 무악동 통일로 246-20,37.575074,126.959929,73494,606,98,32849.0,14.167736263736256,14.455457875457896,14
535,KP000594,남산롯데캐슬아이리스 아파트,서울특별시 중구 소공로 35,37.5582238086,126.9817467235,63519,964,413,13181.0,44.84760439560442,0.0,14
536,KP000827,동성빌라,서울특별시 종로구 구기동 비봉2길 32,37.6117045112,126.9585926732,73494,606,7,16442.0,0.0,15.06068131868131,0
537,KP000596,쌍용남산플래티넘 아파트,서울특별시 중구 소공로 46,37.5594133437,126.9832222921,63519,964,534,13181.0,6.284219780219779,13.326219780219777,15
538,KP000207,서울시청,"서울특별시 중구 세종대로 110 (태평로1가, 서울특별시청)",37.5663176911,126.9778283816,63519,964,842,35320.0,37.52151648351644,0.0,22
539,KP001015,효성주얼리시티,서울특별시 종로구 인의동 종로 183,37.5714410243,126.9986597409,73494,606,593,4223.0,0.0,17.725010989010975,5
540,KP003005,LIG서울역리가아파트,서울특별시 중구 만리동1가 231,37.5560815825,126.966794655,63519,964,303,13472.0,0.0,9.938252747252749,13
541,KP000595,남산타운 아파트,"서울특별시 중구 다산로 32 1동,21동,31동",37.5471680349,127.0056761478,63519,964,39,12418.0,9.546516483516486,11.249190476190464,4
542,KP003849,신세계 본점,"서울특별시 중구 소공로 63 (충무로1가, 신세계백화점건물)",37.560986139766,126.9809515138,63519,964,831,13181.0,36.776560439560335,0.0,17
543,KP000829,명륜아남1차 아파트,서울특별시 종로구 명륜2가 창경궁로 265,37.5858749567,126.9996014677,73494,606,634,4744.0,2.4994285714285724,5.5868791208791215,4
544,KP001013,창신쌍용2단지 아파트,서울특별시 종로구 창신동 낙산길 198,37.5804180113,127.0111852611,73494,606,60,3155.0,2.9307692307692297,8.934373626373635,15
545,KP002947,한국관광공사 옆 노상 공영주차장,서울특별시 중구 다동 85-4,37.5681875209,126.982027839,63519,964,586,17144.0,2.2685787545787552,0.0,40
546,KP000830,종로센트레빌,서울특별시 종로구 숭인동 동망산길 47,37.5815563484,127.0157365887,73494,606,30,10040.0,10.843780219780218,0.0,25
547,KP001008,남산센트럴자이,서울특별시 중구 충무로4가 퇴계로 235,37.5625139448,126.9978268663,63519,964,559,23015.0,0.0,7.403538461538468,7
548,KP001011,인왕산2차아이파크,서울특별시 종로구 무악동 통일로 246-20,37.575769,126.959533,73494,606,89,32849.0,0.0,9.366758241758234,14
549,KP001012,창신두산 아파트,서울특별시 종로구 창신동 지봉로5길 7,37.5740783348,127.0138332291,73494,606,482,16459.0,2.220395604395604,8.66953846153846,8
550,KP001014,창신이수 아파트,서울특별시 종로구 창신동 지봉로 87,37.5779561009,127.0147758321,73494,606,233,10040.0,0.0,0.0841648351648351,13
551,KP001010,롯데캐슬천지인,서울특별시 종로구 숭인동 종로 347,37.5740564369,127.016002166,73494,606,381,16459.0,0.0,inf,9
552,KP000826,경희궁의아침3단지 아파트,서울특별시 종로구 내수동 사직로8길 34,37.5735676998,126.9721526097,73494,606,792,0.0,0.0,12.54589010989012,19
553,KP003993,국립중앙극장,"서울특별시 중구 장충단로 59 (장충동2가, 국립극장)",37.553513900653,127.0007752174,63519,964,55,21383.0,28.41893040293036,0.0,3
554,SF002322,전국은행연합회,"서울특별시 중구 명동11길 19 (명동1가, 전국은행연합회)",37.565021623,126.98546,63519,964,1087,21347.0,3.2443223443223457,0.0,23
555,KP005058,묵정공원 공영주차장,"서울특별시 중구 퇴계로45길 32-12 (충무로5가, 묵정경노당)",37.5639159,127.0002858,63519,964,519,23015.0,2.1933076923076924,0.0,11
556,KP005059,약수동공영주차장,"서울특별시 중구 동호로8다길 22 (신당동, 신당3동 공영주차장)",37.552157169,127.01314733,63519,964,61,576.0,2.043956043956044,0.0,15
557,KP005167,SK렌터카 본사,서울특별시 종로구 삼일대로19길 5 (관철동),37.569474367,126.98720901,73494,606,1138,18543.0,7.226703296703297,4.151890109890112,19
558,KP005057,서울역(한화역사),"서울특별시 중구 한강대로 405 (봉래동2가, 경부고속철도서울민자역사)",37.554655,126.971523,63519,964,264,12081.0,4.377362637362639,0.0,12
559,KP001019,정릉e편한세상 아파트,서울특별시 성북구 정릉동 솔샘로24길 15,37.6150088844,127.0109729743,195017,915,41,26764.0,14.411604395604394,26.454813186813176,17
560,KP002289,정릉풍림아이원,"서울특별시 성북구 솔샘로25길 28 (정릉동, 정릉풍림아이원아파트)",37.6185771026,127.0069637768,195017,915,18,51994.0,29.824461538461527,15.38969230769234,19
561,KP000214,고려대학교(자연과학),서울특별시 성북구 안암로 145,37.583588448,127.02635101,195017,915,320,13875.0,65.19373626373634,29.69252747252748,4
562,KP003602,돈암현대,서울특별시 성북구 정릉로 404,37.60393457848,127.0285721608,195017,915,227,7935.0,0.0,2.5289120879120883,26
563,KP001018,석관두산 아파트,서울특별시 성북구 석관동 화랑로48길 16,37.6137638812,127.0689944797,195017,915,4,25009.0,13.255549450549454,0.0,17
564,KP000833,동일하이빌뉴시티 아파트,서울특별시 성북구 하월곡동 종암로 167,37.6050584042,127.0309893131,195017,915,303,7935.0,0.8950109890109886,9.264076923076924,28
565,KP003999,래미안아트리지,"서울특별시 성북구 돌곶이로8길 22 (석관동, 래미안아트리치)",37.60604271114,127.063637986,195017,915,45,15691.0,0.0,9.361167032967035,6
566,KP001374,삼선푸르지오 아파트,"서울특별시 성북구 보문로29다길 31 (삼선동2가, 삼선푸르지오)",37.584176812,127.0126168843,195017,915,112,3155.0,7.576659340659339,14.431868131868136,17
567,KP000835,정릉2차 e편한세상 아파트,서울특별시 성북구 정릉동 북악산로 851,37.6002461302,127.0184990796,195017,915,153,3796.0,11.389846153846149,13.811516483516472,36
568,KP000213,고려대학교,서울특별시 성북구 안암로 145,37.5887034224,127.0316981048,195017,915,150,11893.0,46.87827472527474,0.0,1
569,KP003353,성북동아에코빌아파트,서울특별시 성북구 장월로1길 28,37.607443,127.046239,195017,915,104,15094.0,1.244087912087912,7.240959706959708,5
570,KP003134,삼선힐스테이트,서울특별시 성북구 삼선동2가 낙산길 243-15,37.58356608714,127.0111404457,195017,915,61,3155.0,0.0,8.263230769230775,13
571,KP001016,래미안미아1차 아파트,서울특별시 강북구 미아동 삼양로 256,37.6262846426,127.0188997476,144536,504,352,23269.0,1.232879120879121,15.985780219780215,11
572,KP002382,삼선 SK뷰 아파트,"서울특별시 성북구 삼선교로16길 35 (삼선동3가, 삼선 SK VIEW 아파트)",37.5880186958,127.0121419976,195017,915,558,4744.0,2.141846153846154,6.743186813186812,10
573,KP002288,브라운스톤돈암아파트,서울특별시 성북구 북악산로 844,37.5973844508,127.0193227353,195017,915,82,3796.0,3.992659340659341,12.01542857142857,29
574,KP000831,꿈의숲대명루첸 아파트,서울특별시 성북구 장위동 월계로36길 27,37.6214405624,127.0463287881,195017,915,68,5698.0,4.30068131868132,16.909780219780217,12
575,KP003069,국민대학교,서울특별시 성북구 정릉동 861-1,37.6109476866,126.9965569748,195017,915,53,24018.0,30.365241758241776,0.0,1
576,KP000597,금호어울림 센터힐 아파트,서울특별시 성북구 돈암동 동소문로34길 73,37.6004832301,127.0228476135,195017,915,91,10890.0,10.00654945054945,3.584802197802198,21
577,KP000834,미아동부센트레빌,서울특별시 강북구 미아동 숭인로7가길 37,37.6138964632,127.0262223901,144536,504,513,5698.0,8.870923076923079,7.365703296703303,8
578,KP002667,대림 샹그레빌,"서울특별시 성북구 회기로5길 100 (하월곡동, 샹그레빌아파트)",37.5962111903,127.041104328,195017,915,10,45990.0,5.618153846153848,9.994615384615384,12
579,KP002761,종암삼성래미안,"서울특별시 성북구 종암로25길 30 (종암동, 삼성 래미안아파트)",37.6014940632,127.031078429,195017,915,271,3779.0,1.0275164835164836,0.0,30
580,KP003500,강북성북지사,서울특별시 강북구 도봉로 242,37.630923,127.024819,144536,504,251,23269.0,0.0,1.1802668759811614,4
581,KP002383,해모로아파트,"서울특별시 강북구 오현로 156 (번동, 해모로아파트)",37.6262731779,127.0369023061,144536,504,72,16583.0,6.215142857142855,0.0,10
582,KP002880,효성네오인텔리안,서울특별시 강북구 도봉로 352,37.638722062,127.027067263,144536,504,573,23758.0,0.0,5.394901098901102,9
583,KP000832,돈암일신건영휴먼빌 아파트,서울특별시 성북구 돈암동 아리랑로 89,37.6007693692,127.0136162152,195017,915,167,14785.0,6.014131868131871,0.0003076923076923,36
584,KP003019,미아한일유앤아이APT,서울특별시 강북구 월계로21가길 41,37.614026,127.0365,144536,504,46,5698.0,0.0,6.956923076923078,6
585,KP000836,한신휴아파트,서울특별시 성북구 동소문동7가 동소문로15길 99,37.5956048651,127.0138145662,195017,915,452,3796.0,0.9910989010989012,0.0,28
586,KP001017,보문하우스토리,서울특별시 성북구 보문동4가 인촌로2길 37,37.5843738626,127.0208545963,195017,915,197,13875.0,0.0,5.9598461538461525,17
587,KP002910,길음래미안3차,서울특별시 성북구 길음로 16,37.6070802018,127.023250541,195017,915,191,12032.0,8.158593406593404,0.0,18
588,KP002724,돈암더샵아파트,서울특별시 성북구 아리랑로5길 85,37.5978469186,127.009973963,195017,915,108,14785.0,1.6654065934065936,0.0,31
589,KP004143,북서울꿈의숲,"서울특별시 강북구 월계로 173 (번동, 북서울꿈의숲)",37.62021507,127.04437126,144536,504,5,5698.0,25.28529670329672,0.0,6
590,KP004808,현대백화점 미아점,"서울특별시 성북구 동소문로 315 (길음동, 현대백화점미아점)",37.608453,127.0287466,195017,915,231,7935.0,4.037873626373629,0.0,14
591,KP003815,강북문화예술회관,"서울특별시 강북구 삼각산로 85 (수유동, 강북문화예술회관)",37.640790901,127.01342761,144536,504,202,6838.0,2.993406593406593,0.0,5
592,KP000011,서울전력관리처,서울특별시 중구 퇴계로 140,37.56065725,126.9874686,63519,964,674,16785.0,41.78057142857148,3.5375054945054942,10
