,station,address,avg_fast,avg_slow,lat,lng,newAddress,volume
0,영등포전력지사,서울특별시 영등포구 경인로 878,68.9512747252747,0.6086703296703299,37.517367,126.910236,"페어필드 바이 메리어트 서울, 경인로, 영등포동, 영등포구, 서울, 07250, 대한민국",3307334
1,명일동 공영주차장,서울특별시 강동구 구천면로 395(명일동),66.71549450549449,0.0,37.551194,127.142924,"CU, 양재대로141길, 명일1동, 강동구, 서울, 05258, 대한민국",3443265
2,송파파크데일1단지 아파트,서울특별시 송파구 마천동 성내천로37길 37,45.055538461538475,33.150483516483575,37.4987866566,127.1581012036,"108, 성내천로35길, 마천1동, 송파구, 서울, 05747, 대한민국",11829
3,송파구청,서울특별시 송파구 신천동 29-5 송파구청 앞,124.70087912087902,0.0,37.5146124,127.1060852,"송파구청, 326, 올림픽로, 잠실6동, 송파구, 서울, 05552, 대한민국",821223
4,송파삼성래미안,서울특별시 송파구 송파동 오금로32길 14,16.10131868131868,21.191208791208783,37.5052524778,127.11780238,"우리은행, 가락로28길, 송파2동, 송파구, 서울, 05645, 대한민국",59305
5,가락2동 주민센터,서울특별시 송파구 가락동 154,202.4321758241761,0.0,37.498714,127.126652,"가락2동사무소, 중대로20길, 가락2동, 송파구, 서울, 05703, 대한민국",184368
6,강동송파지사,서울특별시 강동구 둔촌동 522-9,171.57854945054916,2.751289377289377,37.52386992,127.135443,"한국전력공사 강동송파지사, 양재대로84길, 둔촌1동, 강동구, 서울, 05408, 대한민국",3443265
7,강일리버파크3단지,서울특별시 강동구 강일동 아리수로93길 40,39.387780219780225,48.10527472527472,37.5655159695,127.1751072048,"아리수로93길, 강일동, 강동구, 서울, 05211, 대한민국",109215
8,가락시장,서울특별시 송파구 양재대로 932,75.83997069597065,0.0,37.493241,127.112315,"가락과일시장, 송파대로, 가락1동, 송파구, 서울, 05677, 대한민국",1877391
9,신성둔촌미소지움아파트 입주자대표회의,서울특별시 강동구 둔촌동 명일로 102,1.4938901098901105,10.047791208791208,37.5276457671,127.1425454548,"서울한산초등학교, 명일로, 둔촌2동, 강동구, 서울, 05371, 대한민국",45258
10,갤러리아팰리스,서울특별시 송파구 잠실동 40,21.61279120879121,26.334578754578796,37.511529,127.094596,"갤러리아팰리스 B, 올림픽로, 잠실3동, 송파구, 서울, 05553, 대한민국",821223
11,송파꿈에그린(위례24단지),서울특별시 송파구 장지동 516,19.794714285714285,26.50162637362633,37.47592327474,127.1390103411,"2413, 휴먼링 자전거도로, 위례동, 송파구, 서울, 05853, 대한민국",0
12,천호1동 공영주차장,서울특별시 강동구 구천면로 42길 60(천호동),105.46132967032987,0.0,37.545049,127.136282,"천중로27길, 천호1동, 강동구, 서울, 05310, 대한민국",45811
13,레이크팰리스,서울특별시 송파구 잠실동 잠실로 88,15.057241758241753,22.141527472527418,37.5075341602,127.093213298,"110동, 석촌호수로, 잠실3동, 송파구, 서울, 05600, 대한민국",103825
14,리센츠 아파트,서울특별시 송파구 올림픽로 135,38.91742857142853,38.34659340659332,37.513161,127.090312,"242동, 올림픽로, 잠실2동, 송파구, 서울, 05502, 대한민국",821223
15,성내삼성 아파트,서울특별시 강동구 성내동 풍성로 128,28.64057142857141,18.26901098901098,37.5299423276,127.1259823751,"강동구보건소, 성내로3가길, 성내1동, 강동구, 서울, 05396, 대한민국",4671
16,강동헤르셔,서울특별시 강동구 천호동 천호대로 1089,3.7357802197802226,15.680989010989013,37.5366055081,127.1331171805,"이스트센트럴타워, 천호대로167길, 천호3동, 강동구, 서울, 05332, 대한민국",2373554
17,거여4단지 아파트,서울특별시 송파구 거여동 양산로4길 8,2.0112747252747254,21.125054945054956,37.4895863312,127.1433912604,"401, 양산로, 거여2동, 송파구, 서울, 05771, 대한민국",27126
18,거여2동 주민센터,서울특별시 송파구 거여동 195-1,148.237142857143,0.0,37.4935643829,127.146969926,"19, 거마로2길, 거여2동, 송파구, 서울, 05773, 대한민국",25122
19,송파더센트레,"서울특별시 송파구 위례광장로 163 (장지동, 위례22단지)",10.123516483516482,19.17009523809524,37.47935896489,127.1401853902,"2205, 휴먼링 보행자도로, 위례동, 송파구, 서울, 05853, 대한민국",0
20,한국광고문화회관,서울특별시 송파구 신천동 7-11,86.37650549450554,0.0,37.5159069385,127.099593702,"한국광고문화회관, 올림픽로35다길, 잠실6동, 송파구, 서울, 05510, 대한민국",821223
21,삼익가든아파트,서울특별시 강동구 명일동 260-1,0.0,18.816505494505495,37.54588600963,127.1466312646,"상암로, 명일1동, 강동구, 서울, 05296, 대한민국",21764
22,고덕아이파크,서울특별시 강동구 고덕동 동남로79길 26,13.356131868131875,14.963150183150189,37.5591846946,127.1537423213,"고덕주공1단지아파트, 동남로81길, 고덕1동, 강동구, 서울, 05227, 대한민국",345605
23,가락쌍용1차 아파트,서울특별시 송파구 가락동 동남로 193,3.1262747252747247,22.606373626373628,37.4946987694,127.1292251319,"가락쌍용1차아파트, 가락2동, 송파구, 서울, 05826, 대한민국",0
24,송파파인타운6단지 아파트,서울특별시 송파구 충민로6길 14,29.776769230769244,17.807384615384613,37.48056250195,127.1319978941,"604, 충민로6길, 장지동, 송파구, 서울, 05799, 대한민국",80966
25,송파파인타운9단지,서울특별시 송파구 송파대로 8길 17,66.0680659340658,26.434835164835203,37.478239,127.128729,"902, 송파대로10길, 장지동, 송파구, 서울, 05815, 대한민국",1877391
26,풍납2동 주민센터,서울특별시 송파구 풍납동 403-11,inf,0.0,37.528759745,127.116795686,"풍납2동 주민센터, 64, 토성로, 성내1동, 송파구, 서울, 05537, 대한민국",0
27,잠실롯데캐슬골드 아파트,서울특별시 송파구 신천동 올림픽로 269,19.456241758241763,16.987945054945055,37.5144261788,127.100610302,"잠실롯데캐슬골드, 송파대로, 잠실6동, 송파구, 서울, 05551, 대한민국",1877391
28,거여5단지 아파트,서울특별시 송파구 거여동 양산로4길 16,8.356813186813183,10.47846153846154,37.4892095924,127.1449645201,"501, 양산로4길, 거여2동, 송파구, 서울, 05779, 대한민국",27126
29,고덕리엔파크3단지 아파트,서울특별시 강동구 상일로 74,28.725714285714258,16.46334432234431,37.55223512265,127.1752187199,"상일로10길, 상일2동, 강동구, 서울, 05283, 대한민국",103532
30,홈플러스 강동점,서울특별시 강동구 양재대로 1571,81.64006593406586,0.0,37.54571126255,127.1421724756,"홈플러스 강동점, 1571, 양재대로, 천호1동, 강동구, 서울, 05306, 대한민국",3443265
31,송파성원상떼빌,서울특별시 송파구 가락동 송파대로28길 27,2.9313406593406603,10.988571428571433,37.4948850029,127.1200929635,"송파성원상떼빌아파트, 27, 송파대로28길, 가락본동, 송파구, 서울, 05718, 대한민국",1877391
32,위례스타힐스,서울특별시 송파구 장지동 위례광장로 215,13.487758241758245,22.77944322344325,37.481504,127.143668,"위례동주민센터.위례스타힐스, 위례광장로, 위례동, 송파구, 서울, 05848, 대한민국",0
33,더샵스타리버 아파트,서울특별시 송파구 올림픽로35길 93,40.47648351648355,0.0,37.51778342631,127.1046327039,"잠실더샵스타리버, 올림픽로35길, 잠실6동, 송파구, 서울, 05504, 대한민국",868615
34,성내1차이편한세상,서울특별시 강동구 천호대로168길 58,0.0,3.345318681318683,37.53331732998,127.1310838701,"천호대로168길, 성내2동, 강동구, 서울, 05390, 대한민국",2373554
35,대우한강베네시티 아파트,서울특별시 강동구 올림픽로 664,0.0,19.84956043956043,37.540361,127.124838,"아이엠치과, 구천면로24길, 천호2동, 강동구, 서울, 05328, 대한민국",132118
36,송파파크데일2단지,서울특별시 송파구 마천동 성내천로47길 38,12.648263736263745,21.625934065934043,37.4963394415,127.1581638948,"201, 성내천로47길, 마천1동, 송파구, 서울, 05747, 대한민국",11829
37,마천동1공영주차장,서울특별시 송파구 성내천로43길 6,10.653054945054937,0.0,37.49518194689,127.1555645200,"성내천로43길, 마천1동, 송파구, 서울, 05747, 대한민국",11829
38,송파파인타운5단지,서울특별시 송파구 장지동 충민로4길 5,15.528571428571428,19.22252747252745,37.4796153626,127.1297192236,"506, 충민로4길, 장지동, 송파구, 서울, 05813, 대한민국",74355
39,GS강동자이 아파트,서울특별시 강동구 천호대로 1239(길동),6.70626373626373,21.80681318681317,37.4765488043,127.111607161,"자곡로, 방죽마을, 세곡동, 강남구, 서울, 06370, 대한민국",54028
40,삼전동 공영주차장,서울특별시 송파구 삼전동 175-8,101.35015384615383,0.0,37.500239,127.095866,"삼학사로9길, 배명상가단지, 삼전동, 송파구, 서울, 05679, 대한민국",60486
41,위례 포레샤인 23단지,서울특별시 송파구 장지동 380-1,13.918923076923083,17.042454212454192,37.47617081866,127.1353309043,"2302, 위례순환로, 위례동, 송파구, 서울, 05814, 대한민국",0
42,강일리버파크7단지 아파트,서울특별시 강동구 아리수로98길 25,10.9521978021978,17.63214652014651,37.56505092294,127.1788028280,"강일고등학교.강일리버파크7단지, 아리수로98길, 강일동, 강동구, 서울, 05214, 대한민국",104353
43,강일리버파크5단지,서울특별시 강동구 강일동 아리수로97길 20,7.740417582417578,15.473113553113569,37.567726,127.178447,"강일리버5단지.미사강변루나리움, 풍산로, 강일동, 강동구, 서울, 05209, 대한민국",10065
44,문정근린공원 공영주차장,서울특별시 송파구 문정로 지하 12,90.88290109890124,0.0,37.485959583661,127.1236290222,"문정동제일은행, 문정로, 문정1동, 송파구, 서울, 05807, 대한민국",60380
45,잠실파크인수,서울특별시 송파구 백제고분로 187,0.0,5.937054945054947,37.50473262281,127.0877404572,"파크인수아파트, 187, 백제고분로, 잠실본동, 송파구, 서울, 05567, 대한민국",239915
46,문정래미안아파트,서울특별시 송파구 문정동 문정로 83,27.768395604395604,25.704534798534766,37.490893,127.130226,"문정 래미안 보도, 문정래미안아파트, 문정1동, 송파구, 서울, 05826, 대한민국",0
47,현대백화점 천호점,서울특별시 강동구 천호대로 1005,42.40775824175819,0.0,37.53887464166,127.1244744264,"현대백화점 천호점, 천호대로, 천호2동, 강동구, 서울, 05329, 대한민국",2373554
48,거여1단지 아파트,서울특별시 송파구 거여동 양산로8길 8,12.546197802197796,13.767527472527476,37.4909147866,127.1445652655,"관리사무소, 양산로8길, 거여2동, 송파구, 서울, 05772, 대한민국",27126
49,잠실한양3차 아파트,서울특별시 송파구 방이동 양재대로 1089,0.0,4.369230769230767,37.5058495904,127.1224810673,"3, 오금로, 송파2동, 송파구, 서울, 05645, 대한민국",406954
50,송파와이즈더샵,서울특별시 송파구 장지동 위례광장로 270,0.0,14.364285714285705,37.4771052523,127.1436523086,"101, 위례광장로, 위례동, 송파구, 서울, 05851, 대한민국",0
51,둔촌푸르지오아파트,서울특별시 강동구 둔촌동 명일로 172,11.496527472527468,9.702783882783882,37.53414,127.14507,"둔촌푸르지오아파트, 명일로12길, 둔촌2동, 강동구, 서울, 05350, 대한민국",45258
52,성내동중앙하이츠,"서울특별시 강동구 양재대로95길 53 (성내동, 중앙하이츠아파트)",0.0,7.381296703296707,37.53051922418,127.1335396726,"풍성로53길, 성내3동, 강동구, 서울, 05376, 대한민국",62663
53,강일리버파크 6단지,서울특별시 강동구 강일동 아리수로94길 19,8.578109890109893,0.0,37.5627340873,127.1772602489,"아리수로94길, 강일동, 강동구, 서울, 05212, 대한민국",105305
54,송파공영주차장,서울특별시 송파구 백제고분로44길 13-25,0.6699999999999999,0.0,37.507026462481,127.1132924712,"송파동공영주차장, 13-25, 백제고분로44길, 송파1동, 송파동, 서울, 05665, 대한민국",239915
55,송파파인타운10단지,서울특별시 송파구 장지동 송파대로8길 20,11.042549450549451,7.028714285714287,37.4781324844,127.1311863959,"1004, 송파대로8길, 장지동, 송파구, 서울, 05813, 대한민국",1877391
56,송파파인타운1단지아파트,서울특별시 송파구 장지동 833,0.0,10.345384615384628,37.4863182,127.1341958,"101, 위례송파로, 장지동, 송파구, 서울, 05799, 대한민국",0
57,한강극동아파트,서울특별시 송파구 풍납동 토성로 38-6,29.20501098901097,26.835604395604403,37.5294607024,127.1140527139,"상가, 토성로4길, 송파구, 서울, 05536, 대한민국",0
58,암펠로스타워,서울특별시 강동구 둔촌동 명일로 110,0.0,11.154725274725278,37.5288091079,127.1431676374,"현대마트, 진황도로, 둔촌2동, 강동구, 서울, 05371, 대한민국",0
59,길동삼익파크,서울특별시 강동구 길동 명일로 293,12.96380219780221,16.163626373626364,37.5447060359,127.1463619029,"양재대로128길, 길동, 강동구, 서울, 05296, 대한민국",3443265
60,고덕리엔파크1단지,서울특별시 강동구 상일로 152,0.0,16.677032967032964,37.561757,127.172139,"102-1404, 아리수로, 강일동, 강동구, 서울, 05211, 대한민국",100856
61,풍납쌍용,서울특별시 송파구 풍납동 올림픽로47길 9,1.9552527472527472,13.109010989010995,37.5274169167,127.1180408617,"하나은행, 올림픽로47길, 풍납쌍용아파트, 오륜동, 송파구, 서울, 05537, 대한민국",821223
62,명일한양아파트,서울특별시 강동구 명일동 동남로71길 19,35.30551648351646,0.0,37.550839,127.155315,"2동, 동남로, 상일1동, 강동구, 서울, 05278, 대한민국",345605
63,강동보건소,서울특별시 강동구 성내동 541-2,3.179120879120879,0.0,37.529539325201,127.1253752982,"강동구보건소, 성내로3가길, 성내1동, 강동구, 서울, 05396, 대한민국",4671
64,위례송파푸르지오 아파트,서울특별시 송파구 장지동 위례광장로 185,5.103604395604395,0.0,37.4802093902,127.1397599524,"104, 휴먼링 보행자도로, 위례동, 송파구, 서울, 05853, 대한민국",0
65,강일리버파크11단지,서울특별시 강동구 강일동 고덕로97길 100,0.0,1.7270769230769225,37.562856,127.17973,"대광교회, 29, 고덕로97길, 강일동, 강동구, 서울, 05214, 대한민국",217091
66,강일리버파크10단지,서울특별시 강동구 강일동 고덕로97길 20,3.2662417582417587,0.0,37.5592088582,127.1799953539,"강일리버파크9단지.10단지, 고덕로97길, 강일동, 강동구, 서울, 05214, 대한민국",217091
67,한강현대 아파트,서울특별시 강동구 암사동 올림픽로104길 41,2.8130989010989005,4.68153846153846,37.5560114394,127.131304691,"아리수로, 암사3동, 강동구, 서울, 05230, 대한민국",100856
68,암사라인 아파트,서울특별시 강동구 암사동 고덕로 53,0.0,0.0037362637362637367,37.5549808769,127.1311444412,"뚜레쥬르, 고덕로, 암사1동, 강동구, 서울, 05236, 대한민국",212072
69,송파현대힐스테이트,서울특별시 송파구 풍납동 풍성로26길 31,0.0,11.405714285714284,37.530849827,127.11830456,"풍납동성당, 토성로19길, 송파구, 서울, 05537, 대한민국",0
70,경보그레이스 힐,서울특별시 강동구 성내동 풍성로53길 40,0.0,1.4758351648351644,37.5311320576,127.1353837592,"경보그레이스힐, 풍성로53길, 성내3동, 성내동, 서울, 05376, 대한민국",62663
71,쌍용스윗닷홈 거여1차 아파트,서울특별시 송파구 오금로62길 10,0.0,2.1710769230769227,37.49182576795,127.1467064418,"임마누엘집, 양산로10길, 거여2동, 송파구, 서울, 05773, 대한민국",27126
72,가락우성2차 아파트,서울특별시 송파구 가락동 중대로12길 35,0.0,0.02813186813186813,37.4920142127,127.1254708566,"101, 중대로12길, 가락본동, 송파구, 서울, 05827, 대한민국",184368
73,한강포스파크아파트,서울특별시 강동구 암사동 고덕로19길 30,0.0,0.002417582417582417,37.556032,127.133941,"고덕로19길, 암사3동, 강동구, 서울, 05236, 대한민국",212072
74,천호유수지,서울특별시 강동구 선사로 70 (천호동),1.1300549450549449,0.0,37.544788986,127.12187757,"천중로2길, 천호2동, 강동구, 서울, 05246, 대한민국",45811
75,송파도서관,"서울특별시 송파구 동남로 263 (오금동, 송파도서관)",1.1090549450549452,0.0,37.5010,127.1340,"반석블레스빌아파트, 20, 동남로23가길, 오금동, 송파구, 서울, 05727, 대한민국",345605
76,강동아트센터(강동문화재단),"서울특별시 강동구 동남로 870 (상일동, 강동아트센터)",0.4964395604395605,0.0,37.5511,127.1573,"강동아트센터, 570, 동남로, 상일1동, 강동구, 서울, 05278, 대한민국",345605
77,문래힐스테이트,서울특별시 영등포구 문래동3가 문래로 82,0.0,7.145821428571431,37.51872,126.89107,"선유로, 문래창작촌, 문래동, 영등포구, 서울, 07295, 대한민국",1123093
78,롯데캐슬엠파이어,서울특별시 영등포구 여의도동 의사당대로 127,13.217560439560446,19.854505494505485,37.520241356,126.9264085517,"127, 의사당대로, 여의동, 영등포구, 서울, 07328, 대한민국",310454
79,영등포아트자이 아파트,서울특별시 영등포구 도림동 도영로 66,6.107318681318685,12.898578754578756,37.5103939542,126.9001777987,"도영로20길, 도림동, 영등포구, 서울, 07290, 대한민국",33433
80,대림어린이공원 공영주차장,서울특별시 영등포구 대림동 870,74.73758241758239,0.0,37.491084439,126.9033538022,"흰돌교회, 대림로, 대림1동, 영등포구, 서울, 07444, 대한민국",116828
81,문래자이아파트,서울특별시 영등포구 문래동3가 당산로4길 12,12.682725274725275,18.974945054945067,37.5162769232,126.8973918801,"당산로4길, 문래창작촌, 문래동, 영등포구, 서울, 07290, 대한민국",199397
82,남서울직할(영등포)지사,서울특별시 영등포구 문래동3가 80,114.38351648351644,0.5827409733124019,37.52031651,126.892762,"문래북로, 양평1동, 영등포구, 서울, 07294, 대한민국",0
83,신길경남 아파트,서울특별시 영등포구 영등포로 351,2.7061538461538466,12.702087912087912,37.515558,126.918256,"CU, 영등포로, 신길1동, 영등포구, 서울, 07316, 대한민국",598585
84,남서울직할,서울특별시 영등포구 여의도동 21,37.884956043956116,1.9816758241758246,37.52754543,126.930284,"한국전력공사 남서울본부, 여의동로, 여의동, 영등포구, 서울, 07338, 대한민국",568527
85,당산대우 아파트,서울특별시 영등포구 당산동2가 16-1,3.0655164835164825,14.702747252747256,37.5208860347,126.8928607252,"대우 메종리브르아파트 101동, 영등포로, 당산1동, 당산동2가, 서울, 07291, 대한민국",598585
86,국회의사당,서울특별시 영등포구 여의도동 1,0.0,16.284461538461567,37.5329136,126.9164036,"국회다솜화원, 여의서로, 여의동, 영등포구, 서울, 07233, 대한민국",368335
87,바다마을아파트,서울특별시 영등포구 신길동 가마산로 540,0.0,2.9074120879120895,37.50276,126.91541,"102, 신풍로17길, 신길7동, 영등포구, 서울, 07391, 대한민국",41985
88,신길뉴타운한화꿈에그린,서울특별시 영등포구 신길동 신길로 119,0.0,7.282087912087914,37.5035107402,126.909709552,"신길로29가길, 신길5동, 영등포구, 서울, 07398, 대한민국",330667
89,보라매벚꽃마을아파트,서울특별시 영등포구 신길동 대방천로14길 34,0.0,51.87584615384612,37.4959210357,126.9101936408,"103동, 신길로8길, 신길6동, 영등포구, 서울, 07435, 대한민국",330667
90,신길삼성래미안,서울특별시 영등포구 신길동 가마산로79길 7,6.9829010989011,10.294945054945051,37.505457,126.9153493,"신길삼성래미안1단지아파트, 신길7동, 영등포구, 서울, 07391, 대한민국",0
91,대림동현대3차 아파트,서울특별시 영등포구 대림동 608-1,5.394109890109888,11.912527472527469,37.5062341681,126.8951526953,"도신로, 대림3동, 영등포구, 서울, 08209, 대한민국",151254
92,양평한신아파트,서울특별시 영등포구 양평동5가 76,19.622307692307686,26.88026373626371,37.54007118621,126.8920208623,"양평로22가길, 양평2동, 영등포구, 서울, 07205, 대한민국",190348
93,대림운동장 공영주차장,서울특별시 영등포구 대림동 780,117.48248351648371,0.0,37.499068524,126.8942003346,"테니스장, 대림로39길, 대림3동, 영등포구, 서울, 07411, 대한민국",116828
94,영등포레미안 아파트,서울특별시 영등포구 신길동 4945,8.409120879120877,16.39727472527471,37.5049810409,126.9095268262,"신길3동, 영등포구, 서울, 07430, 대한민국",0
95,문래금호어울림 아파트,서울특별시 영등포구 문래동3가 97,0.0,5.333274725274727,37.5189841833,126.8981392781,"문래로, 문래창작촌, 문래동, 영등포구, 서울, 07294, 대한민국",44058
96,문래건영아파트,서울특별시 영등포구 문래동3가 93-1,0.0,2.082498168498168,37.51827643829,126.8925386789,"서울문래초등학교, 문래로, 문래창작촌, 문래동, 영등포구, 서울, 07278, 대한민국",44058
97,당산근린지하공영주차장,서울특별시 영등포구 당산로27길 12 (당산동3가),19.829417582417587,0.0,37.525512220,126.89576941,"당산로27길, 당산1동, 영등포구, 서울, 07264, 대한민국",199397
98,서울영등포우체국,"서울특별시 영등포구 선유동2로 6 (당산동4가, 서울영등포우체국)",0.6540549450549449,0.0,37.52962614,126.8949565,"서울영등포우체국, 당산로35길, 당산2동, 영등포구, 서울, 07220, 대한민국",199397
99,영등포구민회관,"서울특별시 영등포구 국회대로 596 (당산동3가, 영등포구민회관)",1.7784395604395604,0.0,37.526142,126.900028,"영등포구민회관, 신월여의지하도로, 당산1동, 영등포구, 서울, 07992, 대한민국",0
100,신정동일하이빌아파트1단지,"서울특별시 양천구 신정로11길 20 (신정동, 동일하이빌아파트)",0.0,21.085010989010982,37.51078330890,126.8401934228,"205, 신정로11길, 동일하이빌2단지아파트, 신정3동, 양천구, 서울, 08032, 대한민국",81374
101,방화5단지 아파트,서울특별시 강서구 방화동 금낭화로 287-19,19.04248351648352,8.581846153846152,37.5768026767,126.810285497,"503, 금낭화로, 방화3동, 강서구, 서울, 07511, 대한민국",13836
102,e편한세상염창,서울특별시 강서구 공항대로 583,0.0,12.720421978021976,37.54876208844,126.8703941578,"공항대로67길, 염창동, 강서구, 서울, 07948, 대한민국",829081
103,신정이펜하우스 2단지,서울특별시 양천구 신정이펜2로 55,0.0,9.80435164835164,37.515688,126.830737,"신정이펜하우스 2단지아파트, 신정3동, 양천구, 서울, 08038, 대한민국",0
104,목동 현대하이페리온2아파트,서울특별시 양천구 목동 961,10.72538461538462,26.76358974358976,37.52438967643,126.8700630152,"203, 목동서로, 목1동, 양천구, 서울, 08012, 대한민국",303723
105,부영그린타운2차,서울특별시 양천구 목동 908-28,0.0,20.822956043956047,37.5363756323,126.8811258526,"부영그린2차, 목동동로, 목5동, 양천구, 서울, 07984, 대한민국",293164
106,마곡힐스테이트,서울특별시 강서구 마곡동 725-1,10.714967032967033,23.11028571428572,37.5646953177,126.8184339904,"101동, 74, 마곡서1로, 방화1동, 강서구, 서울, 07599, 대한민국",0
107,한국공항공사 서울,서울특별시 강서구 방화동 886,98.58498901099009,0.0,37.564959,126.794854,"김포국제공항, 남부순환로, 공항동, 강서구, 서울, 07628, 대한민국",6346710
108,서울에너지공사 주차장,서울특별시 양천구 목동 900,128.34542307692303,0.0,37.5401156047,126.883763102,"서울에너지공사(목동), 목동서로2길, 목5동, 양천구, 서울, 07984, 대한민국",303723
109,마곡엠밸리3단지,서울특별시 강서구 마곡동 736,9.996857142857142,24.166978021977993,37.5685319217,126.819719606,"apartment, 마곡서1로, 방화1동, 강서구, 서울, 07598, 대한민국",0
110,방화동성아파트,서울특별시 강서구 방화동 금낭화로23길 8,1.7985714285714283,7.533699633699624,37.5794084299,126.812592887,"106, 금낭화로23길, 방화3동, 강서구, 서울, 07511, 대한민국",13836
111,목동힐스테이트아파트,서울특별시 양천구 신정동 중앙로36길 15,31.207846153846134,44.30175824175821,37.5207747014,126.855947273,"111동, 은행정로5길, 신정1동, 양천구, 서울, 08089, 대한민국",0
112,마곡수명산파크1단지,서울특별시 강서구 내발산동 742,12.247186813186806,22.5942857142857,37.5535661829,126.8305340094,"101동, 108, 강서로47길, 발산1동, 강서구, 서울, 07634, 대한민국",509444
113,양천벽산블루밍 아파트,서울특별시 양천구 신월동 1026,1.9874065934065932,19.58624175824174,37.5245986953,126.8392967298,"월정로9길, 신월4동, 양천구, 서울, 07772, 대한민국",47715
114,화곡초록 아파트,서울특별시 강서구 화곡동 1139,8.976945054945055,0.0,37.5452804761,126.8329698193,"103, 화곡로13길, 화곡3동, 강서구, 서울, 07709, 대한민국",803133
115,마곡수명산파크3단지,서울특별시 강서구 내발산동 751,1.516945054945055,7.825032967032967,37.5518565943,126.8247074755,"308동, 110, 수명로1길, 발산1동, 강서구, 서울, 07643, 대한민국",17444
116,마곡수명산파크8단지,서울특별시 강서구 수명로2길 108,0.0,13.091648351648356,37.55097481545,126.8285922819,"807동, 108, 수명로2길, 발산1동, 강서구, 서울, 07636, 대한민국",17444
117,마곡엠밸리6단지,서울특별시 강서구 마곡동 743,38.889912087912144,20.417582417582402,37.5657531052,126.8196221693,"602, 마곡서1로, 방화1동, 강서구, 서울, 07799, 대한민국",0
118,마곡엠밸리2단지,서울특별시 강서구 마곡동 마곡서1로 146,0.0,8.632358974358974,37.568824973,126.82141102,"206, 마곡서1로, 방화1동, 강서구, 서울, 07598, 대한민국",0
119,강서양천지사,서울특별시 양천구 신정동 319-1,87.63643956043958,2.157563579277866,37.52007602,126.8687447,"목동8단지, 목동서로, 신정6동, 양천구, 서울, 08012, 대한민국",303723
120,마곡13단지 힐스테이트마스터,서울특별시 강서구 마곡동 748,25.329626373626397,35.04074725274724,37.557592,126.818291,"1305동, 방화대로, 공항동, 강서구, 서울, 07645, 대한민국",167805
121,마곡수명산파크5단지,서울특별시 강서구 내발산동 749,13.782175824175825,29.212362637362617,37.5515869245,126.8275825587,"512동, 105, 수명로2길, 발산1동, 강서구, 서울, 07635, 대한민국",17444
122,목동트윈빌,서울특별시 양천구 목동 905-22,1.1217582417582417,18.90745054945054,37.5321760813,126.8767427591,"서울 양천우체국, 117, 목동서로, 목5동, 양천구, 서울, 07988, 대한민국",303723
123,마곡엠밸리11단지아파트,서울특별시 강서구 마곡동 공항대로 124,0.0,10.902307692307707,37.558829,126.820478,"죽이야기, 마곡중앙1로, 공항동, 강서구, 서울, 07808, 대한민국",10878
124,마곡수명산파크6단지,서울특별시 강서구 내발산동 수명로2길 63,2.257274725274725,13.414021978021982,37.5498760484,126.8258211289,"605동, 63, 수명로2길, 발산1동, 강서구, 서울, 07635, 대한민국",17444
125,목동2차우성아파트,서울특별시 양천구 신정동 337,6.849868131868133,0.0,37.50749198974,126.8665833558,"207, 목동남로4길, 신정7동, 양천구, 서울, 08102, 대한민국",370838
126,가로공원 공영주차장,서울특별시 양천구 신월동 263,77.18160439560432,0.0,37.5359873615,126.8290440925,"국민은행신월동지점, 가로공원로, 신월1동, 양천구, 서울, 07903, 대한민국",197981
127,방화동부센트레빌,서울특별시 강서구 방화동 875,3.458813186813187,0.0,37.5744012407,126.8140680039,"105, 방화대로45길, 방화1동, 강서구, 서울, 07511, 대한민국",167805
128,마곡엠밸리8단지,서울특별시 강서구 마곡동 마곡서1로 81,19.391978021978016,0.0,37.564076,126.819977,"810, 마곡서1로, 방화1동, 강서구, 서울, 07799, 대한민국",0
129,신정숲속마을아파트,서울특별시 양천구 신정동 1324,14.53081318681317,0.0,37.506123778,126.83393067,"신정로, 신정3동, 양천구, 서울, 08249, 대한민국",81374
130,푸른마을2단지,서울특별시 양천구 신정동 1281,7.749428571428569,21.01323076923076,37.5135083255,126.8360674722,"205, 신정로7길, 신정3동, 양천구, 서울, 08038, 대한민국",81374
131,마곡수명산파크7단지,서울특별시 강서구 내발산동 수명로2가길 22,5.098593406593404,16.426593406593415,37.5476645873,126.821919941,"708동, 22, 수명로2가길, 발산1동, 강서구, 서울, 07642, 대한민국",17444
132,강서한강자이아파트,서울특별시 강서구 가양동 양천로55길 55,2.7597802197802204,5.803516483516485,37.5664707563,126.8481216583,"55, 양천로53길, 한보구암마을 아파트, 가양1동, 강서구, 서울, 07573, 대한민국",333113
133,미주진로아파트,"서울특별시 강서구 공항대로 351-21 (등촌동, 미주진로아파트)",0.0,13.390505494505494,37.56018,126.84705,"등촌3동, 강서구, 서울, 07586, 대한민국",0
134,목동삼성쉐르빌1,서울특별시 양천구 신정동 318-10,1.3384395604395607,0.6692527472527472,37.5229427348,126.8701243493,"목1동, 양천구, 서울, 08012, 대한민국",0
135,염창힐스테이트 아파트,서울특별시 강서구 염창동 306,0.0,10.88408791208791,37.5516160358,126.8733338342,"양천로73길, 염창동, 강서구, 서울, 07948, 대한민국",333113
136,한사랑2차삼성 아파트,서울특별시 강서구 공항대로59길 64,0.2984395604395605,1.4031868131868128,37.5613619067,126.8139781759,"공항대로15길, 공항동, 강서구, 서울, 07599, 대한민국",829081
137,신월코아루1단지아파트,서울특별시 양천구 신월동 남부순환로56길 9,0.0,3.5640512820512824,37.531844,126.82983,"남부순환로56가길, 신월3동, 양천구, 서울, 07902, 대한민국",6346710
138,우당 아파트,서울특별시 양천구 신월동 506-1,0.0,0.011230769230769228,37.523063902,126.8478476951,"오목로, 신월2동, 양천구, 서울, 08032, 대한민국",423044
139,신정뉴타운두산위브아파트,서울특별시 양천구 신월로20길 7,6.2368131868131895,0.0,37.5129548999,126.827074251,"신월로, 신정3동, 양천구, 서울, 08038, 대한민국",99770
140,신월해주 아파트,서울특별시 양천구 신월동 217-8,0.0,1.6511978021978015,37.5270574059,126.8346395361,"신월1동, 양천구, 서울, 08038, 대한민국",0
141,서울남부출입국 외국인사무소,"서울특별시 강서구 마곡서1로 48 (마곡동, 서울남부출입국관리사무소)",34.484043956043934,0.0,37.561156350419,126.8211838432,"서울남부출입국외국인사무소, 마곡서1로, 공항동, 강서구, 서울, 07799, 대한민국",0
142,마곡 이웰메디파크,서울특별시 강서구 마곡중앙4로 74 (마곡동),9.435538461538458,0.0,37.557883163419,126.8348832420,"이웰메디파크, 마곡중앙4로, 발산1동, 강서구, 서울, 07811, 대한민국",0
143,강서수도사업소,서울특별시 양천구 목동동로 155 (신정동),10.22789010989011,0.0,37.495803083699,126.8906226905,"교회, 구로중앙로18길, 구로4동, 구로구, 서울, 08303, 대한민국",716882
144,등마루 공영주차장,"서울특별시 양천구 목동중앙북로8다길 지하 4 (목동, 목3동 등마루 공영주차장)",45.95316483516481,0.0,37.545968011794,126.8654878970,"등촌교회, 1, 목동중앙북로8다길, 목3동, 양천구, 서울, 07951, 대한민국",6295
145,한국방송광고진흥공사,"서울특별시 양천구 목동동로 233 (목동, 한국방송회관)",5.993010989010988,0.0,37.527003957169,126.8713198837,"목동방송회관, 목동동로, 목1동, 양천구, 서울, 08000, 대한민국",293164
146,신정동일하이빌아파트2단지,"서울특별시 양천구 신정로11길 20 (신정동, 동일하이빌아파트)",0.0,23.728241758241758,37.51191722058,126.8387340678,"101, 신정로11길, 동일하이빌1단지아파트, 신정3동, 양천구, 서울, 08032, 대한민국",81374
147,한국공항공사 고객전용주차장,"서울특별시 강서구 하늘길 78 (과해동, 한국공항공사)",0.08923076923076922,0.0,37.561810793,126.79866127,"한국공항공사이마트공항점, 하늘길, 공항동, 강서구, 서울, 07612, 대한민국",292562
148,강서경찰서 민원인주차장,"서울특별시 강서구 화곡로 308 (화곡동, 서울강서경찰서)",47.36604395604396,0.0,37.551278229,126.85001114,"서울 강서경찰서, 화곡로, 화곡6동, 강서구, 서울, 07689, 대한민국",803133
149,양천구청 지하주차장,"서울특별시 양천구 목동동로 105 (신정동, 양천구청)",6.86225274725275,0.0,37.517105,126.866302,"양천구청, 목동동로, 신정6동, 양천구, 서울, 08094, 대한민국",293164
150,은천2단지 아파트,서울특별시 관악구 봉천동 인헌12길 46-1,32.48254945054943,19.422417582417573,37.4706639492,126.9645625253,"46, 인헌12길, 인헌동, 관악구, 서울, 08797, 대한민국",0
151,관악동작 견인차량 보관소,서울특별시 관악구 신사로 7,174.87334065934138,0.0,37.4846968754,126.904065304,"봉천로, 조원동, 관악구, 서울, 07074, 대한민국",698709
152,이수힐스테이트,서울특별시 동작구 동작동 동작대로39길 22,20.671648351648358,40.717362637362655,37.49463472,126.9819657575,"103, 동작대로, 사당2동, 동작구, 서울, 06694, 대한민국",1161434
153,서울대입구아이원,서울특별시 관악구 봉천동 청룡길 78,5.381846153846152,24.16701098901099,37.4783116175,126.945375416,"청룡길, 서울대입구 풍림아이원 2단지, 청룡동, 관악구, 서울, 08831, 대한민국",0
154,대우신림2차푸르지오,서울특별시 관악구 신림동 난곡로 66,21.84771428571428,0.0,37.4610661511,126.9198746198,"신림7동사무소, 난곡로, 관악산휴먼시아 1단지, 난향동, 관악구, 서울, 08847, 대한민국",106171
155,상도대림 아파트,서울특별시 동작구 상도동 상도로60길 20,0.0,5.359824175824175,37.4931852401,126.9532620463,"상도로66길, 상도1동, 동작구, 서울, 08730, 대한민국",263635
156,보라매삼성 아파트,서울특별시 관악구 봉천동 보라매로 62,9.102065934065934,12.117252747252747,37.4933922804,126.9278189979,"105, 62, 보라매로, 보라매동, 관악구, 서울, 08709, 대한민국",39179
157,상도파크자이,서울특별시 동작구 상도동 장승배기로 11,16.36705494505494,28.037802197802208,37.4995058611,126.9431253448,"신상도초등학교, 장승배기로, 상도2동, 동작구, 서울, 06921, 대한민국",24886
158,관악동작지사,서울특별시 동작구 동작대로 19,88.14404395604409,1.5623912087912077,37.47830829,126.9809567,"스타벅스, 동작대로3길, 사당1동, 동작구, 서울, 06693, 대한민국",1161434
159,흑석한강센트레빌,서울특별시 동작구 흑석동 흑석한강로 2,13.160813186813192,11.895091575091577,37.5051797465,126.9645145496,"101, 서달로12라길, 흑석동, 동작구, 서울, 06981, 대한민국",32685
160,신림서초 아파트,서울특별시 관악구 신림동 호암로16길 5,0.0,5.299043956043958,37.4640220022,126.9322465795,"호암로18가길, 삼성동, 관악구, 서울, 08821, 대한민국",321683
161,대방성원 아파트,서울특별시 동작구 대방동 여의대방로44길 9,5.453824175824176,11.714615384615385,37.509731742,126.9259166877,"서울신길초등학교, 16, 알마타길, 대림e편한세상2차아파트, 대방동, 서울, 07354, 대한민국",0
162,관악벽산블루밍,서울특별시 관악구 봉천동 은천로 93,35.516879120879146,0.0,37.4872820001,126.945246769,"101, 은천로, 벽산블루밍1차아파트, 은천동, 관악구, 서울, 08750, 대한민국",52470
163,숲속마을신동아파밀리에,서울특별시 동작구 신대방동 여의대방로10길 100,0.0,5.40142857142857,37.4915778003,126.9145364705,"101동, 여의대방로10길, 신대방2동, 동작구, 서울, 07435, 대한민국",1017673
164,신대방현대 아파트,서울특별시 동작구 신대방동 여의대방로 28,9.662813186813187,15.448219780219784,37.4952734403,126.911691628,"신대방현대아파트, 여의대방로, 신대방1동, 동작구, 서울, 07435, 대한민국",1017673
165,동작상떼빌 아파트,서울특별시 동작구 신대방동 신대방1가길 38,17.98481318681319,12.91545787545786,37.487899553,126.906937744,"101동, 대림로, 신대방1동, 동작구, 서울, 07070, 대한민국",116828
166,신림쌍용 아파트,서울특별시 관악구 신림동 미성길 122,4.747032967032968,16.152527472527485,37.472827882,126.9121747586,"103동, 미성길, 미성동, 관악구, 서울, 08553, 대한민국",0
167,사당롯데캐슬샤인,서울특별시 동작구 사당동 사당로27길 190,7.649428571428573,26.55670329670329,37.4909601775,126.9715998344,"101, 사당로27길, 사당3동, 동작구, 서울, 06989, 대한민국",90248
168,봉천건영6차아파트,서울특별시 관악구 봉천동 1701,0.0,14.359340659340658,37.47710349960,126.9519063577,"관악로5길, 갑을아파트, 청룡동, 관악구, 서울, 08832, 대한민국",385870
169,신동아 아파트,서울특별시 관악구 신림동 신림로 11길 151,0.0,0.6285714285714287,37.46433097545,126.9404753110,"대학길, 녹두거리, 대학동, 관악구, 서울, 08839, 대한민국",0
170,신림 주공2단지,서울특별시 관악구 신림동 광신길 86,0.0,22.523692307692343,37.46425,126.92662,"광신학원, 141, 광신길, 신림 주공아파트 2단지, 삼성동, 관악구, 서울, 08847, 대한민국",0
171,관악동부센트레빌 아파트,서울특별시 관악구 봉천동 은천로33길 5,14.706857142857144,28.22571428571427,37.4872985885,126.9501540148,"106, 5, 은천로33길, 성현동, 관악구, 서울, 08729, 대한민국",52470
172,대우유로카운티,서울특별시 동작구 상도동 양녕로 287,0.0,7.401098901098904,37.5054012556,126.9493141059,"정동병원, 매봉로, 상도1동, 동작구, 서울, 06968, 대한민국",0
173,서울시여성가족재단,서울특별시 동작구 대방동 345-1,39.43714285714283,0.0,37.51285934813,126.9284670320,"노량진로, 대방동, 동작구, 서울, 06900, 대한민국",226631
174,신림동부센트레빌,서울특별시 관악구 신림동 미성3길 16,0.0,1.507032967032967,37.4729532457,126.9160634915,"미성3길, 미성동, 관악구, 서울, 08772, 대한민국",0
175,래미안상도3차아파트,서울특별시 동작구 대방동 상도로 53길 8,3.352087912087913,2.13356043956044,37.5000083801,126.92637413,"세이화랑, 상도로, 대방동, 동작구, 서울, 07056, 대한민국",263635
176,청광 아파트,서울특별시 관악구 신림로3가길 45-24,0.0,1.2274725274725276,37.467697029,126.94203825,"청광아파트, 45-34, 신림로3가길, 녹두거리, 대학동, 신림동, 서울, 08816, 대한민국",437014
177,보라매아카데미타워 아파트,서울특별시 동작구 신대방동 보라매로5가길 16,0.0,8.556263736263736,37.4912743812,126.9240940365,"아카데미타워, 보라매로5가길, 보라매타운, 신대방2동, 동작구, 서울, 08708, 대한민국",39179
178,상도래미안1차 아파트,서울특별시 동작구 상도동 등용로 37,2.529098901098901,7.482857142857141,37.5051697239,126.9330779992,"108, 상도로15마길, 상도2동, 동작구, 서울, 06953, 대한민국",263635
179,관악구 평생학습관,"서울특별시 관악구 남부순환로 1546 (신림동, 관악문화정보센터)",1.6900000000000002,0.0,37.484478416765,126.9336329584,"신림지구대, 남부순환로188길, 서원동, 관악구, 서울, 08755, 대한민국",6346710
180,빙수골 장미주차장,"서울특별시 동작구 국사봉16길 28 (상도동, 빙수골장미공영주차장)",6.25017582417582,0.0,37.493303809,126.93367320,"102, 국사봉16길, 상도3동, 동작구, 서울, 07043, 대한민국",0
181,관악구 종합체육센타,"서울특별시 관악구 낙성대로3길 37 (봉천동, 관악구민종합체육센터)",66.21690109890102,0.0,37.482950598,126.92242741,"신도교회, 남부순환로, 신원동, 관악구, 서울, 08771, 대한민국",6346710
182,대방중간집하장 공영주차장,"서울특별시 동작구 노량진로 47 (대방동, 대방차고쓰레기처리시설)",1.6719780219780223,0.0,37.513748188152,126.9307340460,"현대자동차 대방동사옥, 53, 노량진로, 대방동, 서울, 06901, 대한민국",226631
183,리첸시아방배,서울특별시 서초구 방배동 755-14,0.0,8.986483516483519,37.4972769868,126.9857331315,"댓짱돈까스, 사평대로, 방배동, 서초구, 서울, 06551, 대한민국",1079770
184,서초네이처힐7단지,서울특별시 서초구 우면동 735,0.0,18.661373626373624,37.4610734048,127.0211322702,"강남순환로, 양재1동, 서초구, 서울, 06768, 대한민국",943330
185,서초네이처힐6단지,서울특별시 서초구 우면동 737,12.611450549450552,22.639494505494515,37.4611517998,127.0256490145,"603, 태봉로2길, 양재1동, 서초구, 서울, 06764, 대한민국",60183
186,서초지사,서울특별시 서초구 효령로 72길 60,36.151725274725344,1.3038021978021987,37.48560466,127.028077,"한전아트센타, 서운로3길, 서초동, 서초구, 서울, 06732, 대한민국",0
187,서초포레스타5단지,서울특별시 서초구 신원동 374,3.953956043956044,13.295443223443224,37.4511428681,127.0576833777,"502, 청계산로9길, 내곡동, 서초구, 서울, 06794, 대한민국",0
188,래미안서초스위트 아파트,서울특별시 서초구 서초동 1301-6,2.565252747252747,18.24813186813189,37.5020983625,127.0198681406,"101, 사평대로, 래미안서초스위트아파트, 서초동, 서초구, 서울, 06608, 대한민국",1079770
189,반포리체 아파트,서울특별시 서초구 반포동 30-26,20.080483516483515,32.18318681318668,37.5044672196,127.0124541711,"106, 사평대로, 반포동, 서초구, 서울, 06544, 대한민국",1079770
190,예술의 전당,서울특별시 서초구 서초동 산 130-19,89.73228571428558,0.0,37.478856,127.011318,"예술의 전당, 2406, 남부순환로, 서초동, 서초구, 서울, 06757, 대한민국",6346710
191,방배롯데캐슬아르떼,서울특별시 null null null null null null null null null null null null null null null null null null null null null null null null null null null null null null null null null null null null null null null null null null null null null null null null null,0.0,13.029494505494526,37.48342824587,126.9837639178,"105, 방배천로20길, 방배2동, 서초구, 서울, 06677, 대한민국",0
192,서초롯데캐슬프레지던트,서울특별시 서초구 서초동 1681-8,0.0,10.981692307692303,37.496973514,127.019418966,"102동, 서초대로65길, 서초동, 서초구, 서울, 06603, 대한민국",248820
193,현대멤피스(A),서울특별시 서초구 방배동 774-19,0.0,11.835395604395604,37.49464638455,126.9888727756,"103, 동광로19길, 삼호1차아파트, 방배동, 서초구, 서울, 06557, 대한민국",63073
194,서초경남아너스빌201동,서울특별시 서초구 서초동 1456-2,0.0,6.796285714285717,37.4838195485,127.0141783796,"남부순환로323길, 서초경남 아너스빌, 서초동, 서초구, 서울, 06717, 대한민국",6346710
195,현대멤피스(B),서울특별시 서초구 방배동 772-13,0.0,5.58874725274725,37.49521397652,126.9884316700,"105동, 방배로, 삼호1차아파트, 방배동, 서초구, 서울, 06556, 대한민국",149244
196,방배동부센트레빌 아파트,서울특별시 서초구 방배동 3275,0.0,15.284538461538473,37.4973457271,126.9881169632,"103, 방배로, 방배동, 서초구, 서울, 06556, 대한민국",149244
197,서초힐스 아파트,서울특별시 서초구 우면동 773,12.637934065934056,24.26617582417583,37.4576068928,127.0175687231,"208, 중앙로, 양재1동, 서초구, 서울, 06767, 대한민국",455563
198,아크로리버파크,서울특별시 서초구 반포동 2-12,0.0,21.710329670329667,37.506252,126.9926731,"104, 신반포지하보차도, 아크로리버파크 아파트, 반포동, 서초구, 서울, 06503, 대한민국",0
199,서초더샵포레,서울특별시 서초구 내곡동 77,10.96821978021978,25.558681318681334,37.45392176545,127.0643310989,"콜마, 헌릉로8길, 내곡동, 서초구, 서울, 06794, 대한민국",1745615
200,서울시립어린이병원,서울특별시 서초구 내곡동 6-7,45.1489670329671,0.0,37.4557176389,127.068853552,"서울특별시 어린이병원, 260, 헌릉로, 내곡동, 서초구, 서울, 06801, 대한민국",1745615
201,LH서초4단지 아파트,서울특별시 서초구 우면동 788,0.0,23.71008791208787,37.45822562472,127.0241651050,"402, 양재대로2길, 양재1동, 서초구, 서울, 경기도, 06768, 대한민국",3451207
202,삼창골든빌리지 입주자대표회의,서울특별시 서초구 반포동 동광로32길 7,0.0,11.548714285714283,37.493953,126.997425,"동광로32길, 방배본동, 서초구, 서울, 06589, 대한민국",63073
203,서초동일하이빌,서울특별시 서초구 서초동 1542-1,0.0,19.30832967032967,37.49157868738,127.0083026731,"동일하이빌, 240, 서초대로, 서초동, 서초구, 서울, 06647, 대한민국",248820
204,신세계 강남점,서울특별시 서초구 반포동 19-3,61.632472527472686,0.0,37.504017347023,127.0024937597,"타워주차장, 반포대로, 반포4동, 서초구, 서울, 06578, 대한민국",1240721
205,방배3차e편한세상,서울특별시 서초구 방배동 797-30,0.0,19.372307692307725,37.494387147,126.9919893308,"104, 사평대로6길, 방배동, 서초구, 서울, 06584, 대한민국",1079770
206,서초2차e편한세상아파트,서울특별시 서초구 서초동 1529,0.0,12.764483516483516,37.48631222642,127.0092490429,"203, 서초e편한세상 2차아파트내 도로, 서초e편한세상 2차아파트, 서초동, 서초구, 서울, 06670, 대한민국",0
207,서초네이처힐1단지,서울특별시 서초구 우면동 707,0.0,6.477736263736259,37.4641083573,127.0191075276,"103, 우면산로, 양재1동, 서초구, 서울, 06765, 대한민국",0
208,방배1차 e편한세상,서울특별시 서초구 방배동 884-2,0.0,7.708241758241758,37.4872478308,126.9990140262,"103, 서초대로34가길, 방배동, 서초구, 서울, 06663, 대한민국",248820
209,남서울농협 하나로마트 우면점,서울특별시 서초구 우면동 763,22.060681318681315,0.0,37.45685749231,127.0158573549,"116-19, 양재대로2길, 양재1동, 우면동, 서울, 06767, 대한민국",3451207
210,롯데캐슬헤론,서울특별시 서초구 방배동 754-1,13.044373626373625,6.72357142857143,37.4969957466,126.984724466,"신한은행, 방배중앙로29길, 방배동, 서초구, 서울, 06551, 대한민국",499565
211,반포미도아파트,서울특별시 서초구 반포동 60-4,13.179670329670323,0.0,37.4999733383,127.0087078977,"302, 고무래로8길, 반포동, 서초구, 서울, 06593, 대한민국",0
212,서초롯데캐슬84,서울특별시 서초구 서초동 1642-14,0.0,8.701406593406588,37.4926055935,127.0184136982,"101, 사임당로19길, 서초1동, 서초구, 서울, 06635, 대한민국",50792
213,방배아이파크 아파트,서울특별시 서초구 방배동 3277,0.0,5.958230769230771,37.4914635743,126.9848070079,"401, 동광로7길, 방배동, 서초구, 서울, 06560, 대한민국",63073
214,방배롯데캐슬포레스트,서울특별시 서초구 방배동 844-1,0.0,8.757197802197805,37.49182668407,126.9958726786,"방배로30길, 방배본동, 서초구, 서울, 06586, 대한민국",149244
215,국립 중앙도서관,서울특별시 서초구 반포동 산 94-1,15.33536263736266,0.0,37.497059314057,127.0030787442,"국립중앙도서관, 반포대로37길, 서래마을, 반포동, 서초구, 서울, 06591, 대한민국",1240721
216,서초아크빌,서울특별시 서초구 반포대로22길 86,0.0,4.296021978021979,37.49068177836,127.0128453848,"신협, 서초대로50길, 서초3동, 서초구, 서울, 06646, 대한민국",248820
217,래미안서초7차 아파트,서울특별시 서초구 서초동 1642-34,0.0,2.4673296703296708,37.4877842236,127.0120262532,"서울교대사거리, 사임당로, 서초동, 서초구, 서울, 06652, 대한민국",50792
218,양재리본타워2단지아파트,서울특별시 null null null null null null null null null null null null null null null null null null null null null null null null null null null null null null null null null null null null null null null null null null null null null null null null null,0.0,2.99807142857143,37.46480903300,127.0359230291,"201, 매헌로8길, 양재2동, 서초구, 서울, 06769, 대한민국",0
219,태남빌딩 주차장,서울특별시 서초구 잠원로3길 40,2.3560879120879115,0.0,37.508200233894,127.0036390565,"태남빌딩, 신반포로23길, 반포3동, 서초구, 서울, 06511, 대한민국",335692
220,반포동방음언덕형 공영주차장,서울특별시 서초구 주흥5길 20 (반포동),8.631714285714288,0.0,37.498091006211,126.9996918386,"호두파이, 동광로39길, 서래마을, 반포동, 서초구, 서울, 06578, 대한민국",63073
221,잠원동방음언덕형 공영주차장,서울특별시 서초구 잠원동 10-33,42.987230769230784,0.0,37.516202344963,127.0162318685,"강남대로109길, 잠원동, 서초구, 서울, 06516, 대한민국",1630845
222,서초리젠 아파트,서울특별시 서초구 서초동 1444-19,0.0,0.006164835164835165,37.4843053021,127.0196960903,"세븐일레븐, 서초중앙로2길, 서초동, 서초구, 서울, 06721, 대한민국",630763
223,현대ESA아파트,서울특별시 서초구 서초동 1338,0.0,5.233560439560441,37.49088602217,127.0295128041,"우리은행, 강남대로51길, 서초동, 서초구, 서울, 06627, 대한민국",1630845
224,월드메르디앙 아파트,서울특별시 서초구 서초동 1549-3,0.3815164835164835,0.0,37.4901990746,127.0104481156,"반포대로26길, 서초3동, 서초구, 서울, 06646, 대한민국",1240721
225,구룡공원 공영주차장,서울특별시 서초구 양재동 399,6.344021978021975,0.0,37.4716396,127.0485046,"논현로5길, 양재동, 서초구, 서울, 06313, 대한민국",810897
226,동산마을 공영주차장,"서울특별시 서초구 강남대로8길 77 (양재동, 동산마을구립주차장)",23.329472527472536,0.0,37.470090886,127.04430893,"양재공영주차장(유료), 강남대로8길, 양재2동, 서초구, 서울, 06780, 대한민국",1630845
227,대한무역투자진흥공사,"서울특별시 서초구 헌릉로 13 (염곡동, 대한무역투자진흥공사(코트라))",3.3029560439560446,0.0,37.465214569,127.04466925,"대한무역투자진흥공사 (KOTRA), 헌릉로, 내곡동, 서초구, 서울, 06779, 대한민국",1745615
228,방배복개도로 제2지역 공영주차장,"서울특별시 서초구 동작대로 22-2 (방배동, 가로분식점)",19.777296703296713,0.0,37.478409455,126.98197090,"방배천로4길, 방배2동, 서초구, 서울, 06693, 대한민국",0
229,한국연구재단,"서울특별시 서초구 헌릉로 25 (염곡동, 한국연구재단)",2.449274725274725,0.0,37.464997748,127.04570951,"KOICA 글로벌인재교육원, 헌릉로, 내곡동, 서초구, 서울, 06779, 대한민국",1745615
230,양재하이브랜드,"서울특별시 서초구 매헌로 16 (양재동, 하이브랜드)",0.2486648351648352,0.0,37.463367077,127.03701594,"E-Mart, 매헌로, 양재동, 서초구, 서울, 경기도, 06769, 대한민국",0
231,강남아이파크,서울특별시 강남구 자곡동 자곡로 175,45.74206593406597,38.11824175824177,37.4742504351,127.1025415943,"709동, 자곡로, 방죽마을, 세곡동, 강남구, 서울, 06373, 대한민국",54028
232,타워팰리스1차,서울특별시 강남구 도곡동 언주로30길 56,45.61481318681317,30.27434065934062,37.4880682608,127.0534828799,"D, 56, 언주로30길, 도곡동, 강남구, 서울, 06294, 대한민국",1056363
233,역삼래미안,서울특별시 강남구 역삼동 757,4.296615384615384,13.883681318681306,37.4981410336,127.050493262,"102, 선릉로69길, 역삼동, 강남구, 서울, 06199, 대한민국",235230
234,개나리푸르지오,서울특별시 강남구 역삼동 755-1,0.0,10.794029304029314,37.49967763910,127.0495726208,"301동, 역삼로, 역삼동, 강남구, 서울, 06199, 대한민국",146774
235,개나리래미안 아파트,서울특별시 강남구 역삼동 역삼로 306,8.852637362637358,18.176593406593433,37.4989768233,127.0469586923,"107동, 역삼로, 역삼동, 강남구, 서울, 06199, 대한민국",146774
236,세곡푸르지오아파트,서울특별시 강남구 세곡동 533,12.893472527472527,21.909670329670345,37.4673544518,127.093427902,"세곡푸르지오, 자곡로, 은곡마을, 세곡동, 강남구, 서울, 06376, 대한민국",54028
237,래미안대치하이스턴 아파트,서울특별시 강남구 대치동 도곡로93길 12,9.103230769230773,32.44197802197804,37.5015124522,127.0654756841,"206, 도곡로93길, 대치2동, 강남구, 서울, 06189, 대한민국",290014
238,압구정하이츠파크,서울특별시 강남구 신사동 압구정로42길 78,0.0,21.600989010988993,37.524086963,127.033598412,"압구정 하이츠파크, 언주로160길, 신사동, 강남구, 서울, 06024, 대한민국",1056363
239,LH강남힐스테이트,서울특별시 강남구 자곡동 자곡로3길 21,28.29129670329668,33.09379120879125,37.4717680762,127.0881179237,"502동, 자곡로3길, LH강남힐스테이트아파트, 세곡동, 강남구, 서울, 06376, 대한민국",54028
240,도곡렉슬 아파트,서울특별시 강남구 도곡동 선릉로 221,53.894681318681286,48.19120879120873,37.4942075612,127.0497329724,"205, 도곡로, 래미안그레이튼아파트, 도곡2동, 강남구, 서울, 06275, 대한민국",290014
241,타워팰리스G동,서울특별시 강남구 도곡동 언주로30길 26,58.76371428571428,36.070648351648366,37.4877623464,127.0525283412,"반트, 26, 언주로30길, 도곡동, 강남구, 서울, 06294, 대한민국",1056363
242,강남한양수자인,서울특별시 강남구 자곡동 자곡로 260,22.86564835164835,38.90236263736267,37.475905,127.112986,"푸른에프앤비, 260, 자곡로, 방죽마을, 세곡동, 강남구, 서울, 06370, 대한민국",54028
243,강남구청 공영주차장,서울특별시 강남구 삼성동 16-1,202.47397802197818,0.0,37.51793074154,127.0471300614,"강남구청, 학동로68길, 삼성동, 강남구, 서울, 06069, 대한민국",221164
244,강남한신휴플러스6단지 아파트,서울특별시 강남구 율현동 밤고개로26길 50,2.976395604395605,8.497032967032967,37.4678116186,127.1048207502,"601동, 밤고개로26길, 강남한신휴플러스6단지, 세곡동, 강남구, 서울, 06377, 대한민국",325387
245,대치2문화센터 공영주차장,서울특별시 강남구 영동대로65길 24,55.08881318681309,0.0,37.502333059827,127.0642142814,"대치2동 주민센터, 24, 영동대로65길, 대치동, 강남구, 서울, 06187, 대한민국",954499
246,LH서울지사,서울특별시 강남구 선릉로 121길 12,200.6481098901095,0.0,37.514473,127.040862,"토지주택공사 서울지역본부, 학동로50길, 논현동, 강남구, 서울, 06099, 대한민국",221164
247,청담파크파라곤,서울특별시 강남구 청담동 학동로97길 31,0.0,20.008351648351642,37.521379742,127.0545473694,"101동, 학동로95길, 청담동, 강남구, 서울, 06085, 대한민국",221164
248,가람아파트,서울특별시 강남구 일원동 일원로 127,6.8259560439560465,0.0,37.4831588428,127.085381578,"107, 광평로, 일원본동, 강남구, 서울, 06361, 대한민국",35419
249,샘터마을 아파트,서울특별시 강남구 일원동 일원로 120,9.303274725274727,0.0,37.4852006506,127.0826748096,"103동, 일원로14길, 일원본동, 강남구, 서울, 06355, 대한민국",12646
250,강남세브란스 병원,서울특별시 강남구 언주로 211,55.768736263736365,0.0,37.492949,127.046255,"강남세브란스병원, 211, 언주로, 도곡1동, 강남구, 서울, 06273, 대한민국",1056363
251,대치현대 아파트,서울특별시 강남구 대치동 삼성로64길 5,8.414417582417581,23.188813186813203,37.500448308,127.0605123535,"108동, 삼성로64길, 대치2동, 강남구, 서울, 06191, 대한민국",362409
252,래미안강남힐즈,서울특별시 강남구 자곡동 자곡로 101,17.375340659340655,25.11274725274724,37.4726558946,127.0958062553,"자곡로5길, 래미안 강남 힐즈, 세곡동, 강남구, 서울, 06376, 대한민국",54028
253,세곡리엔파크3단지,서울특별시 강남구 세곡동 헌릉로590길 11,36.16586813186816,31.90021978021979,37.4643883571,127.104164884,"세곡할인마트, 헌릉로590길, 은곡마을, 세곡동, 강남구, 서울, 06365, 대한민국",1745615
254,래미안그레이튼,서울특별시 강남구 역삼동 도곡로43길 20,13.68274725274725,36.39692307692307,37.4968641934,127.0486174555,"206, 도곡로51길, 역삼동, 강남구, 서울, 06276, 대한민국",290014
255,삼성동힐스테이트2단지,서울특별시 강남구 삼성로 111길 8,20.56971428571427,22.869816849816885,37.513789,127.051413,"207, 삼성로111길, 삼성동힐스테이트2차아파트, 삼성2동, 강남구, 서울, 06155, 대한민국",362409
256,청담래미안로이뷰,서울특별시 강남구 청담동 영동대로142길 16,0.0,21.232747252747266,37.524757810,127.05621200,"101, 올림픽대로, 청담동, 강남구, 서울, 06082, 대한민국",11743093
257,우정에쉐르 3차,서울특별시 강남구 영동대로85길 17,0.0,0.16259340659340657,37.50687518967,127.0622276123,"17, 영동대로85길, 대치동, 강남구, 서울, 06183, 대한민국",961864
258,아이파크삼성동,서울특별시 강남구 삼성동 영동대로 640,51.35782417582421,0.0,37.5183968081,127.0595495102,"이스트윙, 영동대로128길, 삼성동, 강남구, 서울, 06080, 대한민국",954499
259,헌릉로745길 노상주차장,서울특별시 강남구 율현동 101-13,104.55727472527474,0.0,37.4702566872,127.1184618819,"성모자애복지관, 헌릉로745길, 세곡동, 강남구, 서울, 05845, 대한민국",1745615
260,역삼2차아이파크아파트,서울특별시 강남구 역삼동 도곡로57길 12,0.0,11.130439560439562,37.496746,127.051602,"레전드힐스오피스텔, 6, 도곡로57길, 역삼동, 강남구, 서울, 06275, 대한민국",290014
261,강남데시앙포레,서울특별시 강남구 수서동 광평로34길55,37.2506153846154,37.091208791208835,37.480849078,127.09236666,"GS25, 광평로34길, 일원본동, 강남구, 서울, 06352, 대한민국",35419
262,청담자이 아파트,서울특별시 강남구 청담동 영동대로138길 12,29.378065934065933,27.77052747252745,37.5241030942,127.0572508006,"105, 올림픽대로, 청담동, 강남구, 서울, 06082, 대한민국",11743093
263,타워팰리스 2차,서울특별시 강남구 도곡동 언주로30길 57,22.309758241758235,26.871406593406565,37.4894771854,127.0540356842,"E, 57, 언주로30길, 도곡동, 강남구, 서울, 06293, 대한민국",1056363
264,삼성동한일아파트,서울특별시 강남구 삼성동 48,0.0,10.03002197802199,37.51394035345,127.0500344955,"삼성2동, 강남구, 서울, 06091, 대한민국",0
265,역삼e-편한세상,서울특별시 강남구 역삼동 755-4,6.562923076923077,21.264175824175837,37.4988525999,127.051025254,"101동, 선릉로69길, 역삼동, 강남구, 서울, 06199, 대한민국",235230
266,개포7차 우성 아파트,서울특별시 강남구 일원동 개포로110길 15,16.03228571428572,17.932989010989004,37.4932436794,127.0791148884,"104, 15, 개포로110길, 일원2동, 강남구, 서울, 06337, 대한민국",117118
267,세곡리엔파크2단지 아파트,서울특별시 강남구 세곡동 헌릉로 590길10,10.54421978021978,0.0,37.4765488043,127.111607161,"자곡로, 방죽마을, 세곡동, 강남구, 서울, 06370, 대한민국",54028
268,삼성동현대아파트,서울특별시 강남구 삼성동 학동로64길 14,0.0,17.68835164835167,37.516764109,127.04461037,"선릉로130길, 삼성동 한솔아파트, 삼성2동, 강남구, 서울, 06088, 대한민국",235230
269,래미안대치팰리스,서울특별시 강남구 대치동 삼성로51길 37,33.75783516483518,0.0,37.4934362819,127.0576977958,"101, 남부순환로397길, 대치동, 강남구, 서울, 06280, 대한민국",6346710
270,강남한신휴 플러스8단지,서울특별시 강남구 율현동 밤고개로27길 20,0.0,6.385494505494503,37.4709029988,127.1097674257,"방죽마을, 세곡동, 강남구, 서울, 06378, 대한민국",0
271,삼성우정에쉐르아파트,서울특별시 강남구 삼성동 3-8,0.0,3.5158241758241755,37.51728078263,127.0445110245,"선릉로130길, 삼성동 한솔아파트, 삼성2동, 강남구, 서울, 06088, 대한민국",235230
272,삼성중앙하이츠빌리지,서울특별시 강남구 삼성동 학동로68길 30,0.0,29.100571428571413,37.5165790324,127.0465082121,"105동, 학동로68길, 삼성동, 강남구, 서울, 06069, 대한민국",221164
273,삼성동 에스케이뷰 아파트,서울특별시 강남구 삼성동 봉은사로109길 14-8,0.0,7.940131868131864,37.5163180973,127.064864227,"14-8, 봉은사로109길, 삼성동, 강남구, 서울, 06082, 대한민국",417850
274,도성 아파트,서울특별시 강남구 삼성로67길 14,0.0,1.244153846153846,37.5011341757,127.0583189354,"소모석유쎈트럴주유소, 삼성로67길, 대치동, 강남구, 서울, 06191, 대한민국",362409
275,아크로힐스논현,서울특별시 강남구 논현동 276-1,4.301340659340658,14.467791208791223,37.50957023378,127.0387042079,"언주로114길, 논현2동, 강남구, 서울, 06102, 대한민국",1056363
276,래미안삼성1차,서울특별시 강남구 삼성동 103-22,0.0,9.148681318681318,37.51716374633,127.0639328871,"22-5, 봉은사로109길, 삼성동, 강남구, 서울, 06082, 대한민국",417850
277,현대까르띠에710아파트,서울특별시 강남구 역삼동 710,0.0,13.911758241758228,37.50152205273,127.0449314174,"102동, 언주로86길, 역삼동, 강남구, 서울, 06152, 대한민국",1056363
278,도곡대림아크로빌,서울특별시 강남구 도곡동 언주로30길 13,42.0658461538462,0.0,37.4881415795,127.0506742304,"A동, 언주로, 도곡동, 강남구, 서울, 06295, 대한민국",1056363
279,삼성파크 아파트,서울특별시 강남구 삼성동 삼성로99길 14,0.0,9.756703296703297,37.5092129203,127.0538237005,"삼성파크아파트, 14, 삼성로99길, 삼성2동, 강남구, 서울, 06156, 대한민국",362409
280,세곡리엔파크1단지,서울특별시 강남구 세곡동 508,0.0,1.6856410256410255,37.46410010438,127.1009689711,"은곡마을, 세곡동, 강남구, 서울, 06365, 대한민국",0
281,금호어울림 아파트(삼성동),서울특별시 강남구 삼성동 봉은사로111길 25,0.0,3.492087912087911,37.5167326431,127.0647107496,"금호어울림아파트, 25, 봉은사로111길, 삼성동, 강남구, 서울, 06082, 대한민국",417850
282,라테라스삼성,서울특별시 강남구 삼성동 봉은사로 645,0.0,0.6654725274725275,37.515489,127.065721,"라테라스, 봉은사로113길, 삼성동, 강남구, 서울, 06171, 대한민국",464161
283,공무원연금공단 서울지부(상록회관),"서울특별시 강남구 언주로 508 (역삼동, 공무원연금공단)",1.823538461538461,0.0,37.504099826,127.04294445,"상록회관, 언주로94길, 역삼1동, 강남구, 서울, 06152, 대한민국",1056363
284,개봉영화 아파트,서울특별시 구로구 개봉동 475,4.338087912087912,18.27824175824176,37.4969765268,126.8582185106,"106, 경인로, 고척1동, 구로구, 서울, 08277, 대한민국",1964138
285,신도림동아1차 아파트,서울특별시 구로구 신도림로 87,20.22984615384615,19.18373626373629,37.510895,126.88338,"104, 신도림로, 신도림동, 구로구, 서울, 08201, 대한민국",320502
286,고척스카이돔,서울특별시 구로구 고척동 63-6,89.25587545787573,0.0,37.4985266401,126.866274181,"고척스카이돔, 430, 경인로, 고척1동, 구로구, 서울, 08223, 대한민국",1964138
287,천왕연지타운1단지,서울특별시 구로구 오류동 오류로 30,6.601912087912087,11.982857142857151,37.4864295233,126.8400162357,"104, 오류로, 현대타운아파트, 오류2동, 구로구, 서울, 08363, 대한민국",33877
288,구로구청 주차장,서울특별시 구로구 구로동 435,167.94091428571474,0.0,37.495709,126.887667,"구로구청 (Guro-gu Office), 구로중앙로21길, 구로2동, 구로구, 서울, 08284, 대한민국",716882
289,오류푸르지오,서울특별시 구로구 오류동 346,10.63243956043956,21.185934065934067,37.49128563,126.8411140273,"오류로8길, 오류2동, 구로구, 서울, 08363, 대한민국",33877
290,신구로자이 아파트,서울특별시 구로구 구로동 501,0.0,9.231098901098894,37.4999888818,126.8840967467,"신구로 자이 나인스 애비뉴, 구로중앙로32길, 구로5동, 구로구, 서울, 08279, 대한민국",716882
291,구로삼성래미안,서울특별시 구로구 구로동 256-1,10.602461538461537,23.347142857142828,37.4887518404,126.8920337159,"105동, 도림로20가길, 구로3동, 구로구, 서울, 08312, 대한민국",305995
292,고척근린공원 지하주차장,서울특별시 구로구 고척로 45길 39,66.60828571428578,0.0,37.506105,126.853160,"고척도서관, 고척로45길, 고척2동, 구로구, 서울, 08245, 대한민국",60517
293,지식산업센터(동일테크노타운8차),서울특별시 금천구 범안로 17길 1,100.53734065934037,0.0,37.469394,126.893430,"범안로17길, 독산1동, 금천구, 서울, 08524, 대한민국",255558
294,항동하버라인3단지,서울특별시 구로구 항동 119-12,0.0,10.541204395604407,37.47964958181,126.8242612472,"307, 항동로3길, 오류2동, 구로구, 서울, 08368, 대한민국",0
295,고척파크푸르지오,서울특별시 구로구 고척동 339,1.9946813186813186,12.96885714285716,37.50768066768,126.8583860162,"104, 중앙로, 고척2동, 구로구, 서울, 08218, 대한민국",455563
296,메이퀸 웨딩홀,서울특별시 금천구 독산동 152-1,17.203999999999994,0.0,37.47264941022,126.89753859628,"이사벨관광호텔, 가산로, 독산1동, 금천구, 서울, 08524, 대한민국",24662
297,고척벽산블루밍 아파트,서울특별시 구로구 고척동 경인로 390,17.747802197802205,30.22725274725277,37.4944609534,126.8643884522,"205, 경인로46길, 한마을아파트, 고척1동, 구로구, 서울, 08275, 대한민국",1964138
298,지식산업센터(대륭테크노타운2차),서울특별시 금천구 가산디지털1로 33-33,53.76307692307696,0.0,37.468697,126.884634,"가산디지털1로, 서울디지털국가산업단지 3단지, 가산동, 금천구, 서울, 08592, 대한민국",159243
299,신도림7차e-편한세상아파트,서울특별시 구로구 신도림동 신도림로 56-13,0.0,6.582644688644689,37.508273,126.882458,"804, 신도림로, 신도림동, 구로구, 서울, 08201, 대한민국",320502
300,구로4동 주택가 공동,서울특별시 구로구 구로동 741-44,70.82329670329669,0.0,37.489959,126.88704,"구로동로26길, 구로4동, 구로구, 서울, 08313, 대한민국",139010
301,남서울힐스테이트아파트,서울특별시 금천구 시흥동 시흥대로 165,4.563824175824172,14.093956043956036,37.446617,126.90216,"201동, 165, 시흥대로, 시흥3동, 금천구, 서울, 08637, 대한민국",1403800
302,롯데 아파트,서울특별시 구로구 구로동 1263,8.085758241758244,8.794857142857143,37.5028635877,126.8827758903,"B, 새말로, 일신건영아파트, 구로5동, 구로구, 서울, 08291, 대한민국",192476
303,신도림 쌍용플래티넘노블,서울특별시 구로구 구로동 46-7,0.0,24.744802197802198,37.5011166315,126.8913554617,"가로공원사거리, 공원로6길, 구로5동, 구로구, 서울, 07411, 대한민국",54926
304,천왕이펜하우스2단지,서울특별시 구로구 천왕동 천왕로 92,1.8860879120879122,5.450476190476189,37.4852303582,126.8380876043,"201, 천왕로, 오류2동, 구로구, 서울, 08363, 대한민국",10474
305,구로중앙하이츠아파트,"서울특별시 구로구 구로동로47길 24 (구로동, 구로중앙하이츠아파트)",0.0,7.386912087912091,37.49877,126.88051,"104, 벚꽃로, 구로2동, 구로구, 서울, 08281, 대한민국",331008
306,동아한신아파트,서울특별시 구로구 고척동 327,0.5401978021978022,6.495714285714284,37.50094935112,126.8653990608,"103, 중앙로6길, 동아한신아파트, 고척1동, 구로구, 서울, 08223, 대한민국",455563
307,고척LIG리가 아파트,서울특별시 구로구 고척동 340,0.19916483516483519,4.2489010989011,37.5060479122,126.8613093077,"101, 중앙로12길, 고척LIGA아파트, 고척1동, 구로구, 서울, 08218, 대한민국",455563
308,천왕이펜하우스4단지 아파트,서울특별시 구로구 천왕동 천왕로 29,5.278241758241758,11.384692307692307,37.4808016977,126.8385946272,"403, 천왕로, 오류2동, 구로구, 서울, 08364, 대한민국",10474
309,천왕이펜하우스5단지,서울특별시 구로구 천왕동 천왕로 10,0.3401098901098901,7.121465201465206,37.4807272296,126.8421629753,"503, 금오로, 오류2동, 구로구, 서울, 08364, 대한민국",30194
310,개봉대상아파트,서울특별시 구로구 개봉동 477,0.0,0.4065934065934066,37.482322744,126.8496308133,"101, 개봉로1길, 개봉3동, 구로구, 서울, 14203, 대한민국",47227
311,구로리공원,"서울특별시 구로구 구로중앙로 13 (구로동, 구로리공원)",19.01934065934067,0.0,37.49052,126.89152,"구로중앙로5길, 구로4동, 구로구, 서울, 08312, 대한민국",716882
312,경남1차 아파트,서울특별시 구로구 고척동 경인로47길 150,0.0,0.03175824175824177,37.505815074,126.8625266763,"204, 중앙로12길, 고척1동, 구로구, 서울, 08218, 대한민국",455563
313,근상프리즘아파트,서울특별시 구로구 구로동 1283,0.0,0.18945054945054945,37.49829344250,126.8754911860,"근상프리즘아파트, 166, 구일로, 구로1동, 구로구, 서울, 08323, 대한민국",150149
314,구로성호메이플라워,서울특별시 구로구 구로동 가마산로 283,0.0,1.6597692307692309,37.4969035545,126.8913841824,"영림중학교, 가마산로, 구로4동, 구로구, 서울, 08303, 대한민국",867689
315,금나래체육문화센타,"서울특별시 금천구 시흥대로79길 32 (독산동, 금나래 문화체육센터)",1.2240219780219777,0.0,37.458988891,126.89617264,"32, 시흥대로79길, 독산1동, 금천구, 서울, 08608, 대한민국",1403800
316,강남전력지사,서울특별시 서초구 서초동 1355,0.0,3.1210549450549463,37.485861,127.028034,"전기박물관, 서운로3길, 서초동, 서초구, 서울, 06732, 대한민국",0
317,장안힐스테이트 아파트,서울특별시 동대문구 장안동 장안벚꽃로1길 7,26.226989010989023,5.775318681318681,37.5763369083,127.0745748983,"1002, 답십리로69길, 장안2동, 동대문구, 서울, 02637, 대한민국",231147
318,배봉공영주차장,서울특별시 동대문구 망우로 18나길 20,21.253274725274746,0.0,37.587354,127.061993,"휘경중학교, 20, 망우로18나길, 휘경2동, 동대문구, 서울, 02498, 대한민국",519431
319,브라운스톤태릉 아파트,서울특별시 중랑구 묵동 공릉로18길 59,24.30426373626375,0.0,37.618650122,127.0814314072,"105동, 묵동천 자전거길, 묵동, 중랑구, 서울, 02020, 대한민국",0
320,휘경베스트빌현대,서울특별시 동대문구 휘경동 장안벚꽃로5길 19,11.586329670329668,13.260879120879107,37.5820674907,127.0741594594,"103동, 19, 장안벚꽃로5길, 휘경2동, 동대문구, 서울, 02516, 대한민국",412882
321,이문쌍용아파트,서울특별시 동대문구 이문동 한천로58길 47,14.47041758241759,25.45329670329669,37.600003,127.068641,"102동, 한천로58길, 이문1동, 동대문구, 서울, 02407, 대한민국",913006
322,휘경주공1단지,서울특별시 동대문구 휘경동 한천로 248,51.604000000000035,20.381208791208778,37.583236036,127.07189800,"110동, 장안벚꽃로7길, 휘경2동, 동대문구, 서울, 02516, 대한민국",412882
323,답십리래미안위브2블럭,서울특별시 동대문구 답십리로 130,31.953999999999976,27.544549450549468,37.57282418819,127.0522982360,"101, 답십리로, 답십리1동, 동대문구, 서울, 02637, 대한민국",231147
324,"면목두산2,3차 아파트",서울특별시 중랑구 면목동 면목로37길 58,0.5115384615384616,17.256703296703286,37.5807745605,127.0836045576,"면목천로, 면목동, 중랑구, 서울, 02221, 대한민국",56965
325,전농sk 아파트,서울특별시 동대문구 전농동 사가정로 148,5.532632967032968,0.0,37.5766579558,127.0615656502,"전농로10길, 전농동SK아파트, 전농2동, 동대문구, 서울, 02535, 대한민국",126369
326,면목3동 공영주차장,서울특별시 중랑구 면목동 1081-1,98.80767032967027,0.0,37.58083326262,127.0936232961,"유명한한식뷔페, 사가정로71길, 면목7동, 중랑구, 서울, 02206, 대한민국",703807
327,브라운스톤휘경,서울특별시 동대문구 휘경동 망우로20길 86,57.20160439560434,0.0,37.5899977291,127.0655304759,"108동, 망우로20길, 휘경2동, 동대문구, 서울, 02500, 대한민국",519431
328,상봉우정 아파트,서울특별시 중랑구 상봉동 상봉중앙로1다길 21,12.157120879120876,27.761428571428585,37.5998244991,127.0893920762,"105동, 21, 상봉중앙로1다길, 상봉1동, 중랑구, 서울, 02098, 대한민국",474371
329,동대문중랑지사,서울특별시 중랑구 동일로 862,39.73476923076926,0.6511062271062272,37.60746854,127.0792448,"동일로152길, 묵동, 중랑구, 서울, 02008, 대한민국",2076744
330,"면목두산4,5단지 아파트",서울특별시 중랑구 면목동 사가정로42길 90,3.6539560439560437,14.94137362637362,37.5779580043,127.0810927326,"사가정로42길, 면목동, 중랑구, 서울, 02221, 대한민국",703807
331,래미안엘파인 아파트,서울특별시 동대문구 답십리동 한천로37길 33,10.636615384615384,18.125725274725283,37.5763240985,127.0658128243,"래미안엘파인, 33, 한천로37길, 답십리2동, 답십리동, 서울, 02535, 대한민국",858666
332,회기동 공영주차장,서울특별시 동대문구 회기동 1-1,31.39513186813185,0.0,37.59150919098,127.0557958977,"서울청량초등학교, 경희대로4길, 회기동, 동대문구, 서울, 02452, 대한민국",0
333,묵동자이2단지 아파트,서울특별시 중랑구 묵동 동일로 932,2.243098901098902,13.907758241758252,37.6138378513,127.0775571376,"201동, 동일로168길, 묵동, 중랑구, 서울, 02008, 대한민국",2076744
334,한일써너스빌 아파트,서울특별시 중랑구 상봉동 망우로 346,4.847142857142858,11.952967032967035,37.597381,127.091548,"101동, 망우로, 상봉2동, 중랑구, 서울, 02098, 대한민국",519431
335,면목두원 아파트,서울특별시 중랑구 면목동 동일로 483,0.0,4.451098901098904,37.5735620653,127.079752197,"면목119, 동일로, 면목동, 중랑구, 서울, 04905, 대한민국",2076744
336,청솔우성,서울특별시 동대문구 전농로10길 20,2.0308571428571423,10.31861538461539,37.5745594117,127.060065124,"전농로10길, 전농2동, 동대문구, 서울, 02539, 대한민국",126369
337,동일스위트리버,서울특별시 동대문구 한천로 300,26.972813186813198,0.0,37.5877184463,127.068306949,"107, 한천로, 휘경2동, 동대문구, 서울, 02500, 대한민국",858666
338,신내우디안1단지,서울특별시 중랑구 신내동 신내역로1길 85,44.685428571428595,22.2833076923077,37.616809089,127.10629372,"104, 신내역로3길, 신내동, 중랑구, 서울, 02055, 대한민국",0
339,묵동자이1단지 아파트,서울특별시 중랑구 묵동 숙선옹주로 6-9,0.49041758241758243,7.455659340659341,37.6148431359,127.0778889105,"101동, 숙선옹주로, 묵동, 중랑구, 서울, 02008, 대한민국",31645
340,답십리래미안위브1블럭,서울특별시 동대문구 답십리로 130,37.0832967032967,39.17770329670324,37.57280617832,127.0522755835,"101, 답십리로, 답십리1동, 동대문구, 서울, 02637, 대한민국",231147
341,신내7단지진로아파트,서울특별시 중랑구 신내동 신내로17길 41,7.872197802197801,19.078571428571422,37.4646192020,126.940282920,"신림로11길, 녹두거리, 대학동, 관악구, 서울, 08816, 대한민국",437014
342,중랑해모로 아파트,서울특별시 중랑구 망우동 양원역로 6,0.0,14.13723076923077,37.6011960258,127.1084773567,"6, 양원역로, 망우동, 중랑구, 서울, 02062, 대한민국",0
343,신내건영1차 아파트,서울특별시 중랑구 봉화산로48길 62,0.0,15.191098901098902,37.604091,127.093513,"102동, 봉화산로48길, 건영1차아파트, 상봉동, 중랑구, 서울, 02072, 대한민국",111534
344,힐스테이트청계,"서울특별시 동대문구 천호대로55길 11 (답십리동, 힐스테이트청계아파트)",8.766505494505497,0.0,37.571543,127.045904,"천호대로, 답십리1동, 동대문구, 서울, 02597, 대한민국",2373554
345,중랑숲리가 아파트,서울특별시 중랑구 망우동 망우로75길 19,1.2913406593406591,4.1511538461538455,37.6017254423,127.104895105,"19, 망우로75길, 망우본동, 중랑구, 서울, 02062, 대한민국",519431
346,태릉시장 중화공영주차장,"서울특별시 중랑구 중랑역로 9 (중화동, 중랑역사)",50.42603296703295,0.0,37.597533083,127.07477609,"중랑역로15길, 중화동, 중랑구, 서울, 02102, 대한민국",32429
347,우림골목시장 주차장,"서울특별시 중랑구 망우로62길 52-4 (망우동, 우림시장 편의시설)",61.20123076923072,0.0,37.596754519,127.09827458,"망우로62길, 망우동, 중랑구, 서울, 02072, 대한민국",519431
348,신내테크노타운,"서울특별시 중랑구 봉화산로 123 (상봉동, 신내테크노타운)",8.550879120879117,0.0,37.604002282,127.08773517,"신내 테크노타운, 123, 봉화산로, 상봉1동, 중랑구, 서울, 02088, 대한민국",111534
349,청량리역사(한화역사),"서울특별시 동대문구 왕산로 214 (전농동, 청량리역,롯데백화점)",8.043120879120881,0.0,37.580808811,127.04803007,"214, 왕산로, 전농1동, 동대문구, 서울, 02490, 대한민국",234917
350,성수동아이파크 아파트,서울특별시 성동구 성수동2가 성수이로 137,26.115230769230784,18.838516483516475,37.5479259223,127.0564723553,"아차산로7나길, 성수2가3동, 성동구, 서울, 04795, 대한민국",425398
351,더샵스타시티 아파트,서울특별시 광진구 자양동 아차산로 262,13.845472527472532,20.68880219780219,37.5370003762,127.0729607226,"C동, 능동로10길, 더샵 스타시티, 자양3동, 광진구, 서울, 05065, 대한민국",175188
352,광진구청 주차장,서울특별시 광진구 자양로 117,101.95000000000002,0.0,37.538612,127.082165,"광진구청 행정지원동, 자양로19길, 자양1동, 광진구, 서울, 05026, 대한민국",349753
353,자양2동유수지 공영주차장,서울특별시 광진구 뚝섬로 52길 74,110.67591208791254,0.0,37.529553,127.077544,"자양유수지 체육시설, 자양강변길, 자양2동, 광진구, 서울, 05096, 대한민국",10610
354,뚝도충전소,서울특별시 광진구 자양3동 510-8,209.39454945054996,49.658681318681424,37.536346,127.069476,"능동로8길, 자양3동, 광진구, 서울, 05065, 대한민국",175188
355,리버그린동아 아파트,서울특별시 성동구 응봉동 고산자로4길 34,4.354527472527473,16.60374725274727,37.5526549043,127.0368614504,"고산자로2길, 응봉동, 성동구, 서울, 04747, 대한민국",989752
356,광장힐스테이트 아파트,서울특별시 광진구 광장동 아차산로 537-17,37.50435164835164,33.652857142857144,37.5429635024,127.0996574054,"1402동, 아차산로, 광장동, 광진구, 서울, 04983, 대한민국",425398
357,센트라스 2획지,서울특별시 성동구 왕십리로 410,4.790153846153845,11.801153846153852,37.56663445779,127.0241293381,"Tom N Toms, 난계로, 1통, 황학동, 중구, 서울, 04701, 대한민국",180788
358,강변테크노마트 주차장,"서울특별시 광진구 광나루로56길 85 (구의동, 테크노-마트21)",43.936953846153784,36.41472527472528,37.535175,127.095752,"테크노마트 (Techno Mart), 강변북로, 구의3동, 광진구, 서울, 05116, 대한민국",10911705
359,e편한세상 금호파크힐스,서울특별시 성동구 금호동1가 금호로 140,18.66624175824175,24.7652307692308,37.554215,127.022719,"108, 행당로, 금호1가동, 성동구, 서울, 04723, 대한민국",24705
360,행당한진타운,서울특별시 성동구 행당동 행당로 82,16.67368131868134,29.780560439560443,37.554808881,127.02739971,"107, 행당로6길, 행당2동, 성동구, 서울, 04713, 대한민국",24705
361,센트라스 1획지,서울특별시 성동구 하왕십리동 843,3.073604395604395,14.74675457875456,37.565664,127.024945,"32통, 왕십리도선동, 성동구, 서울, 04701, 대한민국",0
362,금호자이1차,서울특별시 성동구 금호동2가 금호로 117,3.8198901098901077,12.782131868131858,37.5530587557,127.0214343499,"101, 무수막18길, 금호2·3가동, 성동구, 서울, 04723, 대한민국",0
363,센트라스 6획지,서울특별시 성동구 하왕십리동 674-1,1.3072087912087909,16.450923076923075,37.565357,127.028545,"32통, 왕십리도선동, 성동구, 서울, 04701, 대한민국",0
364,서울 새활용플라자,서울특별시 성동구 자동차시장길 49,50.53670329670325,0.0,37.5586867727,127.057852196,"중랑물재생센터, 64, 자동차시장3길, 장안평자동차용품거리, 용답동, 성동구, 서울, 04808, 대한민국",0
365,서울숲푸르지오 아파트,서울특별시 성동구 금호동4가 금호로 15,22.63892307692307,0.0,37.5438575154,127.0227262181,"103, 뚝섬로, 금호4가동, 성동구, 서울, 04738, 대한민국",865086
366,한양대학교,서울특별시 성동구 왕십리로 222 (사근동),31.976295604395574,0.0,37.555378,127.048498,"한양대학교 서울캠퍼스, 222, 왕십리로, 사근동, 성동구, 서울, 04763, 대한민국",392983
367,센트라스 3획지,서울특별시 성동구 왕십리로 410,4.175582417582419,14.13235164835165,37.565621,127.025114,"32통, 왕십리도선동, 성동구, 서울, 04701, 대한민국",0
368,장로회신학대학교,서울특별시 광진구 광장로5길 25-1,24.07579120879118,0.0,37.5502004223,127.1037274139,"광장동, 광진구, 서울, 04965, 대한민국",0
369,구의삼성쉐르빌아파트,"서울특별시 광진구 구의강변로 106 (구의동, 구의동삼성쉐르빌)",0.0,5.425059340659338,37.53995404115,127.0948846975,"광나루로54길, 광장현대2단지아파트, 구의3동, 광진구, 서울, 05047, 대한민국",576236
370,광진성동지사,서울특별시 성동구 마장로27길 13,37.33947252747251,1.6287095761381456,37.5677096,127.0340572,"한국전력공사광진성동지사, 마장로25길, 13통, 마장동, 성동구, 서울, 04707, 대한민국",191933
371,구의삼성쉐르빌상가,"서울특별시 광진구 구의강변로 106 (구의동, 구의동삼성쉐르빌)",11.014732600732613,0.0,37.53993849,127.09460746,"양지삼거리, 구의강변로, 구의3동, 광진구, 서울, 05047, 대한민국",16467
372,광진하우스토리한강,서울특별시 광진구 자양동 구의강변로1길 44,0.0,7.4261758241758224,37.5298962269,127.0896253336,"구의강변로1길, 자양2동, 광진구, 서울, 05050, 대한민국",16467
373,서울숲M타워,"서울특별시 성동구 뚝섬로1길 31 (성수동1가, 서울숲 M타워)",6.737670329670328,0.0,37.54413883,127.04657228,"동아아파트, 성수1가1동, 성동구, 서울, 04769, 대한민국",0
374,자양금강KCC 아파트,서울특별시 광진구 자양동 아차산로36길 13,0.0,0.7445274725274724,37.5377887568,127.0743961902,"B동, 아차산로36길, 자양3동, 광진구, 서울, 05065, 대한민국",425398
375,성수2차대우 아파트,서울특별시 성동구 성수동1가 상원6길 16,0.0,6.957802197802197,37.5485305999,127.0502533792,"상원6나길, 성수1가1동, 성동구, 서울, 04791, 대한민국",0
376,자양10차현대홈타운,서울특별시 광진구 자양동 뚝섬로34길 25-19,0.0,6.317472527472526,37.5332249064,127.0704498677,"뚝섬로34길, 자양3동, 광진구, 서울, 05094, 대한민국",865086
377,서울숲SK V1 타워,"서울특별시 성동구 성수일로8길 5 (성수동2가, 서울숲 SK V1 TOWER)",2.2407765567765554,0.0,37.547062692,127.05171442,"성수일로8길, 성수2가3동, 성동구, 서울, 04793, 대한민국",23083
378,금호스포츠센터,서울특별시 성동구 금호로 20 (금호동4가),2.542505494505494,0.0,37.5457446,127.025191,"금호스포츠센터, 20, 금호로, 금호4가동, 성동구, 서울, 04738, 대한민국",191770
379,뚝섬유수지 공영주차장,서울특별시 성동구 성수동1가 685-63번지,0.042993006993006996,0.0,37.5506,127.0414,"광나루로, 성수1가1동, 성동구, 서울, 04766, 대한민국",576236
380,창동3차현대아파트,서울특별시 도봉구 창동 도봉로 428,0.0,9.404175824175821,37.6439518323,127.032405944,"우이1교앞, 도봉로, 창동, 도봉구, 서울, 01450, 대한민국",691878
381,중계주공4단지 아파트,서울특별시 노원구 중계동 덕릉로76길 29,114.11397802197817,31.62088644688649,37.6558211017,127.0761139547,"중계중학교, 덕릉로, 중계4동, 노원구, 서울, 01699, 대한민국",808792
382,홈플러스 방학점,서울특별시 도봉구 도봉로 678,66.27503296703297,0.0,37.66484567094,127.0434429338,"Homeplus, 도봉로146길, 방학동, 도봉구, 서울, 01334, 대한민국",691878
383,중계경남롯데상아 아파트,"서울특별시 노원구 섬밭로 265 (중계동, 경남,롯데,상아아파트)",36.38843956043957,0.0,37.6382850366,127.0627131993,"12, 동일로203길, 중계동, 노원구, 서울, 01774, 대한민국",2076744
384,노원구청,서울특별시 노원구 상계동 701-1,160.68720879120926,0.0,37.6541634298,127.056661504,"노원구청, 437, 노해로, 상계동, 노원구, 서울, 01689, 대한민국",470196
385,서울과학기술대학교,서울특별시 노원구 공릉로 232,14.086542124542143,0.0,37.633078927,127.07679474,"도서관/정보전산원, 공릉로, 하계1동, 노원구, 서울, 01834, 대한민국",106807
386,창동주공19단지,서울특별시 도봉구 창동 노해로 403,99.45760439560433,39.667967032967034,37.6535130097,127.0525768845,"도봉경찰서, 노해로, 창동, 도봉구, 서울, 01418, 대한민국",470196
387,도봉구민회관,"서울특별시 도봉구 도봉로 552 (창동, 도봉구민회관)",140.63670329670347,0.0,37.654167091,127.0386839448,"도봉구민회관, 552, 도봉로, 창동, 도봉구, 서울, 01427, 대한민국",691878
388,삼육대학교,서울특별시 노원구 화랑로 815,19.84604505494506,0.0,37.6431189444,127.1065078432,"삼육대학교 도서관, 화랑로, 공릉동, 노원구, 서울, 11900, 대한민국",1560478
389,창동쌍용 아파트,서울특별시 도봉구 창동 마들로 551,25.390879120879102,0.0,37.6594614287,127.0480342373,"113, 노해로69가길, 창동, 도봉구, 서울, 01400, 대한민국",470196
390,창동주공18단지아파트,"서울특별시 도봉구 노해로70길 126 (창동, 주공18단지아파트)",83.05956043956049,0.0,37.64652,127.0527,"1807, 노해로70길, 창동주공18단지아파트, 창동, 도봉구, 서울, 01418, 대한민국",470196
391,창동2차현대아파트,서울특별시 도봉구 창동 도봉로136길 111,6.767230769230768,12.020000000000016,37.6616424656,127.0463809608,"208, 마들로, 창동, 도봉구, 서울, 01334, 대한민국",302426
392,창동대우아파트,"서울특별시 도봉구 덕릉로63가길 43 (창동, 창동대우아파트)",61.226967032967025,0.0,37.642224,127.037342,"창동대우아파트, 덕릉로63가길, 창동, 도봉구, 서울, 01469, 대한민국",808792
393,상계주공16단지아파트,"서울특별시 노원구 동일로227길 86 (상계동, 상계주공16단지아파트)",30.598527472527465,37.98307692307694,37.66878331559,127.0537251878,"1609, 동일로227길, 상계동, 노원구, 서울, 01331, 대한민국",2076744
394,상계동양 아파트,서울특별시 노원구 상계동 상계로5길 12,3.0981978021978023,3.1712087912087887,37.6573526154,127.0642614262,"상계로5길, 상계2동, 노원구, 서울, 01752, 대한민국",149970
395,중계현대2차 아파트,서울특별시 노원구 한글비석로 15길 51,0.0,10.503846153846155,37.6554440477,127.073978528,"201, 한글비석로15길, 중계4동, 노원구, 서울, 01699, 대한민국",401443
396,방학우성1차 아파트,서울특별시 도봉구 방학동 해등로 286-5,3.5258241758241757,19.117626373626372,37.6577280372,127.0241616212,"102동, 해등로, 우성1차아파트, 방학동, 도봉구, 서울, 01429, 대한민국",168358
397,학여울청구 아파트,서울특별시 노원구 하계동 동일로207길 186,13.868329670329668,13.697357142857138,37.6379513833,127.0597988848,"103, 동부간선도로, 하계2동, 노원구, 서울, 01856, 대한민국",4965179
398,대상타운현대아파트,서울특별시 도봉구 마들로 616,14.913538461538462,22.515384615384622,37.665107969,127.04691048,"104, 마들로, 방학동, 도봉구, 서울, 01332, 대한민국",302426
399,롯데우성 아파트,서울특별시 노원구 중계동 노원로22길 34,5.0696043956043955,inf,37.6473509814,127.071772235,"106, 노원로22길, 중계동, 노원구, 서울, 01743, 대한민국",449451
400,북한산코오롱하늘채 아파트,서울특별시 도봉구 우이천로 367,9.838021978021974,8.710483516483517,37.6478857202,127.0240723142,"노해로37길, 쌍문1동, 도봉구, 서울, 01450, 대한민국",470196
401,중계센트럴파크,"서울특별시 노원구 덕릉로70가길 21 (상계동, 중계센트럴파크)",24.113450549450558,0.0,37.6428567359,127.0590187405,"101, 덕릉로70가길, 상계동, 노원구, 서울, 01768, 대한민국",808792
402,서울가든 아파트,서울특별시 도봉구 도봉동 도봉산길 35,8.951120879120879,8.823208791208787,37.686915075,127.0411543351,"1동, 도봉로187길, 도봉2동, 도봉1동, 도봉구, 서울, 01303, 대한민국",691878
403,방학극동 아파트,서울특별시 도봉구 시루봉로 11길 25-8,26.997736263736257,0.0,37.6642794675,127.0265211831,"북한산둘레길 19구간 방학동길, 방학3동, 도봉구, 서울, 01382, 대한민국",33791
404,도봉구청,"서울특별시 도봉구 마들로 656 (방학동, 도봉구청)",186.75147252747294,0.0,37.6686,127.047,"도봉구청, 656, 마들로, 도봉2동, 도봉구, 서울, 01331, 대한민국",302426
405,화랑타운,서울특별시 노원구 공릉동 화랑로51길 17,4.140417582417583,11.604010989010984,37.6230772379,127.0893655403,"710, 경춘선숲길, 공릉2동, 노원구, 서울, 01800, 대한민국",0
406,노원프레미어스엠코,서울특별시 노원구 공릉동 670-20,0.0,11.864296703296707,37.618445,127.076387,"호텔시네마, 화랑로, 공릉동, 노원구, 서울, 01828, 대한민국",1560478
407,한일병원,서울특별시 도봉구 쌍문동 388-1,111.68465934065946,0.0,37.6457087831,127.0288091096,"한일병원, 308, 우이천로, 쌍문동, 도봉구, 서울, 01450, 대한민국",32344
408,상계주공15단지,서울특별시 노원구 상계동 652,25.9966153846154,0.0,37.669436,127.054247,"상계주공15단지관리사무소, 수락산로, 상계동, 노원구, 서울, 01631, 대한민국",45630
409,월계동세양청마루 아파트,서울특별시 노원구 월계동 석계로13길 35,0.0,9.134120879120875,37.6207096579,127.0606867188,"세양청마루아파트, 광운로10길, 월계동, 노원구, 서울, 01906, 대한민국",7161
410,상계동아불암아파트,서울특별시 노원구 상계동 덕릉로 780,2.8873626373626373,12.628791208791215,37.666,127.078,"덕릉로112길, 상계동, 노원구, 서울, 01662, 대한민국",808792
411,동아에코빌 아파트,서울특별시 도봉구 도봉동 도봉로180길 6-23,14.770043956043976,16.299461538461546,37.6819250728,127.047010293,"104동, 20, 도봉로180길, 도봉2동, 도봉동, 도봉구, 서울, 01320, 대한민국",691878
412,동진신안 아파트,서울특별시 노원구 중계동 중계로 195,8.715428571428573,16.448153846153847,37.649588067,127.078913298,"102, 중계로17길, 중계본동, 노원구, 서울, 01743, 대한민국",36349
413,방학5단지 신동아 아파트,서울특별시 도봉구 방학동 방학로12길 53,0.0,5.243824175824175,37.6633419743,127.0285473144,"신동아4단지 115, 방학로12길, 방학3동, 도봉구, 서울, 01382, 대한민국",163966
414,공릉대동2차,서울특별시 노원구 공릉동 동일로195길 39,0.0,12.410329670329686,37.6268025077,127.0697859063,"101, 동일로191가길, 공릉동, 노원구, 서울, 01844, 대한민국",2076744
415,미주동방벽운 아파트,서울특별시 노원구 상계동 동일로250길 18,0.0,24.13538461538465,37.6818413817,127.0569999721,"동방미주아파트, 순화궁로909번길, 상계1동, 노원구, 서울, 경기도, 01604, 대한민국",0
416,공릉대아2차 아파트,서울특별시 노원구 동일로183길 34,0.0,0.03857142857142856,37.6232804909,127.0713911342,"공릉대아2차아파트, 섬밭로, 공릉동, 노원구, 서울, 01856, 대한민국",75502
417,도봉서원 아파트,서울특별시 도봉구 마들로 684-20,32.787648351648315,0.0,37.576930956,126.9619130192,"101동, 통일로12길, 무악동, 종로구, 서울, 03026, 대한민국",1485671
418,동신 아파트,서울특별시 노원구 공릉동 공릉로 213,7.151978021978022,34.60373626373626,37.6278789488,127.0773904724,"현대성우아파트, 동일로192길, 공릉2동, 노원구, 서울, 01834, 대한민국",2095297
419,도봉현대성우 아파트,서울특별시 도봉구 마들로 735-8,7.655934065934068,20.426923076923078,37.6761801081,127.0478183004,"현대성우사우나, 마들로, 도봉2동, 도봉동, 도봉구, 서울, 01330, 대한민국",302426
420,중계건영3차아파트,"서울특별시 노원구 노원로22길 71 (중계동, 건영3차아파트)",9.032681318681318,10.389230769230773,37.649063836,127.075952949,"307, 중계로19길, 중계1동, 노원구, 서울, 01743, 대한민국",36349
421,공릉8단지청솔아파트,서울특별시 노원구 공릉동 91,0.0,7.724483516483526,37.623112,127.086169,"804, 노원로, 공릉2동, 노원구, 서울, 01800, 대한민국",449451
422,북서울시립미술관,"서울특별시 노원구 동일로 1238 (중계동, 서울시립 북서울미술관)",8.971725274725275,0.0,37.640839346702,127.0667834817,"서울시립북서울미술관, 1238, 동일로, 중계2·3동, 노원구, 서울, 01783, 대한민국",2076744
423,월계청백1단지 아파트,서울특별시 노원구 월계동 초안산로 89,6.016021978021977,3.962428571428571,37.6358323923,127.0519209075,"104, 초안산로, 월계동, 노원구, 서울, 01878, 대한민국",0
424,월계우남 아파트,서울특별시 노원구 월계동 화랑로 355,0.0,10.682637362637367,37.615552381,127.0673696558,"101, 화랑로, 월계동, 노원구, 서울, 02781, 대한민국",1560478
425,공릉비선아파트,서울특별시 노원구 공릉동 화랑로51길 78,6.891802197802199,9.560000000000004,37.6258173921,127.087828213,"507, 화랑로51길, 공릉2동, 노원구, 서울, 01800, 대한민국",1560478
426,방학4단지신동아,서울특별시 도봉구 방학동 방학로 200,0.4707252747252747,0.42567032967032964,37.6628263698,127.0295354084,"신동아4단지 115, 방학로12길, 방학3동, 도봉구, 서울, 01382, 대한민국",163966
427,창동한신 아파트,서울특별시 도봉구 창동 덕릉로60바길 21,0.0,24.27643956043955,37.6389973416,127.0410191214,"덕릉로60바길, 창3동, 도봉구, 서울, 01469, 대한민국",808792
428,쌍문한양6차 아파트,서울특별시 도봉구 시루봉로 58,2.523472527472528,6.649912087912091,37.6558167634,127.0294102401,"관리사무소, 해등로, 쌍문동, 도봉구, 서울, 01429, 대한민국",168358
429,중계우성3차아파트,서울특별시 노원구 중계동 덕릉로 613,0.0,6.113846153846154,37.652723,127.073245,"302, 덕릉로, 중계1동, 노원구, 서울, 01699, 대한민국",808792
430,노원도봉지사,"서울특별시 노원구 노해로 429 (상계동, 한국전력공사 노원도봉지사)",16.93505494505495,1.4544945054945053,37.653663,127.0555778,"한국전력공사 노원도봉지사, 노해로, 상계동, 노원구, 서울, 01689, 대한민국",470196
431,방학명품ESA2단지,서울특별시 도봉구 방학동 도봉로150길 43,0.0,6.589065934065935,37.6662917353,127.0458488821,"방학1동대상타운현대삼성아파트, 도봉로150길, 방학동, 도봉구, 서울, 01332, 대한민국",691878
432,수락리버시티3단지,서울특별시 노원구 상계동 누원로 28,18.71158241758242,16.78483516483517,37.6874759102,127.053553189,"누원로, 상계1동, 노원구, 서울, 01319, 대한민국",0
433,방학금광포란재,서울특별시 도봉구 방학동 도봉로150바길 26,0.0,4.908131868131869,37.6649009046,127.0451135878,"204, 도봉로150바길, 방학동, 도봉구, 서울, 01332, 대한민국",691878
434,쌍문미라보아파트,"서울특별시 도봉구 시루봉로2길 62 (쌍문동, 쌍문미라보아파트)",0.0,7.585208791208786,37.655394,127.031444,"53동, 도봉로129길, 쌍문동, 도봉구, 서울, 01375, 대한민국",691878
435,공릉동부 아파트,서울특별시 노원구 공릉동 공릉로 206,0.0,1.9632967032967024,37.6284263902,127.0779348027,"서울과학기술대학교, 동일로198길, 공릉2동, 노원구, 서울, 01834, 대한민국",2076744
436,창동대동 아파트,서울특별시 도봉구 창동 도봉로 642-30,0.0,3.199439560439561,37.661852383,127.0440599969,"102동, 도봉로, 창동, 도봉구, 서울, 01334, 대한민국",691878
437,효성하이타운,서울특별시 도봉구 방학동 방학로11길 33,0.0,0.04109890109890115,37.661275759,127.033016409,"101, 방학로11길, 방학3동, 도봉구, 서울, 01394, 대한민국",163966
438,대주파크빌 아파트,서울특별시 노원구 공릉동 섬밭로 52,0.0,1.4046153846153844,37.6213879614,127.0721414586,"대주아파트, 섬밭로, 공릉동, 노원구, 서울, 01856, 대한민국",75502
439,공릉대동 아파트,서울특별시 노원구 공릉동 동일로175길 38,0.0,0.4474725274725275,37.6198885164,127.0724707609,"섬밭로, 공릉1동, 노원구, 서울, 01856, 대한민국",75502
440,노원우성아파트,서울특별시 노원구 상계동 상계로7길 18,0.0,0.014285714285714282,37.657759,127.065054,"102, 상계로7길, 상계동, 노원구, 서울, 01752, 대한민국",149970
441,상계신동아 아파트,서울특별시 노원구 상계동 한글비석로52길 66,4.282241758241758,4.424769230769231,37.6670414015,127.0681234262,"금호아파트(102동), 수락산로, 상계동, 노원구, 서울, 01657, 대한민국",45630
442,공릉2단지라이프 아파트,서울특별시 노원구 공릉동 섬밭로 156,25.729318681318674,0.0,37.6307823033,127.0680042168,"203, 동일로198가길, 공릉동, 노원구, 서울, 01863, 대한민국",2076744
443,쌍문현대2차 아파트,서울특별시 도봉구 시루봉로 6길53,0.0,2.9405714285714297,37.6594169178,127.0300825797,"201동, 시루봉로6길, 쌍문동, 도봉구, 서울, 01382, 대한민국",57319
444,창동한승미메이드 아파트,서울특별시 도봉구 덕릉로 60길 164-13,0.04751648351648352,1.2667472527472527,37.6331655024,127.0428829532,"덕릉로60길, 창3동, 도봉구, 서울, 01224, 대한민국",808792
445,창동수산트리플 아파트,서울특별시 도봉구 창동 우이천로20길 6,0.0,0.3673186813186813,37.6404159121,127.0340314265,"뉴고탑사우나, 우이천로, 창동, 도봉구, 서울, 01067, 대한민국",32344
446,쌍문염광 아파트,서울특별시 도봉구 쌍문동 우이천로30길 28,0.0,0.12120879120879122,37.6484979067,127.0263297347,"노해로, 쌍문동, 도봉구, 서울, 01450, 대한민국",470196
447,중계삼성 아파트,서울특별시 노원구 중계동 중계로14나길 25,4.464615384615384,1.3475274725274728,37.648532108,127.0841382421,"107, 중계로8길, 중계동, 노원구, 서울, 01724, 대한민국",36349
448,공릉풍림아파트,서울특별시 노원구 공릉동 섬밭로 139,9.070197802197805,1.942967032967032,37.6302826596,127.0657017754,"101, 동부간선도로, 공릉동, 노원구, 서울, 01856, 대한민국",4965179
449,현대그린 아파트,서울특별시 노원구 중계동 중계로8길 39,0.0,0.04703296703296703,37.6468131302,127.0840003288,"211, 중계로8길, 중계동, 노원구, 서울, 01724, 대한민국",36349
450,한국원자력의학원,"서울특별시 노원구 노원로 75 (공릉동, 한국원자력의학원)",9.626109890109896,0.0,37.628866480,127.08262977,"원자력병원 본관동, 공릉로46길, 공릉2동, 노원구, 서울, 01816, 대한민국",106807
451,공릉동현대성우 아파트,서울특별시 노원구 공릉동 공릉로27길 110,0.0,7.643263736263735,37.6267184255,127.0774708316,"현대성우아파트, 공릉동, 노원구, 서울, 01834, 대한민국",0
452,도깨비시장 공영주차장,"서울특별시 도봉구 방학로10길 51 (방학동, 방학동도깨비시장주차장)",5.386065934065935,0.0,37.664569472,127.03397898,"도당로11길, 방학동, 도봉구, 서울, 01391, 대한민국",37950
453,방학3동 주민센터,"서울특별시 도봉구 시루봉로 94 (방학동, 방학3동주민센터)",19.690373626373635,0.0,37.659104337,127.02800963,"방학3동 주민센터, 94, 시루봉로, 신동아1단지아파트, 방학동, 도봉구, 서울, 01382, 대한민국",57319
454,창3동 주민센터,"서울특별시 도봉구 덕릉로62길 89 (창동, 창3동주민센터)",21.334593406593427,0.0,37.638050629,127.04292598,"창3동 주민센터, 덕릉로62길, 창동, 도봉구, 서울, 01469, 대한민국",808792
455,홍은1동 제4공영주차장,서울특별시 서대문구 홍은중앙로 125,48.82417582417583,0.0,37.601591,126.948902,"홍은중앙로11길, 홍은1동, 서대문구, 서울, 03604, 대한민국",468619
456,DMC래미안e편한세상,서울특별시 서대문구 북가좌동 481,29.70397802197802,27.39092307692309,37.5747279098,126.9078169254,"304, 응암로, 북가좌동, 서대문구, 서울, 03713, 대한민국",107361
457,서울특별시은평병원 주차장,서울특별시 은평구 백련산로 90,93.68162637362627,0.0,37.593944,126.923609,"서울시립은평병원, 백련산로4길, 응암2동, 은평구, 서울, 03475, 대한민국",0
458,꿈에그린,서울특별시 은평구 진관동 65-31,0.0,8.41082417582418,37.639769,126.919924,"201동, 진관3로, 진관동, 은평구, 서울, 03301, 대한민국",37034
459,연희대우 아파트,서울특별시 서대문구 연희동 739,0.0,5.614432234432236,37.5620923186,126.9285767459,"101, 연희로, 연희동, 서대문구, 서울, 03985, 대한민국",337605
460,남가좌삼성 아파트,서울특별시 서대문구 남가좌동 377,37.96764835164834,18.698901098901096,37.5784939444,126.9173896963,"104, 191, 증가로, 남가좌2동, 서대문구, 서울, 03686, 대한민국",41439
461,DMC센트럴아이파크아파트,"서울특별시 서대문구 증가로 150 (남가좌동, DMC센트럴아이파크)",0.0,20.989113553113555,37.57936243404,126.9208402685,"108, 증가로12길, DMC2차아이파크아파트, 남가좌동, 서대문구, 서울, 03686, 대한민국",41439
462,연세대학교,"서울특별시 서대문구 연세로 50 (신촌동, 연세대학교)",6.999457875457875,0.0,37.563848008093,126.9428184019,"에비슨의생명연구센터, 연대동문길, 신촌동, 서대문구, 서울, 03722, 대한민국",0
463,응암3동 공영주차장,"서울특별시 은평구 불광천길 436 (응암동, 응암공영주차장)",76.83782417582412,0.0,37.5934706273,126.9153848093,"불광천길, 응암3동, 은평구, 서울, 03457, 대한민국",0
464,인왕산한신휴플러스,서울특별시 서대문구 홍제동 통일로 397,0.0,5.627032967032966,37.5851676706,126.947398762,"굿모닝마트, 통일로, 홍제1동, 서대문구, 서울, 03646, 대한민국",993853
465,은평뉴타운우물골6단지,서울특별시 은평구 진관동 진관2로 57-7,1.8273406593406598,10.869560439560436,37.634373754,126.92323609,"253동, 진관2로, 진관동, 은평구, 서울, 03306, 대한민국",40553
466,은평평화공원 공영주차장,서울특별시 은평구 녹번동 153-1,193.77367032967027,0.0,37.605844,126.923057,"역촌역 4번출구, 진흥로, 녹번동, 은평구, 서울, 03461, 대한민국",150762
467,돈의문센트레빌 아파트,서울특별시 서대문구 독립문로14길 33,1.4764835164835162,10.728681318681318,37.5659199193,126.9592881092,"215동, 독립문로8길, 천연동, 서대문구, 서울, 03745, 대한민국",2720
468,은평스카이뷰자이아파트,"서울특별시 은평구 통일로 1034 (진관동, 은평스카이뷰자이)",0.0,9.750212454212464,37.63490112681,126.9177912273,"102동, 진관2로, 진관동, 은평구, 서울, 03312, 대한민국",40553
469,연희동성원아파트,"서울특별시 서대문구 연희로32길 48 (연희동, 연희동성원아파트)",8.41885714285714,0.0,37.57626,126.939017,"연희로28길, 연희성원아파트, 연희동, 서대문구, 서울, 03718, 대한민국",337605
470,서대문은평지사,서울특별시 은평구 통일로 659,48.11021978021972,1.5831355311355306,37.60535361,126.9333825,"통일로57길, 녹번동, 은평구, 서울, 03382, 대한민국",993853
471,서부수도사업소,"서울특별시 서대문구 통일로26길 41 (홍제동, 서부수도사업소)",5.517846153846154,0.0,37.582890260642,126.9523506850,"서울서부수도사업소, 통일로26길, 홍제2동, 서대문구, 서울, 03635, 대한민국",993853
472,DMC아이파크 아파트,서울특별시 서대문구 북가좌동 거북골로14길 32,11.328505494505487,0.0,37.5769890207,126.914488759,"101, 가재울로14길, 북가좌2동, 서대문구, 서울, 03686, 대한민국",0
473,한국프라우드아파트,서울특별시 은평구 연서로 78 (역촌동),0.0,2.843406593406594,37.60627302568,126.9156964701,"연서로, 역촌동, 은평구, 서울, 03413, 대한민국",263212
474,무악청구2차 아파트,서울특별시 서대문구 홍제동 통일로 344,0.0,1.5022417582417582,37.5812735076,126.9514409214,"청구2차아파트, 통일로, 홍제2동, 서대문구, 서울, 03635, 대한민국",993853
475,상암월드컵경기장,"서울특별시 마포구 월드컵로 243-48 (성산동, 매점)",123.43155729984382,10.444750915750916,37.56845536423,126.8950813889,"서울월드컵경기장, 증산로, 성산2동, 마포구, 서울, 03936, 대한민국",619505
476,마포래미안푸르지오 4단지,서울특별시 마포구 아현동 마포대로 195,5.786021978021978,13.413774725274735,37.5524319716,126.9543024402,"206, 마포대로19길, 아현동, 마포구, 서울, 04207, 대한민국",734160
477,래미안첼리투스,서울특별시 용산구 이촌동 이촌로 300,56.16441758241758,44.19558241758244,37.5178443505,126.9803222459,"11, 이촌로, 이촌1동, 용산구, 서울, 04428, 대한민국",147825
478,마포중앙도서관,"서울특별시 마포구 성산로 128 (성산동, 마포중앙도서관)",84.80674725274723,0.0,37.5635528501,126.9089580252,"마포장애인종합복지관, 성산로4길, 성산1동, 마포구, 서울, 03965, 대한민국",2365608
479,용산전자상가1 공영주차장,서울특별시 용산구 한강로3가 12,163.0546153846154,0.0,37.5320837602,126.9647054555,"용산전자상가1 공영주차장, 새창로, 한강로동, 용산구, 서울, 04377, 대한민국",34129
480,상암월드컵파크3단지,서울특별시 마포구 상암동 월드컵로 338,5.916241758241755,21.08472527472528,37.5727737943,126.8900877602,"303동, 월드컵로, 5통, 상암동, 마포구, 서울, 03909, 대한민국",427802
481,브라운스톤공덕 아파트,서울특별시 마포구 신공덕동 백범로 230,0.0,6.781692307692308,37.5418543229,126.9545035197,"101, 백범로, 43통, 공덕동, 마포구, 서울, 04194, 대한민국",249461
482,성지(주상복합) 아파트,서울특별시 마포구 도화동 큰우물로 75,0.0,9.348087912087912,37.5412670266,126.9462935739,"Guma Guma, 큰우물로, 14통, 용강동, 마포구, 서울, 04150, 대한민국",6869
483,대우월드마크용산,"서울특별시 용산구 한강대로 211 (한강로1가, 대우 월드마크 용산)",0.0,6.333305494505496,37.53717560776,126.9729849841,"럭키마트, 한강대로67길, 용산파크자이아파트, 한강로동, 용산구, 서울, 04353, 대한민국",542444
484,LG한강자이 아파트,서울특별시 용산구 이촌동 이촌로64길 15,9.254549450549458,13.235399267399279,37.5203545149,126.9713624565,"102, 이촌로, 이촌1동, 용산구, 서울, 04428, 대한민국",147825
485,마포래미안푸르지오 2단지,서울특별시 마포구 아현동 마포대로 195,8.107670329670327,13.95731318681317,37.553968,126.954621,"210, 마포대로21길, 아현동, 마포구, 서울, 04116, 대한민국",734160
486,용산아크로타워,서울특별시 용산구 문배동 백범로90길 26,0.0,16.036912087912068,37.5366006363,126.9684506847,"102, 백범로90가길, 원효로1동, 용산구, 서울, 04368, 대한민국",572849
487,용산파크자이아파트,"서울특별시 용산구 한강대로 205 (한강로1가, 용산파크자이)",0.0,6.854931868131878,37.53663725988,126.9725934706,"럭키마트, 한강대로67길, 용산파크자이아파트, 한강로동, 용산구, 서울, 04353, 대한민국",542444
488,동아그린 아파트,서울특별시 용산구 이촌로 100-8,2.5469450549450547,15.84786813186813,37.5244879113,126.9579666907,"한강로동, 용산구, 서울, 04379, 대한민국",0
489,마포래미안푸르지오 1단지,서울특별시 마포구 아현동 마포대로 195,15.916549450549446,11.784300366300371,37.5524319716,126.9543024402,"206, 마포대로19길, 아현동, 마포구, 서울, 04207, 대한민국",734160
490,이안용산프리미어,서울특별시 용산구 문배동 청파로 213,4.384395604395604,3.7794615384615375,37.5385977453,126.9703507278,"원효로90길, 원효로1동, 용산구, 서울, 04368, 대한민국",323388
491,메세나폴리스 아파트,서울특별시 마포구 양화로 45,7.225670329670329,14.680439560439526,37.551047,126.913787,"메세나폴리스, 월드컵로, 서교동, 마포구, 서울, 04024, 대한민국",427802
492,리첸시아용산B블록,서울특별시 용산구 원효로1가 백범로 341,0.0,18.87846153846155,37.5379375928,126.9679749045,"백범로87길, 원효로1동, 용산구, 서울, 04368, 대한민국",572849
493,신촌포스빌,"서울특별시 마포구 신촌로 150 (노고산동, 신촌포스빌)",9.363362637362636,9.478351648351644,37.5563,126.942237,"신촌포스빌, 백범로1길, 19통, 대흥동, 마포구, 서울, 04101, 대한민국",249461
494,공덕아이파크아파트,"서울특별시 마포구 만리재로 36 (신공덕동, 공덕 아이파크)",0.0,10.974395604395614,37.544725,126.955795,"101, 만리재로, 35통, 공덕동, 마포구, 서울, 04186, 대한민국",90727
495,용산역 아이파크몰,"서울특별시 용산구 한강대로23길 55 (한강로3가, 용산역)",52.79599780219786,15.393584415584444,37.52975177180,126.9655646796,"55, 한강대로23길, 한강로동, 한강로3가, 서울, 04377, 대한민국",542444
496,공덕파크자이1단지,서울특별시 마포구 공덕동 백범로 152,0.0,15.553076923076933,37.544543,126.948461,"101, 백범로36가길, 염리동, 마포구, 서울, 04148, 대한민국",249461
497,파크타워 아파트,서울특별시 용산구 용산동5가 서빙고로 67,15.277758241758246,25.20506227106229,37.5248628985,126.9704149903,"101, 서빙고로, 한강로동, 용산구, 서울, 04379, 대한민국",774542
498,마포래미안푸르지오 3단지,서울특별시 마포구 아현동 마포대로 195,21.94180219780218,15.031091575091578,37.5524319716,126.9543024402,"206, 마포대로19길, 아현동, 마포구, 서울, 04207, 대한민국",734160
499,용산더프라임,서울특별시 용산구 원효로1가 원효로90길 11,7.612351648351648,11.149560439560437,37.5403958,126.9697185,"더프라임타워 업무동, 원효로, 원효로1동, 용산구, 서울, 04368, 대한민국",323388
500,롯데캐슬프레지던트,서울특별시 마포구 공덕동 마포대로 109,0.0,10.983736263736256,37.545118816,126.95088625,"102, 백범로, 아현동, 마포구, 서울, 04148, 대한민국",249461
501,래미안마포리버웰,서울특별시 마포구 용강동 토정로31길 23,4.170307692307694,21.88285714285718,37.5416648648,126.9416449835,"101, 토정로, 용강동, 마포구, 서울, 04159, 대한민국",72499
502,한국타이어 한남점,서울특별시 용산구 한남대로 80,72.32613186813191,0.0,37.535905,127.006358,"T station, 한남대로, 한남동, 용산구, 서울, 04401, 대한민국",986962
503,마포한강2차 푸르지오아파트,"서울특별시 마포구 월드컵로3길 14 (합정동, 마포 한강 2차 푸르지오)",0.0,10.929367032967042,37.55111142385,126.9119166283,"202동, 양화로3길, 합정동, 마포구, 서울, 04024, 대한민국",427161
504,마포용산지사,서울특별시 마포구 토정로37길 38,40.91338571428572,2.164760439560438,37.54205285,126.9466325,"서울염리초등학교, 토정로37길, 용강동, 마포구, 서울, 04148, 대한민국",72499
505,청암자이 아파트,"서울특별시 용산구 삼개로 60 (청암동, 천년명가 청암자이)",10.750439560439567,6.343362637362637,37.5297736038,126.9647427471,"55, 한강대로23길, 한강로동, 한강로3가, 서울, 04377, 대한민국",542444
506,마포한강푸르지오1차,"서울특별시 마포구 월드컵로1길 14 (합정동, 마포 한강 푸르지오)",0.0,12.540124542124545,37.549915,126.912238,"Mapo Hangang Prugio, 양화로3길, 합정동, 마포구, 서울, 04024, 대한민국",427161
507,마포도화우성아파트,서울특별시 마포구 도화동 삼개로 38,10.172571428571427,34.3055164835165,37.536343,126.948545,"우성아파트, 도화동, 마포구, 서울, 04173, 대한민국",0
508,한강대우,서울특별시 용산구 이촌동 이촌로 181,6.526087912087912,28.760659340659352,37.5221527454,126.9706649312,"107, 이촌로, 이촌1동, 용산구, 서울, 04386, 대한민국",147825
509,e편한세상마포리버파크,서울특별시 마포구 용강동 토정로31길 24,2.3877120879120883,10.020483516483518,37.5422172523,126.9436541564,"102, 토정로31길, 용강동, 마포구, 서울, 04159, 대한민국",72499
510,래미안밤섬리베뉴1 아파트,서울특별시 마포구 상수동 독막로20나길 22,17.831274725274728,10.160263736263742,37.546070295,126.9248939937,"106동, 토정로11길, 26통, 서강동, 마포구, 서울, 04074, 대한민국",72499
511,공덕파크자이2단지,서울특별시 마포구 공덕동 백범로 152,0.0,17.260659340659345,37.5446845599,126.9484094228,"101, 백범로36가길, 염리동, 마포구, 서울, 04148, 대한민국",249461
512,한남동현대하이페리온,서울특별시 용산구 한남동 서빙고로 413,0.0,10.154010989010986,37.5272235495,127.0042401389,"서빙고로, 한남동, 용산구, 서울, 04410, 대한민국",774542
513,전쟁기념관,서울특별시 용산구 이태원로 29,12.078087912087915,0.0,37.536754,126.977161,"전쟁기념관, 29, 이태원로, 한강로동, 용산구, 서울, 04353, 대한민국",318773
514,용산시티파크1단지,서울특별시 용산구 한강로3가 서빙고로 35,39.622197802197796,0.0,37.5247687282,126.9686095207,"101, 서빙고로, 한강로동, 용산구, 서울, 04386, 대한민국",774542
515,한강삼성 아파트,서울특별시 마포구 토정동 토정로32길 11,2.835076923076922,18.753824175824167,37.5398481215,126.9409856048,"101, 토정로32길, 용강동, 마포구, 서울, 04159, 대한민국",72499
516,래미안밤섬리베뉴2,서울특별시 마포구 상수동 독막로20나길 21,2.270197802197803,16.744468864468864,37.5468752943,126.9269798634,"206, 독막로22길, 25통, 서강동, 마포구, 서울, 04078, 대한민국",102960
517,창전삼성 아파트,서울특별시 마포구 창전동 서강로 95,5.8526813186813165,0.0,37.5520428718,126.9320990776,"101동, 서강로, 5통, 서강동, 마포구, 서울, 04061, 대한민국",126495
518,용산이안 아파트,서울특별시 용산구 문배동 백범로90길 74,0.0,5.966626373626377,37.5380750427,126.9698666652,"백범로90길, 원효로1동, 용산구, 서울, 04368, 대한민국",577549
519,마포트라팰리스2차,서울특별시 마포구 마포대로 201,0.0,5.45347252747253,37.552198,126.955541,"마포트라펠리스2차, 마포대로19길, 아현동, 마포구, 서울, 04207, 대한민국",734160
520,마포자이2차아파트,"서울특별시 마포구 서강대길 40 (대흥동, 마포자이2차아파트)",10.012373626373627,0.0,37.549185727,126.94118771,"101, 804, 대흥로, 3통, 대흥동, 마포구, 서울, 04136, 대한민국",112473
521,리첸시아 아파트,서울특별시 용산구 백범로 341,1.7688131868131869,0.0,37.538278,126.967441,"Yongsan Richensia, 341, 원효로80길, 원효로1동, 용산구, 서울, 04368, 대한민국",323388
522,마포대림1차 아파트,서울특별시 마포구 용강동 마포대로1길 21,0.0,4.613186813186813,37.5398595379,126.9422076134,"103, 마포대로1길, 용강동, 마포구, 서울, 04159, 대한민국",734160
523,국립 중앙 박물관,서울특별시 용산구 서빙고로 137,33.64893040293047,0.0,37.52388271089,126.97937719206,"국립중앙박물관, 137, 서빙고로, 서빙고동, 용산구, 서울, 04379, 대한민국",774542
524,신공덕3삼성래미안,서울특별시 마포구 신공덕동 만리재로 60,0.0,6.822637362637362,37.5459602112,126.9569995754,"301, 만리재로, 33통, 공덕동, 마포구, 서울, 04186, 대한민국",90727
525,쌍용황금,서울특별시 마포구 마포동 마포대로 6,2.8303956043956036,0.0,37.537290951,126.9444272554,"마포대로4가길, 19통, 도화동, 마포구, 서울, 04173, 대한민국",734160
526,프라임팰리스,서울특별시 용산구 문배동 백범로90길 38,0.0,0.06461538461538462,37.5366910238,126.9695458903,"문배어린이공원, 백범로90길, 원효로1동, 용산구, 서울, 04368, 대한민국",577549
527,용산한신 아파트,서울특별시 용산구 용산동2가 녹사평대로 245,0.0,0.20758241758241763,37.5401901246,126.9870782364,"2, 신흥로2길, 용산2가동, 용산구, 서울, 04338, 대한민국",12391
528,대명 아파트,서울특별시 마포구 연남동 동교로39길 11,0.0,7.908131868131868,37.5616892027,126.9236649983,"오렌지타운, 동교로29길, 연남동, 마포구, 서울, 03984, 대한민국",63953
529,중부전력지사,서울특별시 마포구 토정로 56 (합정동),0.0,0.7037142857142856,37.544264150,126.91644143,"강변북로, 합정동, 마포구, 서울, 04047, 대한민국",10911705
530,서울서부지방검찰청,"서울특별시 마포구 마포대로 174 (공덕동, 서울서부지방검찰청,서울서부지방법원)",12.160329670329673,0.0,37.549615441,126.95545560,"서울서부지방검찰청, 마포대로, 20통, 공덕동, 마포구, 서울, 04207, 대한민국",734160
531,서울신용보증재단,"서울특별시 마포구 마포대로 163 (공덕동, 서울신용보증재단)",6.247252747252746,0.0,37.549021125,126.95400124,"서울신용보증재단빌딩, 마포대로, 아현동, 마포구, 서울, 04143, 대한민국",734160
532,남산케이블카,"서울특별시 중구 소파로 83 (회현동1가, 남산케이블카)",43.27949450549452,0.0,37.5562744335,126.9844215150,"103, 퇴계로18길, 명동, 남산동2가, 서울, 04630, 대한민국",645009
533,광화문스페이스본 아파트,서울특별시 종로구 사직동 사직로8길 4,8.879252747252742,29.20073992673991,37.5746552033,126.9685750084,"102, 사직로, 사직동, 종로구, 서울, 03169, 대한민국",1206429
534,서울직할,서울특별시 중구 남대문로 92,41.3703406593406,0.9368043956043952,37.56527705,126.9833704,"明洞海鮮湯&醬蟹, 명동3길, 명동, 중구, 서울, 04534, 대한민국",0
535,덕수궁 롯데캐슬,서울특별시 중구 순화동 서소문로9길 28,0.0,5.034659340659346,37.5637066872,126.970041969,"롯데캐슬, 서소문로9길, 소공동, 중구, 서울, 03739, 대한민국",384942
536,무악현대 아파트,서울특별시 종로구 무악동 통일로 246-20,14.167736263736257,14.455457875457896,37.575074,126.959929,"110동, 통일로, 무악현대아파트, 무악동, 종로구, 서울, 03026, 대한민국",1485671
537,남산롯데캐슬아이리스 아파트,서울특별시 중구 소공로 35,44.84760439560442,0.0,37.5582238086,126.9817467235,"퇴계로12길, 회현동, 중구, 서울, 04633, 대한민국",645009
538,동성빌라,서울특별시 종로구 구기동 비봉2길 32,0.0,15.06068131868131,37.6117045112,126.9585926732,"비봉2길, 평창동, 종로구, 서울, 03000, 대한민국",491818
539,쌍용남산플래티넘 아파트,서울특별시 중구 소공로 46,6.284219780219779,13.326219780219777,37.5594133437,126.9832222921,"쌍용남산플래티넘아파트, 46, 소공로, 명동, 중구, 서울, 04631, 대한민국",325676
540,서울시청,"서울특별시 중구 세종대로 110 (태평로1가, 서울특별시청)",37.52151648351644,0.0,37.5663176911,126.9778283816,"서울도서관, 110, 세종대로, 명동, 중구, 서울, 04524, 대한민국",807148
541,효성주얼리시티,서울특별시 종로구 인의동 종로 183,0.0,17.725010989010975,37.5714410243,126.9986597409,"세븐일레븐, 종로, 종로3가, 종로1·2·3·4가동, 종로구, 서울, 03129, 대한민국",491818
542,LIG서울역리가아파트,서울특별시 중구 만리동1가 231,0.0,9.938252747252749,37.5560815825,126.966794655,"서울역리가아파트, 중림동, 중구, 서울, 04507, 대한민국",0
543,남산타운 아파트,"서울특별시 중구 다산로 32 1동,21동,31동",9.546516483516486,11.249190476190465,37.5471680349,127.0056761478,"3동, 다산로, 약수동, 중구, 서울, 04597, 대한민국",267616
544,신세계 본점,"서울특별시 중구 소공로 63 (충무로1가, 신세계백화점건물)",36.776560439560335,0.0,37.560986139766,126.9809515138,"Chanel, 남대문시장길, 회현동, 중구, 서울, 04529, 대한민국",0
545,명륜아남1차 아파트,서울특별시 종로구 명륜2가 창경궁로 265,2.4994285714285724,5.5868791208791215,37.5858749567,126.9996014677,"혜화로3길, 혜화동, 종로구, 서울, 03075, 대한민국",517515
546,창신쌍용2단지 아파트,서울특별시 종로구 창신동 낙산길 198,2.9307692307692297,8.934373626373635,37.5804180113,127.0111852611,"202, 낙산길, 종로동부센트레빌아파트, 창신3동, 종로구, 서울, 03092, 대한민국",491818
547,한국관광공사 옆 노상 공영주차장,서울특별시 중구 다동 85-4,2.2685787545787552,0.0,37.5681875209,126.982027839,"명동, 중구, 서울, 04521, 대한민국",0
548,종로센트레빌,서울특별시 종로구 숭인동 동망산길 47,10.843780219780218,0.0,37.5815563484,127.0157365887,"106, 낙산길, 종로동부센트레빌아파트, 숭인1동, 종로구, 서울, 03092, 대한민국",491818
549,남산센트럴자이,서울특별시 중구 충무로4가 퇴계로 235,0.0,7.403538461538468,37.5625139448,126.9978268663,"창경궁로1길, 광희동, 중구, 서울, 04558, 대한민국",297723
550,인왕산2차아이파크,서울특별시 종로구 무악동 통일로 246-20,0.0,9.366758241758234,37.575769,126.959533,"201동, 통일로18길, Inwangsan IPARK apartment complex, 무악동, 종로구, 서울, 03030, 대한민국",1485671
551,동대문디자인플라자,서울특별시 null null null null null null null null null null null null null null null null null null null null null null null null null null null null null null null null null null null null null null null null null null null null null null null null null,73.75703296703301,0.0,37.56624904920,127.0102634759,"동대문디자인플라자, 281, 을지로, 동대문패션타운, 광희동, 을지로7가, 서울, 04566, 대한민국",440865
552,창신두산 아파트,서울특별시 종로구 창신동 지봉로5길 7,2.220395604395604,8.66953846153846,37.5740783348,127.0138332291,"종로53길, 창신1동, 종로구, 서울, 03121, 대한민국",491818
553,창신이수 아파트,서울특별시 종로구 창신동 지봉로 87,0.0,0.08416483516483517,37.5779561009,127.0147758321,"창신동 이수아파트, 지봉로13길, 창신3동, 종로구, 서울, 03108, 대한민국",627704
554,롯데캐슬천지인,서울특별시 종로구 숭인동 종로 347,0.0,inf,37.5740564369,127.016002166,"롯데캐슬 천지인, 종로57길, 숭인1동, 종로구, 서울, 03114, 대한민국",491818
555,경희궁의아침3단지 아파트,서울특별시 종로구 내수동 사직로8길 34,0.0,12.54589010989012,37.5735676998,126.9721526097,"경희궁의아침3단지, 34, 사직로8길, 광화문풍림스페이스본아파트, 사직동, 종로구, 서울, 03171, 대한민국",1206429
556,국립중앙극장,"서울특별시 중구 장충단로 59 (장충동2가, 국립극장)",28.418930402930354,0.0,37.553513900653,127.0007752174,"국립극장, 남산공원길, 장충동, 중구, 서울, 04630, 대한민국",0
557,전국은행연합회,"서울특별시 중구 명동11길 19 (명동1가, 전국은행연합회)",3.2443223443223457,0.0,37.565021623,126.98546000,"전국은행연합회, 명동11길, 명동, 중구, 서울, 04538, 대한민국",0
558,묵정공원 공영주차장,"서울특별시 중구 퇴계로45길 32-12 (충무로5가, 묵정경노당)",2.1933076923076924,0.0,37.5639159,127.0002858,"묵정 어린이놀이터, 퇴계로45길, 광희동, 중구, 서울, 04618, 대한민국",645009
559,약수동공영주차장,"서울특별시 중구 동호로8다길 22 (신당동, 신당3동 공영주차장)",2.043956043956044,0.0,37.552157169,127.01314733,"동호로8길, 약수동, 중구, 서울, 04596, 대한민국",568383
560,SK렌터카 본사,서울특별시 종로구 삼일대로19길 5 (관철동),7.226703296703297,4.151890109890112,37.569474367,126.98720901,"서울한양도성, 동소문로, 성북동, 성북구, 서울, 02847, 대한민국",518803
561,서울역(한화역사),"서울특별시 중구 한강대로 405 (봉래동2가, 경부고속철도서울민자역사)",4.377362637362639,0.0,37.554655,126.971523,"405, 한강대로, 남영동, 동자동, 서울, 04320, 대한민국",542444
562,정릉e편한세상 아파트,서울특별시 성북구 정릉동 솔샘로24길 15,14.411604395604394,26.454813186813176,37.6150088844,127.0109729743,"서경대학교우편취급국, 124, 서경로, 정릉4동, 성북구, 서울, 02713, 대한민국",0
563,정릉풍림아이원,"서울특별시 성북구 솔샘로25길 28 (정릉동, 정릉풍림아이원아파트)",29.824461538461527,15.389692307692341,37.6185771026,127.0069637768,"111, 솔샘로25길, 정릉4동, 성북구, 서울, 02713, 대한민국",103771
564,고려대학교(자연과학),서울특별시 성북구 안암로 145,65.19373626373634,29.692527472527473,37.583588448,127.02635101,"창의관, 애기능 산책로, 안암동, 성북구, 서울, 02858, 대한민국",0
565,돈암현대,서울특별시 성북구 정릉로 404,0.0,2.5289120879120883,37.60393457848,127.0285721608,"정릉로52길, 돈암현대아파트, 돈암1동, 성북구, 서울, 02801, 대한민국",841155
566,석관두산 아파트,서울특별시 성북구 석관동 화랑로48길 16,13.255549450549454,0.0,37.6137638812,127.0689944797,"석관두산아파트, 석관동, 성북구, 서울, 02781, 대한민국",0
567,동일하이빌뉴시티 아파트,서울특별시 성북구 하월곡동 종암로 167,0.8950109890109886,9.264076923076924,37.6050584042,127.0309893131,"이마트하월곡점, 종암로, 월곡1동, 성북구, 서울, 02733, 대한민국",190858
568,래미안아트리지,"서울특별시 성북구 돌곶이로8길 22 (석관동, 래미안아트리치)",0.0,9.361167032967035,37.60604271114,127.0636379860,"110동, 이문로54길, 석관동, 성북구, 서울, 02407, 대한민국",68107
569,삼선푸르지오 아파트,"서울특별시 성북구 보문로29다길 31 (삼선동2가, 삼선푸르지오)",7.576659340659339,14.431868131868137,37.584176812,127.0126168843,"삼선교로16가길, 삼선동, 성북구, 서울, 03092, 대한민국",10780
570,정릉2차 e편한세상 아파트,서울특별시 성북구 정릉동 북악산로 851,11.389846153846149,13.811516483516472,37.6002461302,127.0184990796,"청구빌라, 정릉로38길, 정릉1동, 성북구, 서울, 02819, 대한민국",841155
571,고려대학교,서울특별시 성북구 안암로 145,46.87827472527474,0.0,37.5887034224,127.0316981048,"고려대학교 서울캠퍼스, 145, 안암로, 제기동, 동대문구, 서울, 02841, 대한민국",141401
572,성북동아에코빌아파트,서울특별시 성북구 장월로1길 28,1.244087912087912,7.240959706959708,37.607443,127.046239,"좋은약국, 23, 장월로1길, 월곡2동, 상월곡동, 서울, 02753, 대한민국",27804
573,삼선힐스테이트,서울특별시 성북구 삼선동2가 낙산길 243-15,0.0,8.263230769230775,37.58356608714,127.0111404457,"삼선교로16길, 삼선동, 성북구, 서울, 02876, 대한민국",10780
574,래미안미아1차 아파트,서울특별시 강북구 미아동 삼양로 256,1.232879120879121,15.985780219780217,37.6262846426,127.0188997476,"삼양로58길, 삼양동, 강북구, 서울, 01121, 대한민국",254987
575,삼선 SK뷰 아파트,"서울특별시 성북구 삼선교로16길 35 (삼선동3가, 삼선 SK VIEW 아파트)",2.141846153846154,6.743186813186812,37.5880186958,127.0121419976,"103동, 삼선교로16길, 삼선동, 성북구, 서울, 02847, 대한민국",10780
576,브라운스톤돈암아파트,서울특별시 성북구 북악산로 844,3.9926593406593414,12.01542857142857,37.5973844508,127.0193227353,"현약국, 844, 북악산로, 정릉1동, 성북구, 서울, 02819, 대한민국",28585
577,꿈의숲대명루첸 아파트,서울특별시 성북구 장위동 월계로36길 27,4.30068131868132,16.909780219780217,37.6214405624,127.0463287881,"101, 월계로38길, 장위3동, 성북구, 서울, 01883, 대한민국",252803
578,국민대학교,서울특별시 성북구 정릉동 861-1,30.365241758241776,0.0,37.6109476866,126.9965569748,"국민대학교, 정릉로, 정릉3동, 성북구, 서울, 02703, 대한민국",841155
579,금호어울림 센터힐 아파트,서울특별시 성북구 돈암동 동소문로34길 73,10.00654945054945,3.584802197802198,37.6004832301,127.0228476135,"103동, 동소문로34길, 돈암1동, 성북구, 서울, 02807, 대한민국",518803
580,미아동부센트레빌,서울특별시 강북구 미아동 숭인로7가길 37,8.870923076923079,7.365703296703303,37.6138964632,127.0262223901,"숭인로13길, 송천동, 강북구, 서울, 01179, 대한민국",7460
581,대림 샹그레빌,"서울특별시 성북구 회기로5길 100 (하월곡동, 샹그레빌아파트)",5.618153846153848,9.994615384615383,37.5962111903,127.041104328,"회기로5길, 월곡대림샹그레빌아파트, 청량리동, 동대문구, 서울, 02796, 대한민국",0
582,종암삼성래미안,"서울특별시 성북구 종암로25길 30 (종암동, 삼성 래미안아파트)",1.0275164835164836,0.0,37.6014940632,127.031078429,"종암로21길, 종암동, 성북구, 서울, 02801, 대한민국",190858
583,강북성북지사,서울특별시 강북구 도봉로 242,0.0,1.1802668759811614,37.630923,127.024819,"도봉로68길, 미아동, 강북구, 서울, 01131, 대한민국",691878
584,해모로아파트,"서울특별시 강북구 오현로 156 (번동, 해모로아파트)",6.215142857142855,0.0,37.6262731779,127.0369023061,"101, 오현로, 번3동, 강북구, 서울, 01233, 대한민국",26013
585,효성네오인텔리안,서울특별시 강북구 도봉로 352,0.0,5.394901098901102,37.6387220620,127.027067263,"수유역강북웨딩홀, 도봉로, 번동, 강북구, 서울, 01065, 대한민국",691878
586,돈암일신건영휴먼빌 아파트,서울특별시 성북구 돈암동 아리랑로 89,6.014131868131871,0.0003076923076923077,37.6007693692,127.0136162152,"덕성온누리약국, 89, 아리랑로, 돈암2동, 성북구, 서울, 02819, 대한민국",0
587,미아한일유앤아이APT,서울특별시 강북구 월계로21가길 41,0.0,6.956923076923078,37.614026,127.0365,"창문여중여고, 월계로, 송중동, 강북구, 서울, 02741, 대한민국",252803
588,한신휴아파트,서울특별시 성북구 동소문동7가 동소문로15길 99,0.9910989010989012,0.0,37.5956048651,127.0138145662,"동소문로15길, 동선동2가, 동선동, 성북구, 서울, 02847, 대한민국",518803
589,보문하우스토리,서울특별시 성북구 보문동4가 인촌로2길 37,0.0,5.9598461538461525,37.5843738626,127.0208545963,"보문로, Bomundong, 성북구, 서울, 02870, 대한민국",114434
590,길음래미안3차,서울특별시 성북구 길음로 16,8.158593406593404,0.0,37.6070802018,127.023250541,"604, 삼양로, 길음1동, 성북구, 서울, 01120, 대한민국",254987
591,돈암더샵아파트,서울특별시 성북구 아리랑로5길 85,1.6654065934065936,0.0,37.5978469186,127.009973963,"돈암2동 주민센터, 7, 흥천사길, 돈암2동, 성북구, 서울, 02825, 대한민국",0
592,북서울꿈의숲,"서울특별시 강북구 월계로 173 (번동, 북서울꿈의숲)",25.28529670329672,0.0,37.620215070,127.04437126,"번3동, 강북구, 서울, 02744, 대한민국",0
593,현대백화점 미아점,"서울특별시 성북구 동소문로 315 (길음동, 현대백화점미아점)",4.037873626373629,0.0,37.608453000,127.02874660,"현대백화점, 동소문로, 길음2동, 성북구, 서울, 02733, 대한민국",518803
594,강북문화예술회관,"서울특별시 강북구 삼각산로 85 (수유동, 강북문화예술회관)",2.993406593406593,0.0,37.640790901,127.01342761,"강북문화회관, 인수봉로66길, 인수동, 강북구, 서울, 01021, 대한민국",66926
595,서울전력관리처,서울특별시 중구 퇴계로 140,41.78057142857148,3.5375054945054942,37.56065725,126.9874686,"KEPCO, 퇴계로22길, 명동, 중구, 서울, 04629, 대한민국",645009
