,station,address,avg_fast,avg_slow,lat,lng
0,영등포전력지사,서울특별시 영등포구 경인로 878,68.9512747252747,0.6086703296703299,37.517367,126.910236
1,명일동 공영주차장,서울특별시 강동구 구천면로 395(명일동),66.71549450549449,0.0,37.551194,127.142924
2,송파파크데일1단지 아파트,서울특별시 송파구 마천동 성내천로37길 37,45.055538461538475,33.150483516483575,37.4987866566,127.1581012036
3,송파구청,서울특별시 송파구 신천동 29-5 송파구청 앞,124.70087912087902,0.0,37.5146124,127.1060852
4,송파삼성래미안,서울특별시 송파구 송파동 오금로32길 14,16.10131868131868,21.191208791208783,37.5052524778,127.11780238
5,가락2동 주민센터,서울특별시 송파구 가락동 154,202.4321758241761,0.0,37.498714,127.126652
6,강동송파지사,서울특별시 강동구 둔촌동 522-9,171.57854945054916,2.751289377289377,37.52386992,127.135443
7,강일리버파크3단지,서울특별시 강동구 강일동 아리수로93길 40,39.387780219780225,48.10527472527472,37.5655159695,127.1751072048
8,가락시장,서울특별시 송파구 양재대로 932,75.83997069597065,0.0,37.493241,127.112315
9,신성둔촌미소지움아파트 입주자대표회의,서울특별시 강동구 둔촌동 명일로 102,1.4938901098901105,10.047791208791208,37.5276457671,127.1425454548
10,갤러리아팰리스,서울특별시 송파구 잠실동 40,21.61279120879121,26.334578754578796,37.511529,127.094596
11,송파꿈에그린(위례24단지),서울특별시 송파구 장지동 516,19.794714285714285,26.50162637362633,37.47592327474,127.1390103411
12,천호1동 공영주차장,서울특별시 강동구 구천면로 42길 60(천호동),105.46132967032987,0.0,37.545049,127.136282
13,레이크팰리스,서울특별시 송파구 잠실동 잠실로 88,15.057241758241753,22.141527472527418,37.5075341602,127.093213298
14,리센츠 아파트,서울특별시 송파구 올림픽로 135,38.91742857142853,38.34659340659332,37.513161,127.090312
15,성내삼성 아파트,서울특별시 강동구 성내동 풍성로 128,28.64057142857141,18.26901098901098,37.5299423276,127.1259823751
16,강동헤르셔,서울특별시 강동구 천호동 천호대로 1089,3.7357802197802226,15.680989010989013,37.5366055081,127.1331171805
17,거여4단지 아파트,서울특별시 송파구 거여동 양산로4길 8,2.0112747252747254,21.125054945054956,37.4895863312,127.1433912604
18,거여2동 주민센터,서울특별시 송파구 거여동 195-1,148.237142857143,0.0,37.4935643829,127.146969926
19,송파더센트레,"서울특별시 송파구 위례광장로 163 (장지동, 위례22단지)",10.123516483516482,19.17009523809524,37.47935896489,127.1401853902
20,한국광고문화회관,서울특별시 송파구 신천동 7-11,86.37650549450554,0.0,37.5159069385,127.099593702
21,삼익가든아파트,서울특별시 강동구 명일동 260-1,0.0,18.816505494505495,37.54588600963,127.1466312646
22,고덕아이파크,서울특별시 강동구 고덕동 동남로79길 26,13.356131868131875,14.963150183150189,37.5591846946,127.1537423213
23,가락쌍용1차 아파트,서울특별시 송파구 가락동 동남로 193,3.1262747252747247,22.606373626373628,37.4946987694,127.1292251319
24,송파파인타운6단지 아파트,서울특별시 송파구 충민로6길 14,29.776769230769244,17.807384615384613,37.48056250195,127.1319978941
25,송파파인타운9단지,서울특별시 송파구 송파대로 8길 17,66.0680659340658,26.434835164835203,37.478239,127.128729
26,잠실롯데캐슬골드 아파트,서울특별시 송파구 신천동 올림픽로 269,19.456241758241763,16.987945054945055,37.5144261788,127.100610302
27,거여5단지 아파트,서울특별시 송파구 거여동 양산로4길 16,8.356813186813183,10.47846153846154,37.4892095924,127.1449645201
28,고덕리엔파크3단지 아파트,서울특별시 강동구 상일로 74,28.725714285714258,16.46334432234431,37.55223512265,127.1752187199
29,홈플러스 강동점,서울특별시 강동구 양재대로 1571,81.64006593406586,0.0,37.54571126255,127.1421724756
30,송파성원상떼빌,서울특별시 송파구 가락동 송파대로28길 27,2.9313406593406603,10.988571428571433,37.4948850029,127.1200929635
31,위례스타힐스,서울특별시 송파구 장지동 위례광장로 215,13.487758241758245,22.77944322344325,37.481504,127.143668
32,더샵스타리버 아파트,서울특별시 송파구 올림픽로35길 93,40.47648351648355,0.0,37.51778342631,127.1046327039
33,성내1차이편한세상,서울특별시 강동구 천호대로168길 58,0.0,3.345318681318683,37.53331732998,127.1310838701
34,대우한강베네시티 아파트,서울특별시 강동구 올림픽로 664,0.0,19.84956043956043,37.540361,127.124838
35,송파파크데일2단지,서울특별시 송파구 마천동 성내천로47길 38,12.648263736263745,21.625934065934043,37.4963394415,127.1581638948
36,마천동1공영주차장,서울특별시 송파구 성내천로43길 6,10.653054945054937,0.0,37.49518194689,127.15556452
37,송파파인타운5단지,서울특별시 송파구 장지동 충민로4길 5,15.528571428571428,19.22252747252745,37.4796153626,127.1297192236
38,GS강동자이 아파트,서울특별시 강동구 천호대로 1239(길동),6.70626373626373,21.80681318681317,37.4765488043,127.111607161
39,삼전동 공영주차장,서울특별시 송파구 삼전동 175-8,101.35015384615383,0.0,37.500239,127.095866
40,위례 포레샤인 23단지,서울특별시 송파구 장지동 380-1,13.918923076923083,17.042454212454192,37.47617081866,127.1353309043
41,강일리버파크7단지 아파트,서울특별시 강동구 아리수로98길 25,10.9521978021978,17.63214652014651,37.56505092294,127.178802828
42,강일리버파크5단지,서울특별시 강동구 강일동 아리수로97길 20,7.740417582417578,15.473113553113569,37.567726,127.178447
43,문정근린공원 공영주차장,서울특별시 송파구 문정로 지하 12,90.88290109890124,0.0,37.485959583661,127.1236290222
44,잠실파크인수,서울특별시 송파구 백제고분로 187,0.0,5.937054945054947,37.50473262281,127.0877404572
45,문정래미안아파트,서울특별시 송파구 문정동 문정로 83,27.768395604395604,25.704534798534766,37.490893,127.130226
46,현대백화점 천호점,서울특별시 강동구 천호대로 1005,42.40775824175819,0.0,37.53887464166,127.1244744264
47,거여1단지 아파트,서울특별시 송파구 거여동 양산로8길 8,12.546197802197796,13.767527472527476,37.4909147866,127.1445652655
48,잠실한양3차 아파트,서울특별시 송파구 방이동 양재대로 1089,0.0,4.369230769230767,37.5058495904,127.1224810673
49,송파와이즈더샵,서울특별시 송파구 장지동 위례광장로 270,0.0,14.364285714285705,37.4771052523,127.1436523086
50,둔촌푸르지오아파트,서울특별시 강동구 둔촌동 명일로 172,11.496527472527468,9.702783882783882,37.53414,127.14507
51,성내동중앙하이츠,"서울특별시 강동구 양재대로95길 53 (성내동, 중앙하이츠아파트)",0.0,7.381296703296707,37.53051922418,127.1335396726
52,강일리버파크 6단지,서울특별시 강동구 강일동 아리수로94길 19,8.578109890109893,0.0,37.5627340873,127.1772602489
53,송파공영주차장,서울특별시 송파구 백제고분로44길 13-25,0.6699999999999999,0.0,37.507026462481,127.1132924712
54,송파파인타운10단지,서울특별시 송파구 장지동 송파대로8길 20,11.042549450549451,7.028714285714287,37.4781324844,127.1311863959
55,송파파인타운1단지아파트,서울특별시 송파구 장지동 833,0.0,10.345384615384628,37.4863182,127.1341958
56,한강극동아파트,서울특별시 송파구 풍납동 토성로 38-6,29.20501098901097,26.835604395604403,37.5294607024,127.1140527139
57,암펠로스타워,서울특별시 강동구 둔촌동 명일로 110,0.0,11.154725274725278,37.5288091079,127.1431676374
58,길동삼익파크,서울특별시 강동구 길동 명일로 293,12.96380219780221,16.163626373626364,37.5447060359,127.1463619029
59,고덕리엔파크1단지,서울특별시 강동구 상일로 152,0.0,16.677032967032964,37.561757,127.172139
60,풍납쌍용,서울특별시 송파구 풍납동 올림픽로47길 9,1.9552527472527472,13.109010989010995,37.5274169167,127.1180408617
61,명일한양아파트,서울특별시 강동구 명일동 동남로71길 19,35.30551648351646,0.0,37.550839,127.155315
62,강동보건소,서울특별시 강동구 성내동 541-2,3.179120879120879,0.0,37.529539325201,127.1253752982
63,위례송파푸르지오 아파트,서울특별시 송파구 장지동 위례광장로 185,5.103604395604395,0.0,37.4802093902,127.1397599524
64,강일리버파크11단지,서울특별시 강동구 강일동 고덕로97길 100,0.0,1.7270769230769225,37.562856,127.17973
65,강일리버파크10단지,서울특별시 강동구 강일동 고덕로97길 20,3.2662417582417587,0.0,37.5592088582,127.1799953539
66,한강현대 아파트,서울특별시 강동구 암사동 올림픽로104길 41,2.8130989010989005,4.68153846153846,37.5560114394,127.131304691
67,암사라인 아파트,서울특별시 강동구 암사동 고덕로 53,0.0,0.0037362637362637367,37.5549808769,127.1311444412
68,송파현대힐스테이트,서울특별시 송파구 풍납동 풍성로26길 31,0.0,11.405714285714284,37.530849827,127.11830456
69,경보그레이스 힐,서울특별시 강동구 성내동 풍성로53길 40,0.0,1.4758351648351644,37.5311320576,127.1353837592
70,쌍용스윗닷홈 거여1차 아파트,서울특별시 송파구 오금로62길 10,0.0,2.1710769230769227,37.49182576795,127.1467064418
71,가락우성2차 아파트,서울특별시 송파구 가락동 중대로12길 35,0.0,0.02813186813186813,37.4920142127,127.1254708566
72,한강포스파크아파트,서울특별시 강동구 암사동 고덕로19길 30,0.0,0.002417582417582417,37.556032,127.133941
73,천호유수지,서울특별시 강동구 선사로 70 (천호동),1.1300549450549449,0.0,37.544788986,127.12187757
74,송파도서관,"서울특별시 송파구 동남로 263 (오금동, 송파도서관)",1.1090549450549452,0.0,37.501,127.134
75,강동아트센터(강동문화재단),"서울특별시 강동구 동남로 870 (상일동, 강동아트센터)",0.4964395604395605,0.0,37.5511,127.1573
76,문래힐스테이트,서울특별시 영등포구 문래동3가 문래로 82,0.0,7.145821428571431,37.51872,126.89107
77,롯데캐슬엠파이어,서울특별시 영등포구 여의도동 의사당대로 127,13.217560439560446,19.854505494505485,37.520241356,126.9264085517
78,영등포아트자이 아파트,서울특별시 영등포구 도림동 도영로 66,6.107318681318685,12.898578754578756,37.5103939542,126.9001777987
79,대림어린이공원 공영주차장,서울특별시 영등포구 대림동 870,74.73758241758239,0.0,37.491084439,126.9033538022
80,문래자이아파트,서울특별시 영등포구 문래동3가 당산로4길 12,12.682725274725275,18.974945054945067,37.5162769232,126.8973918801
81,남서울직할(영등포)지사,서울특별시 영등포구 문래동3가 80,114.38351648351644,0.5827409733124019,37.52031651,126.892762
82,신길경남 아파트,서울특별시 영등포구 영등포로 351,2.7061538461538466,12.702087912087912,37.515558,126.918256
83,남서울직할,서울특별시 영등포구 여의도동 21,37.884956043956116,1.9816758241758246,37.52754543,126.930284
84,당산대우 아파트,서울특별시 영등포구 당산동2가 16-1,3.0655164835164825,14.702747252747256,37.5208860347,126.8928607252
85,국회의사당,서울특별시 영등포구 여의도동 1,0.0,16.284461538461567,37.5329136,126.9164036
86,바다마을아파트,서울특별시 영등포구 신길동 가마산로 540,0.0,2.9074120879120895,37.50276,126.91541
87,신길뉴타운한화꿈에그린,서울특별시 영등포구 신길동 신길로 119,0.0,7.282087912087914,37.5035107402,126.909709552
88,보라매벚꽃마을아파트,서울특별시 영등포구 신길동 대방천로14길 34,0.0,51.87584615384612,37.4959210357,126.9101936408
89,신길삼성래미안,서울특별시 영등포구 신길동 가마산로79길 7,6.9829010989011,10.294945054945051,37.505457,126.9153493
90,대림동현대3차 아파트,서울특별시 영등포구 대림동 608-1,5.394109890109888,11.912527472527469,37.5062341681,126.8951526953
91,양평한신아파트,서울특별시 영등포구 양평동5가 76,19.622307692307686,26.88026373626371,37.54007118621,126.8920208623
92,대림운동장 공영주차장,서울특별시 영등포구 대림동 780,117.48248351648371,0.0,37.499068524,126.8942003346
93,영등포레미안 아파트,서울특별시 영등포구 신길동 4945,8.409120879120877,16.39727472527471,37.5049810409,126.9095268262
94,문래금호어울림 아파트,서울특별시 영등포구 문래동3가 97,0.0,5.333274725274727,37.5189841833,126.8981392781
95,문래건영아파트,서울특별시 영등포구 문래동3가 93-1,0.0,2.082498168498168,37.51827643829,126.8925386789
96,당산근린지하공영주차장,서울특별시 영등포구 당산로27길 12 (당산동3가),19.829417582417587,0.0,37.52551222,126.89576941
97,서울영등포우체국,"서울특별시 영등포구 선유동2로 6 (당산동4가, 서울영등포우체국)",0.6540549450549449,0.0,37.52962614,126.8949565
98,영등포구민회관,"서울특별시 영등포구 국회대로 596 (당산동3가, 영등포구민회관)",1.7784395604395604,0.0,37.526142,126.900028
99,신정동일하이빌아파트1단지,"서울특별시 양천구 신정로11길 20 (신정동, 동일하이빌아파트)",0.0,21.085010989010982,37.5107833089,126.8401934228
100,방화5단지 아파트,서울특별시 강서구 방화동 금낭화로 287-19,19.04248351648352,8.581846153846152,37.5768026767,126.810285497
101,e편한세상염창,서울특별시 강서구 공항대로 583,0.0,12.720421978021976,37.54876208844,126.8703941578
102,신정이펜하우스 2단지,서울특별시 양천구 신정이펜2로 55,0.0,9.80435164835164,37.515688,126.830737
103,목동 현대하이페리온2아파트,서울특별시 양천구 목동 961,10.72538461538462,26.76358974358976,37.52438967643,126.8700630152
104,부영그린타운2차,서울특별시 양천구 목동 908-28,0.0,20.822956043956047,37.5363756323,126.8811258526
105,마곡힐스테이트,서울특별시 강서구 마곡동 725-1,10.714967032967033,23.11028571428572,37.5646953177,126.8184339904
106,한국공항공사 서울,서울특별시 강서구 방화동 886,98.58498901099009,0.0,37.564959,126.794854
107,서울에너지공사 주차장,서울특별시 양천구 목동 900,128.34542307692303,0.0,37.5401156047,126.883763102
108,마곡엠밸리3단지,서울특별시 강서구 마곡동 736,9.996857142857142,24.166978021977993,37.5685319217,126.819719606
109,방화동성아파트,서울특별시 강서구 방화동 금낭화로23길 8,1.7985714285714283,7.533699633699624,37.5794084299,126.812592887
110,목동힐스테이트아파트,서울특별시 양천구 신정동 중앙로36길 15,31.207846153846134,44.30175824175821,37.5207747014,126.855947273
111,마곡수명산파크1단지,서울특별시 강서구 내발산동 742,12.247186813186806,22.5942857142857,37.5535661829,126.8305340094
112,양천벽산블루밍 아파트,서울특별시 양천구 신월동 1026,1.9874065934065932,19.58624175824174,37.5245986953,126.8392967298
113,화곡초록 아파트,서울특별시 강서구 화곡동 1139,8.976945054945055,0.0,37.5452804761,126.8329698193
114,마곡수명산파크3단지,서울특별시 강서구 내발산동 751,1.516945054945055,7.825032967032967,37.5518565943,126.8247074755
115,마곡수명산파크8단지,서울특별시 강서구 수명로2길 108,0.0,13.091648351648356,37.55097481545,126.8285922819
116,마곡엠밸리6단지,서울특별시 강서구 마곡동 743,38.889912087912144,20.417582417582402,37.5657531052,126.8196221693
117,마곡엠밸리2단지,서울특별시 강서구 마곡동 마곡서1로 146,0.0,8.632358974358974,37.568824973,126.82141102
118,강서양천지사,서울특별시 양천구 신정동 319-1,87.63643956043958,2.157563579277866,37.52007602,126.8687447
119,마곡13단지 힐스테이트마스터,서울특별시 강서구 마곡동 748,25.329626373626397,35.04074725274724,37.557592,126.818291
120,마곡수명산파크5단지,서울특별시 강서구 내발산동 749,13.782175824175825,29.212362637362617,37.5515869245,126.8275825587
121,목동트윈빌,서울특별시 양천구 목동 905-22,1.1217582417582417,18.90745054945054,37.5321760813,126.8767427591
122,마곡엠밸리11단지아파트,서울특별시 강서구 마곡동 공항대로 124,0.0,10.902307692307707,37.558829,126.820478
123,마곡수명산파크6단지,서울특별시 강서구 내발산동 수명로2길 63,2.257274725274725,13.414021978021982,37.5498760484,126.8258211289
124,목동2차우성아파트,서울특별시 양천구 신정동 337,6.849868131868133,0.0,37.50749198974,126.8665833558
125,가로공원 공영주차장,서울특별시 양천구 신월동 263,77.18160439560432,0.0,37.5359873615,126.8290440925
126,방화동부센트레빌,서울특별시 강서구 방화동 875,3.458813186813187,0.0,37.5744012407,126.8140680039
127,마곡엠밸리8단지,서울특별시 강서구 마곡동 마곡서1로 81,19.391978021978016,0.0,37.564076,126.819977
128,신정숲속마을아파트,서울특별시 양천구 신정동 1324,14.53081318681317,0.0,37.506123778,126.83393067
129,푸른마을2단지,서울특별시 양천구 신정동 1281,7.749428571428569,21.01323076923076,37.5135083255,126.8360674722
130,마곡수명산파크7단지,서울특별시 강서구 내발산동 수명로2가길 22,5.098593406593404,16.426593406593415,37.5476645873,126.821919941
131,강서한강자이아파트,서울특별시 강서구 가양동 양천로55길 55,2.7597802197802204,5.803516483516485,37.5664707563,126.8481216583
132,미주진로아파트,"서울특별시 강서구 공항대로 351-21 (등촌동, 미주진로아파트)",0.0,13.390505494505494,37.56018,126.84705
133,목동삼성쉐르빌1,서울특별시 양천구 신정동 318-10,1.3384395604395607,0.6692527472527472,37.5229427348,126.8701243493
134,염창힐스테이트 아파트,서울특별시 강서구 염창동 306,0.0,10.88408791208791,37.5516160358,126.8733338342
135,한사랑2차삼성 아파트,서울특별시 강서구 공항대로59길 64,0.2984395604395605,1.4031868131868128,37.5613619067,126.8139781759
136,신월코아루1단지아파트,서울특별시 양천구 신월동 남부순환로56길 9,0.0,3.5640512820512824,37.531844,126.82983
137,우당 아파트,서울특별시 양천구 신월동 506-1,0.0,0.011230769230769228,37.523063902,126.8478476951
138,신정뉴타운두산위브아파트,서울특별시 양천구 신월로20길 7,6.2368131868131895,0.0,37.5129548999,126.827074251
139,신월해주 아파트,서울특별시 양천구 신월동 217-8,0.0,1.6511978021978015,37.5270574059,126.8346395361
140,서울남부출입국 외국인사무소,"서울특별시 강서구 마곡서1로 48 (마곡동, 서울남부출입국관리사무소)",34.484043956043934,0.0,37.561156350419,126.8211838432
141,마곡 이웰메디파크,서울특별시 강서구 마곡중앙4로 74 (마곡동),9.435538461538458,0.0,37.557883163419,126.834883242
142,강서수도사업소,서울특별시 양천구 목동동로 155 (신정동),10.22789010989011,0.0,37.495803083699,126.8906226905
143,등마루 공영주차장,"서울특별시 양천구 목동중앙북로8다길 지하 4 (목동, 목3동 등마루 공영주차장)",45.95316483516481,0.0,37.545968011794,126.865487897
144,한국방송광고진흥공사,"서울특별시 양천구 목동동로 233 (목동, 한국방송회관)",5.993010989010988,0.0,37.527003957169,126.8713198837
145,신정동일하이빌아파트2단지,"서울특별시 양천구 신정로11길 20 (신정동, 동일하이빌아파트)",0.0,23.728241758241758,37.51191722058,126.8387340678
146,한국공항공사 고객전용주차장,"서울특별시 강서구 하늘길 78 (과해동, 한국공항공사)",0.08923076923076922,0.0,37.561810793,126.79866127
147,강서경찰서 민원인주차장,"서울특별시 강서구 화곡로 308 (화곡동, 서울강서경찰서)",47.36604395604396,0.0,37.551278229,126.85001114
148,양천구청 지하주차장,"서울특별시 양천구 목동동로 105 (신정동, 양천구청)",6.86225274725275,0.0,37.517105,126.866302
149,은천2단지 아파트,서울특별시 관악구 봉천동 인헌12길 46-1,32.48254945054943,19.422417582417573,37.4706639492,126.9645625253
150,관악동작 견인차량 보관소,서울특별시 관악구 신사로 7,174.87334065934138,0.0,37.4846968754,126.904065304
151,이수힐스테이트,서울특별시 동작구 동작동 동작대로39길 22,20.671648351648358,40.717362637362655,37.49463472,126.9819657575
152,서울대입구아이원,서울특별시 관악구 봉천동 청룡길 78,5.381846153846152,24.16701098901099,37.4783116175,126.945375416
153,대우신림2차푸르지오,서울특별시 관악구 신림동 난곡로 66,21.84771428571428,0.0,37.4610661511,126.9198746198
154,상도대림 아파트,서울특별시 동작구 상도동 상도로60길 20,0.0,5.359824175824175,37.4931852401,126.9532620463
155,보라매삼성 아파트,서울특별시 관악구 봉천동 보라매로 62,9.102065934065934,12.117252747252747,37.4933922804,126.9278189979
156,상도파크자이,서울특별시 동작구 상도동 장승배기로 11,16.36705494505494,28.037802197802208,37.4995058611,126.9431253448
157,관악동작지사,서울특별시 동작구 동작대로 19,88.14404395604409,1.5623912087912077,37.47830829,126.9809567
158,흑석한강센트레빌,서울특별시 동작구 흑석동 흑석한강로 2,13.160813186813192,11.895091575091577,37.5051797465,126.9645145496
159,신림서초 아파트,서울특별시 관악구 신림동 호암로16길 5,0.0,5.299043956043958,37.4640220022,126.9322465795
160,대방성원 아파트,서울특별시 동작구 대방동 여의대방로44길 9,5.453824175824176,11.714615384615385,37.509731742,126.9259166877
161,관악벽산블루밍,서울특별시 관악구 봉천동 은천로 93,35.516879120879146,0.0,37.4872820001,126.945246769
162,숲속마을신동아파밀리에,서울특별시 동작구 신대방동 여의대방로10길 100,0.0,5.40142857142857,37.4915778003,126.9145364705
163,신대방현대 아파트,서울특별시 동작구 신대방동 여의대방로 28,9.662813186813187,15.448219780219784,37.4952734403,126.911691628
164,동작상떼빌 아파트,서울특별시 동작구 신대방동 신대방1가길 38,17.98481318681319,12.91545787545786,37.487899553,126.906937744
165,신림쌍용 아파트,서울특별시 관악구 신림동 미성길 122,4.747032967032968,16.152527472527485,37.472827882,126.9121747586
166,사당롯데캐슬샤인,서울특별시 동작구 사당동 사당로27길 190,7.649428571428573,26.55670329670329,37.4909601775,126.9715998344
167,봉천건영6차아파트,서울특별시 관악구 봉천동 1701,0.0,14.359340659340658,37.4771034996,126.9519063577
168,신동아 아파트,서울특별시 관악구 신림동 신림로 11길 151,0.0,0.6285714285714287,37.46433097545,126.940475311
169,신림 주공2단지,서울특별시 관악구 신림동 광신길 86,0.0,22.523692307692343,37.46425,126.92662
170,관악동부센트레빌 아파트,서울특별시 관악구 봉천동 은천로33길 5,14.706857142857144,28.22571428571427,37.4872985885,126.9501540148
171,대우유로카운티,서울특별시 동작구 상도동 양녕로 287,0.0,7.401098901098904,37.5054012556,126.9493141059
172,서울시여성가족재단,서울특별시 동작구 대방동 345-1,39.43714285714283,0.0,37.51285934813,126.928467032
173,신림동부센트레빌,서울특별시 관악구 신림동 미성3길 16,0.0,1.507032967032967,37.4729532457,126.9160634915
174,래미안상도3차아파트,서울특별시 동작구 대방동 상도로 53길 8,3.352087912087913,2.13356043956044,37.5000083801,126.92637413
175,청광 아파트,서울특별시 관악구 신림로3가길 45-24,0.0,1.2274725274725276,37.467697029,126.94203825
176,보라매아카데미타워 아파트,서울특별시 동작구 신대방동 보라매로5가길 16,0.0,8.556263736263736,37.4912743812,126.9240940365
177,상도래미안1차 아파트,서울특별시 동작구 상도동 등용로 37,2.529098901098901,7.482857142857141,37.5051697239,126.9330779992
178,관악구 평생학습관,"서울특별시 관악구 남부순환로 1546 (신림동, 관악문화정보센터)",1.6900000000000002,0.0,37.484478416765,126.9336329584
179,빙수골 장미주차장,"서울특별시 동작구 국사봉16길 28 (상도동, 빙수골장미공영주차장)",6.25017582417582,0.0,37.493303809,126.9336732
180,관악구 종합체육센타,"서울특별시 관악구 낙성대로3길 37 (봉천동, 관악구민종합체육센터)",66.21690109890102,0.0,37.482950598,126.92242741
181,대방중간집하장 공영주차장,"서울특별시 동작구 노량진로 47 (대방동, 대방차고쓰레기처리시설)",1.6719780219780223,0.0,37.513748188152,126.930734046
182,리첸시아방배,서울특별시 서초구 방배동 755-14,0.0,8.986483516483519,37.4972769868,126.9857331315
183,서초네이처힐7단지,서울특별시 서초구 우면동 735,0.0,18.661373626373624,37.4610734048,127.0211322702
184,서초네이처힐6단지,서울특별시 서초구 우면동 737,12.611450549450552,22.639494505494515,37.4611517998,127.0256490145
185,서초지사,서울특별시 서초구 효령로 72길 60,36.151725274725344,1.3038021978021987,37.48560466,127.028077
186,서초포레스타5단지,서울특별시 서초구 신원동 374,3.953956043956044,13.295443223443224,37.4511428681,127.0576833777
187,래미안서초스위트 아파트,서울특별시 서초구 서초동 1301-6,2.565252747252747,18.24813186813189,37.5020983625,127.0198681406
188,반포리체 아파트,서울특별시 서초구 반포동 30-26,20.080483516483515,32.18318681318668,37.5044672196,127.0124541711
189,예술의 전당,서울특별시 서초구 서초동 산 130-19,89.73228571428558,0.0,37.478856,127.011318
190,방배롯데캐슬아르떼,서울특별시 null null null null null null null null null null null null null null null null null null null null null null null null null null null null null null null null null null null null null null null null null null null null null null null null null,0.0,13.029494505494526,37.48342824587,126.9837639178
191,서초롯데캐슬프레지던트,서울특별시 서초구 서초동 1681-8,0.0,10.981692307692303,37.496973514,127.019418966
192,현대멤피스(A),서울특별시 서초구 방배동 774-19,0.0,11.835395604395604,37.49464638455,126.9888727756
193,서초경남아너스빌201동,서울특별시 서초구 서초동 1456-2,0.0,6.796285714285717,37.4838195485,127.0141783796
194,현대멤피스(B),서울특별시 서초구 방배동 772-13,0.0,5.58874725274725,37.49521397652,126.98843167
195,방배동부센트레빌 아파트,서울특별시 서초구 방배동 3275,0.0,15.284538461538473,37.4973457271,126.9881169632
196,서초힐스 아파트,서울특별시 서초구 우면동 773,12.637934065934056,24.26617582417583,37.4576068928,127.0175687231
197,아크로리버파크,서울특별시 서초구 반포동 2-12,0.0,21.710329670329667,37.506252,126.9926731
198,서초더샵포레,서울특별시 서초구 내곡동 77,10.96821978021978,25.558681318681334,37.45392176545,127.0643310989
199,서울시립어린이병원,서울특별시 서초구 내곡동 6-7,45.1489670329671,0.0,37.4557176389,127.068853552
200,LH서초4단지 아파트,서울특별시 서초구 우면동 788,0.0,23.71008791208787,37.45822562472,127.024165105
201,삼창골든빌리지 입주자대표회의,서울특별시 서초구 반포동 동광로32길 7,0.0,11.548714285714283,37.493953,126.997425
202,서초동일하이빌,서울특별시 서초구 서초동 1542-1,0.0,19.30832967032967,37.49157868738,127.0083026731
203,신세계 강남점,서울특별시 서초구 반포동 19-3,61.632472527472686,0.0,37.504017347023,127.0024937597
204,방배3차e편한세상,서울특별시 서초구 방배동 797-30,0.0,19.372307692307725,37.494387147,126.9919893308
205,서초2차e편한세상아파트,서울특별시 서초구 서초동 1529,0.0,12.764483516483516,37.48631222642,127.0092490429
206,서초네이처힐1단지,서울특별시 서초구 우면동 707,0.0,6.477736263736259,37.4641083573,127.0191075276
207,방배1차 e편한세상,서울특별시 서초구 방배동 884-2,0.0,7.708241758241758,37.4872478308,126.9990140262
208,남서울농협 하나로마트 우면점,서울특별시 서초구 우면동 763,22.060681318681315,0.0,37.45685749231,127.0158573549
209,롯데캐슬헤론,서울특별시 서초구 방배동 754-1,13.044373626373625,6.72357142857143,37.4969957466,126.984724466
210,반포미도아파트,서울특별시 서초구 반포동 60-4,13.179670329670323,0.0,37.4999733383,127.0087078977
211,서초롯데캐슬84,서울특별시 서초구 서초동 1642-14,0.0,8.701406593406588,37.4926055935,127.0184136982
212,방배아이파크 아파트,서울특별시 서초구 방배동 3277,0.0,5.958230769230771,37.4914635743,126.9848070079
213,방배롯데캐슬포레스트,서울특별시 서초구 방배동 844-1,0.0,8.757197802197805,37.49182668407,126.9958726786
214,국립 중앙도서관,서울특별시 서초구 반포동 산 94-1,15.33536263736266,0.0,37.497059314057,127.0030787442
215,서초아크빌,서울특별시 서초구 반포대로22길 86,0.0,4.296021978021979,37.49068177836,127.0128453848
216,래미안서초7차 아파트,서울특별시 서초구 서초동 1642-34,0.0,2.4673296703296708,37.4877842236,127.0120262532
217,양재리본타워2단지아파트,서울특별시 null null null null null null null null null null null null null null null null null null null null null null null null null null null null null null null null null null null null null null null null null null null null null null null null null,0.0,2.99807142857143,37.464809033,127.0359230291
218,태남빌딩 주차장,서울특별시 서초구 잠원로3길 40,2.3560879120879115,0.0,37.508200233894,127.0036390565
219,반포동방음언덕형 공영주차장,서울특별시 서초구 주흥5길 20 (반포동),8.631714285714288,0.0,37.498091006211,126.9996918386
220,잠원동방음언덕형 공영주차장,서울특별시 서초구 잠원동 10-33,42.987230769230784,0.0,37.516202344963,127.0162318685
221,서초리젠 아파트,서울특별시 서초구 서초동 1444-19,0.0,0.006164835164835165,37.4843053021,127.0196960903
222,현대ESA아파트,서울특별시 서초구 서초동 1338,0.0,5.233560439560441,37.49088602217,127.0295128041
223,월드메르디앙 아파트,서울특별시 서초구 서초동 1549-3,0.3815164835164835,0.0,37.4901990746,127.0104481156
224,구룡공원 공영주차장,서울특별시 서초구 양재동 399,6.344021978021975,0.0,37.4716396,127.0485046
225,동산마을 공영주차장,"서울특별시 서초구 강남대로8길 77 (양재동, 동산마을구립주차장)",23.329472527472536,0.0,37.470090886,127.04430893
226,대한무역투자진흥공사,"서울특별시 서초구 헌릉로 13 (염곡동, 대한무역투자진흥공사(코트라))",3.3029560439560446,0.0,37.465214569,127.04466925
227,방배복개도로 제2지역 공영주차장,"서울특별시 서초구 동작대로 22-2 (방배동, 가로분식점)",19.777296703296713,0.0,37.478409455,126.9819709
228,한국연구재단,"서울특별시 서초구 헌릉로 25 (염곡동, 한국연구재단)",2.449274725274725,0.0,37.464997748,127.04570951
229,양재하이브랜드,"서울특별시 서초구 매헌로 16 (양재동, 하이브랜드)",0.2486648351648352,0.0,37.463367077,127.03701594
230,강남아이파크,서울특별시 강남구 자곡동 자곡로 175,45.74206593406597,38.11824175824177,37.4742504351,127.1025415943
231,타워팰리스1차,서울특별시 강남구 도곡동 언주로30길 56,45.61481318681317,30.27434065934062,37.4880682608,127.0534828799
232,역삼래미안,서울특별시 강남구 역삼동 757,4.296615384615384,13.883681318681306,37.4981410336,127.050493262
233,개나리푸르지오,서울특별시 강남구 역삼동 755-1,0.0,10.794029304029314,37.4996776391,127.0495726208
234,개나리래미안 아파트,서울특별시 강남구 역삼동 역삼로 306,8.852637362637358,18.176593406593433,37.4989768233,127.0469586923
235,세곡푸르지오아파트,서울특별시 강남구 세곡동 533,12.893472527472527,21.909670329670345,37.4673544518,127.093427902
236,래미안대치하이스턴 아파트,서울특별시 강남구 대치동 도곡로93길 12,9.103230769230773,32.44197802197804,37.5015124522,127.0654756841
237,압구정하이츠파크,서울특별시 강남구 신사동 압구정로42길 78,0.0,21.600989010988993,37.524086963,127.033598412
238,LH강남힐스테이트,서울특별시 강남구 자곡동 자곡로3길 21,28.29129670329668,33.09379120879125,37.4717680762,127.0881179237
239,도곡렉슬 아파트,서울특별시 강남구 도곡동 선릉로 221,53.894681318681286,48.19120879120873,37.4942075612,127.0497329724
240,타워팰리스G동,서울특별시 강남구 도곡동 언주로30길 26,58.76371428571428,36.070648351648366,37.4877623464,127.0525283412
241,강남한양수자인,서울특별시 강남구 자곡동 자곡로 260,22.86564835164835,38.90236263736267,37.475905,127.112986
242,강남구청 공영주차장,서울특별시 강남구 삼성동 16-1,202.47397802197818,0.0,37.51793074154,127.0471300614
243,강남한신휴플러스6단지 아파트,서울특별시 강남구 율현동 밤고개로26길 50,2.976395604395605,8.497032967032967,37.4678116186,127.1048207502
244,대치2문화센터 공영주차장,서울특별시 강남구 영동대로65길 24,55.08881318681309,0.0,37.502333059827,127.0642142814
245,LH서울지사,서울특별시 강남구 선릉로 121길 12,200.6481098901095,0.0,37.514473,127.040862
246,청담파크파라곤,서울특별시 강남구 청담동 학동로97길 31,0.0,20.008351648351642,37.521379742,127.0545473694
247,가람아파트,서울특별시 강남구 일원동 일원로 127,6.8259560439560465,0.0,37.4831588428,127.085381578
248,샘터마을 아파트,서울특별시 강남구 일원동 일원로 120,9.303274725274727,0.0,37.4852006506,127.0826748096
249,강남세브란스 병원,서울특별시 강남구 언주로 211,55.768736263736365,0.0,37.492949,127.046255
250,대치현대 아파트,서울특별시 강남구 대치동 삼성로64길 5,8.414417582417581,23.188813186813203,37.500448308,127.0605123535
251,래미안강남힐즈,서울특별시 강남구 자곡동 자곡로 101,17.375340659340655,25.11274725274724,37.4726558946,127.0958062553
252,세곡리엔파크3단지,서울특별시 강남구 세곡동 헌릉로590길 11,36.16586813186816,31.90021978021979,37.4643883571,127.104164884
253,래미안그레이튼,서울특별시 강남구 역삼동 도곡로43길 20,13.68274725274725,36.39692307692307,37.4968641934,127.0486174555
254,삼성동힐스테이트2단지,서울특별시 강남구 삼성로 111길 8,20.56971428571427,22.869816849816885,37.513789,127.051413
255,청담래미안로이뷰,서울특별시 강남구 청담동 영동대로142길 16,0.0,21.232747252747266,37.52475781,127.056212
256,우정에쉐르 3차,서울특별시 강남구 영동대로85길 17,0.0,0.16259340659340657,37.50687518967,127.0622276123
257,아이파크삼성동,서울특별시 강남구 삼성동 영동대로 640,51.35782417582421,0.0,37.5183968081,127.0595495102
258,헌릉로745길 노상주차장,서울특별시 강남구 율현동 101-13,104.55727472527474,0.0,37.4702566872,127.1184618819
259,역삼2차아이파크아파트,서울특별시 강남구 역삼동 도곡로57길 12,0.0,11.130439560439562,37.496746,127.051602
260,강남데시앙포레,서울특별시 강남구 수서동 광평로34길55,37.2506153846154,37.091208791208835,37.480849078,127.09236666
261,청담자이 아파트,서울특별시 강남구 청담동 영동대로138길 12,29.378065934065933,27.77052747252745,37.5241030942,127.0572508006
262,타워팰리스 2차,서울특별시 강남구 도곡동 언주로30길 57,22.309758241758235,26.871406593406565,37.4894771854,127.0540356842
263,삼성동한일아파트,서울특별시 강남구 삼성동 48,0.0,10.03002197802199,37.51394035345,127.0500344955
264,역삼e-편한세상,서울특별시 강남구 역삼동 755-4,6.562923076923077,21.264175824175837,37.4988525999,127.051025254
265,개포7차 우성 아파트,서울특별시 강남구 일원동 개포로110길 15,16.03228571428572,17.932989010989004,37.4932436794,127.0791148884
266,세곡리엔파크2단지 아파트,서울특별시 강남구 세곡동 헌릉로 590길10,10.54421978021978,0.0,37.4765488043,127.111607161
267,삼성동현대아파트,서울특별시 강남구 삼성동 학동로64길 14,0.0,17.68835164835167,37.516764109,127.04461037
268,래미안대치팰리스,서울특별시 강남구 대치동 삼성로51길 37,33.75783516483518,0.0,37.4934362819,127.0576977958
269,강남한신휴 플러스8단지,서울특별시 강남구 율현동 밤고개로27길 20,0.0,6.385494505494503,37.4709029988,127.1097674257
270,삼성우정에쉐르아파트,서울특별시 강남구 삼성동 3-8,0.0,3.5158241758241755,37.51728078263,127.0445110245
271,삼성중앙하이츠빌리지,서울특별시 강남구 삼성동 학동로68길 30,0.0,29.100571428571413,37.5165790324,127.0465082121
272,삼성동 에스케이뷰 아파트,서울특별시 강남구 삼성동 봉은사로109길 14-8,0.0,7.940131868131864,37.5163180973,127.064864227
273,도성 아파트,서울특별시 강남구 삼성로67길 14,0.0,1.244153846153846,37.5011341757,127.0583189354
274,아크로힐스논현,서울특별시 강남구 논현동 276-1,4.301340659340658,14.467791208791223,37.50957023378,127.0387042079
275,래미안삼성1차,서울특별시 강남구 삼성동 103-22,0.0,9.148681318681318,37.51716374633,127.0639328871
276,현대까르띠에710아파트,서울특별시 강남구 역삼동 710,0.0,13.911758241758228,37.50152205273,127.0449314174
277,도곡대림아크로빌,서울특별시 강남구 도곡동 언주로30길 13,42.0658461538462,0.0,37.4881415795,127.0506742304
278,삼성파크 아파트,서울특별시 강남구 삼성동 삼성로99길 14,0.0,9.756703296703297,37.5092129203,127.0538237005
279,세곡리엔파크1단지,서울특별시 강남구 세곡동 508,0.0,1.6856410256410255,37.46410010438,127.1009689711
280,금호어울림 아파트(삼성동),서울특별시 강남구 삼성동 봉은사로111길 25,0.0,3.492087912087911,37.5167326431,127.0647107496
281,라테라스삼성,서울특별시 강남구 삼성동 봉은사로 645,0.0,0.6654725274725275,37.515489,127.065721
282,공무원연금공단 서울지부(상록회관),"서울특별시 강남구 언주로 508 (역삼동, 공무원연금공단)",1.823538461538461,0.0,37.504099826,127.04294445
283,개봉영화 아파트,서울특별시 구로구 개봉동 475,4.338087912087912,18.27824175824176,37.4969765268,126.8582185106
284,신도림동아1차 아파트,서울특별시 구로구 신도림로 87,20.22984615384615,19.18373626373629,37.510895,126.88338
285,고척스카이돔,서울특별시 구로구 고척동 63-6,89.25587545787573,0.0,37.4985266401,126.866274181
286,천왕연지타운1단지,서울특별시 구로구 오류동 오류로 30,6.601912087912087,11.982857142857151,37.4864295233,126.8400162357
287,구로구청 주차장,서울특별시 구로구 구로동 435,167.94091428571474,0.0,37.495709,126.887667
288,오류푸르지오,서울특별시 구로구 오류동 346,10.63243956043956,21.185934065934067,37.49128563,126.8411140273
289,신구로자이 아파트,서울특별시 구로구 구로동 501,0.0,9.231098901098894,37.4999888818,126.8840967467
290,구로삼성래미안,서울특별시 구로구 구로동 256-1,10.602461538461537,23.347142857142828,37.4887518404,126.8920337159
291,고척근린공원 지하주차장,서울특별시 구로구 고척로 45길 39,66.60828571428578,0.0,37.506105,126.85316
292,지식산업센터(동일테크노타운8차),서울특별시 금천구 범안로 17길 1,100.53734065934037,0.0,37.469394,126.89343
293,항동하버라인3단지,서울특별시 구로구 항동 119-12,0.0,10.541204395604407,37.47964958181,126.8242612472
294,고척파크푸르지오,서울특별시 구로구 고척동 339,1.9946813186813186,12.96885714285716,37.50768066768,126.8583860162
295,메이퀸 웨딩홀,서울특별시 금천구 독산동 152-1,17.203999999999994,0.0,37.47264941022,126.89753859628
296,고척벽산블루밍 아파트,서울특별시 구로구 고척동 경인로 390,17.747802197802205,30.22725274725277,37.4944609534,126.8643884522
297,지식산업센터(대륭테크노타운2차),서울특별시 금천구 가산디지털1로 33-33,53.76307692307696,0.0,37.468697,126.884634
298,신도림7차e-편한세상아파트,서울특별시 구로구 신도림동 신도림로 56-13,0.0,6.582644688644689,37.508273,126.882458
299,구로4동 주택가 공동,서울특별시 구로구 구로동 741-44,70.82329670329669,0.0,37.489959,126.88704
300,남서울힐스테이트아파트,서울특별시 금천구 시흥동 시흥대로 165,4.563824175824172,14.093956043956036,37.446617,126.90216
301,롯데 아파트,서울특별시 구로구 구로동 1263,8.085758241758244,8.794857142857143,37.5028635877,126.8827758903
302,신도림 쌍용플래티넘노블,서울특별시 구로구 구로동 46-7,0.0,24.744802197802198,37.5011166315,126.8913554617
303,천왕이펜하우스2단지,서울특별시 구로구 천왕동 천왕로 92,1.8860879120879122,5.450476190476189,37.4852303582,126.8380876043
304,구로중앙하이츠아파트,"서울특별시 구로구 구로동로47길 24 (구로동, 구로중앙하이츠아파트)",0.0,7.386912087912091,37.49877,126.88051
305,동아한신아파트,서울특별시 구로구 고척동 327,0.5401978021978022,6.495714285714284,37.50094935112,126.8653990608
306,고척LIG리가 아파트,서울특별시 구로구 고척동 340,0.19916483516483519,4.2489010989011,37.5060479122,126.8613093077
307,천왕이펜하우스4단지 아파트,서울특별시 구로구 천왕동 천왕로 29,5.278241758241758,11.384692307692307,37.4808016977,126.8385946272
308,천왕이펜하우스5단지,서울특별시 구로구 천왕동 천왕로 10,0.3401098901098901,7.121465201465206,37.4807272296,126.8421629753
309,개봉대상아파트,서울특별시 구로구 개봉동 477,0.0,0.4065934065934066,37.482322744,126.8496308133
310,구로리공원,"서울특별시 구로구 구로중앙로 13 (구로동, 구로리공원)",19.01934065934067,0.0,37.49052,126.89152
311,경남1차 아파트,서울특별시 구로구 고척동 경인로47길 150,0.0,0.03175824175824177,37.505815074,126.8625266763
312,근상프리즘아파트,서울특별시 구로구 구로동 1283,0.0,0.18945054945054945,37.4982934425,126.875491186
313,구로성호메이플라워,서울특별시 구로구 구로동 가마산로 283,0.0,1.6597692307692309,37.4969035545,126.8913841824
314,금나래체육문화센타,"서울특별시 금천구 시흥대로79길 32 (독산동, 금나래 문화체육센터)",1.2240219780219777,0.0,37.458988891,126.89617264
315,강남전력지사,서울특별시 서초구 서초동 1355,0.0,3.1210549450549463,37.485861,127.028034
316,장안힐스테이트 아파트,서울특별시 동대문구 장안동 장안벚꽃로1길 7,26.226989010989023,5.775318681318681,37.5763369083,127.0745748983
317,배봉공영주차장,서울특별시 동대문구 망우로 18나길 20,21.253274725274746,0.0,37.587354,127.061993
318,브라운스톤태릉 아파트,서울특별시 중랑구 묵동 공릉로18길 59,24.30426373626375,0.0,37.618650122,127.0814314072
319,휘경베스트빌현대,서울특별시 동대문구 휘경동 장안벚꽃로5길 19,11.586329670329668,13.260879120879107,37.5820674907,127.0741594594
320,이문쌍용아파트,서울특별시 동대문구 이문동 한천로58길 47,14.47041758241759,25.45329670329669,37.600003,127.068641
321,휘경주공1단지,서울특별시 동대문구 휘경동 한천로 248,51.604000000000035,20.381208791208778,37.583236036,127.071898
322,답십리래미안위브2블럭,서울특별시 동대문구 답십리로 130,31.953999999999976,27.544549450549468,37.57282418819,127.052298236
323,"면목두산2,3차 아파트",서울특별시 중랑구 면목동 면목로37길 58,0.5115384615384616,17.256703296703286,37.5807745605,127.0836045576
324,전농sk 아파트,서울특별시 동대문구 전농동 사가정로 148,5.532632967032968,0.0,37.5766579558,127.0615656502
325,면목3동 공영주차장,서울특별시 중랑구 면목동 1081-1,98.80767032967027,0.0,37.58083326262,127.0936232961
326,브라운스톤휘경,서울특별시 동대문구 휘경동 망우로20길 86,57.20160439560434,0.0,37.5899977291,127.0655304759
327,상봉우정 아파트,서울특별시 중랑구 상봉동 상봉중앙로1다길 21,12.157120879120876,27.761428571428585,37.5998244991,127.0893920762
328,동대문중랑지사,서울특별시 중랑구 동일로 862,39.73476923076926,0.6511062271062272,37.60746854,127.0792448
329,"면목두산4,5단지 아파트",서울특별시 중랑구 면목동 사가정로42길 90,3.6539560439560437,14.94137362637362,37.5779580043,127.0810927326
330,래미안엘파인 아파트,서울특별시 동대문구 답십리동 한천로37길 33,10.636615384615384,18.125725274725283,37.5763240985,127.0658128243
331,회기동 공영주차장,서울특별시 동대문구 회기동 1-1,31.39513186813185,0.0,37.59150919098,127.0557958977
332,묵동자이2단지 아파트,서울특별시 중랑구 묵동 동일로 932,2.243098901098902,13.907758241758252,37.6138378513,127.0775571376
333,한일써너스빌 아파트,서울특별시 중랑구 상봉동 망우로 346,4.847142857142858,11.952967032967035,37.597381,127.091548
334,면목두원 아파트,서울특별시 중랑구 면목동 동일로 483,0.0,4.451098901098904,37.5735620653,127.079752197
335,청솔우성,서울특별시 동대문구 전농로10길 20,2.0308571428571423,10.31861538461539,37.5745594117,127.060065124
336,동일스위트리버,서울특별시 동대문구 한천로 300,26.972813186813198,0.0,37.5877184463,127.068306949
337,신내우디안1단지,서울특별시 중랑구 신내동 신내역로1길 85,44.685428571428595,22.2833076923077,37.616809089,127.10629372
338,묵동자이1단지 아파트,서울특별시 중랑구 묵동 숙선옹주로 6-9,0.49041758241758243,7.455659340659341,37.6148431359,127.0778889105
339,답십리래미안위브1블럭,서울특별시 동대문구 답십리로 130,37.0832967032967,39.17770329670324,37.57280617832,127.0522755835
340,신내7단지진로아파트,서울특별시 중랑구 신내동 신내로17길 41,7.872197802197801,19.078571428571422,37.464619202,126.94028292
341,중랑해모로 아파트,서울특별시 중랑구 망우동 양원역로 6,0.0,14.13723076923077,37.6011960258,127.1084773567
342,신내건영1차 아파트,서울특별시 중랑구 봉화산로48길 62,0.0,15.191098901098902,37.604091,127.093513
343,힐스테이트청계,"서울특별시 동대문구 천호대로55길 11 (답십리동, 힐스테이트청계아파트)",8.766505494505497,0.0,37.571543,127.045904
344,중랑숲리가 아파트,서울특별시 중랑구 망우동 망우로75길 19,1.2913406593406591,4.1511538461538455,37.6017254423,127.104895105
345,태릉시장 중화공영주차장,"서울특별시 중랑구 중랑역로 9 (중화동, 중랑역사)",50.42603296703295,0.0,37.597533083,127.07477609
346,우림골목시장 주차장,"서울특별시 중랑구 망우로62길 52-4 (망우동, 우림시장 편의시설)",61.20123076923072,0.0,37.596754519,127.09827458
347,신내테크노타운,"서울특별시 중랑구 봉화산로 123 (상봉동, 신내테크노타운)",8.550879120879117,0.0,37.604002282,127.08773517
348,청량리역사(한화역사),"서울특별시 동대문구 왕산로 214 (전농동, 청량리역,롯데백화점)",8.043120879120881,0.0,37.580808811,127.04803007
349,성수동아이파크 아파트,서울특별시 성동구 성수동2가 성수이로 137,26.115230769230784,18.838516483516475,37.5479259223,127.0564723553
350,더샵스타시티 아파트,서울특별시 광진구 자양동 아차산로 262,13.845472527472532,20.68880219780219,37.5370003762,127.0729607226
351,광진구청 주차장,서울특별시 광진구 자양로 117,101.95000000000002,0.0,37.538612,127.082165
352,자양2동유수지 공영주차장,서울특별시 광진구 뚝섬로 52길 74,110.67591208791254,0.0,37.529553,127.077544
353,뚝도충전소,서울특별시 광진구 자양3동 510-8,209.39454945054996,49.658681318681424,37.536346,127.069476
354,리버그린동아 아파트,서울특별시 성동구 응봉동 고산자로4길 34,4.354527472527473,16.60374725274727,37.5526549043,127.0368614504
355,광장힐스테이트 아파트,서울특별시 광진구 광장동 아차산로 537-17,37.50435164835164,33.652857142857144,37.5429635024,127.0996574054
356,센트라스 2획지,서울특별시 성동구 왕십리로 410,4.790153846153845,11.801153846153852,37.56663445779,127.0241293381
357,강변테크노마트 주차장,"서울특별시 광진구 광나루로56길 85 (구의동, 테크노-마트21)",43.936953846153784,36.41472527472528,37.535175,127.095752
358,e편한세상 금호파크힐스,서울특별시 성동구 금호동1가 금호로 140,18.66624175824175,24.7652307692308,37.554215,127.022719
359,행당한진타운,서울특별시 성동구 행당동 행당로 82,16.67368131868134,29.780560439560443,37.554808881,127.02739971
360,센트라스 1획지,서울특별시 성동구 하왕십리동 843,3.073604395604395,14.74675457875456,37.565664,127.024945
361,금호자이1차,서울특별시 성동구 금호동2가 금호로 117,3.8198901098901077,12.782131868131858,37.5530587557,127.0214343499
362,센트라스 6획지,서울특별시 성동구 하왕십리동 674-1,1.3072087912087909,16.450923076923075,37.565357,127.028545
363,서울 새활용플라자,서울특별시 성동구 자동차시장길 49,50.53670329670325,0.0,37.5586867727,127.057852196
364,서울숲푸르지오 아파트,서울특별시 성동구 금호동4가 금호로 15,22.63892307692307,0.0,37.5438575154,127.0227262181
365,한양대학교,서울특별시 성동구 왕십리로 222 (사근동),31.976295604395574,0.0,37.555378,127.048498
366,센트라스 3획지,서울특별시 성동구 왕십리로 410,4.175582417582419,14.13235164835165,37.565621,127.025114
367,장로회신학대학교,서울특별시 광진구 광장로5길 25-1,24.07579120879118,0.0,37.5502004223,127.1037274139
368,구의삼성쉐르빌아파트,"서울특별시 광진구 구의강변로 106 (구의동, 구의동삼성쉐르빌)",0.0,5.425059340659338,37.53995404115,127.0948846975
369,광진성동지사,서울특별시 성동구 마장로27길 13,37.33947252747251,1.6287095761381456,37.5677096,127.0340572
370,구의삼성쉐르빌상가,"서울특별시 광진구 구의강변로 106 (구의동, 구의동삼성쉐르빌)",11.014732600732613,0.0,37.53993849,127.09460746
371,광진하우스토리한강,서울특별시 광진구 자양동 구의강변로1길 44,0.0,7.4261758241758224,37.5298962269,127.0896253336
372,서울숲M타워,"서울특별시 성동구 뚝섬로1길 31 (성수동1가, 서울숲 M타워)",6.737670329670328,0.0,37.54413883,127.04657228
373,자양금강KCC 아파트,서울특별시 광진구 자양동 아차산로36길 13,0.0,0.7445274725274724,37.5377887568,127.0743961902
374,성수2차대우 아파트,서울특별시 성동구 성수동1가 상원6길 16,0.0,6.957802197802197,37.5485305999,127.0502533792
375,자양10차현대홈타운,서울특별시 광진구 자양동 뚝섬로34길 25-19,0.0,6.317472527472526,37.5332249064,127.0704498677
376,서울숲SK V1 타워,"서울특별시 성동구 성수일로8길 5 (성수동2가, 서울숲 SK V1 TOWER)",2.2407765567765554,0.0,37.547062692,127.05171442
377,금호스포츠센터,서울특별시 성동구 금호로 20 (금호동4가),2.542505494505494,0.0,37.5457446,127.025191
378,뚝섬유수지 공영주차장,서울특별시 성동구 성수동1가 685-63번지,0.042993006993006996,0.0,37.5506,127.0414
379,창동3차현대아파트,서울특별시 도봉구 창동 도봉로 428,0.0,9.404175824175821,37.6439518323,127.032405944
380,중계주공4단지 아파트,서울특별시 노원구 중계동 덕릉로76길 29,114.11397802197817,31.62088644688649,37.6558211017,127.0761139547
381,홈플러스 방학점,서울특별시 도봉구 도봉로 678,66.27503296703297,0.0,37.66484567094,127.0434429338
382,중계경남롯데상아 아파트,"서울특별시 노원구 섬밭로 265 (중계동, 경남,롯데,상아아파트)",36.38843956043957,0.0,37.6382850366,127.0627131993
383,노원구청,서울특별시 노원구 상계동 701-1,160.68720879120926,0.0,37.6541634298,127.056661504
384,서울과학기술대학교,서울특별시 노원구 공릉로 232,14.086542124542143,0.0,37.633078927,127.07679474
385,창동주공19단지,서울특별시 도봉구 창동 노해로 403,99.45760439560433,39.667967032967034,37.6535130097,127.0525768845
386,도봉구민회관,"서울특별시 도봉구 도봉로 552 (창동, 도봉구민회관)",140.63670329670347,0.0,37.654167091,127.0386839448
387,삼육대학교,서울특별시 노원구 화랑로 815,19.84604505494506,0.0,37.6431189444,127.1065078432
388,창동쌍용 아파트,서울특별시 도봉구 창동 마들로 551,25.390879120879102,0.0,37.6594614287,127.0480342373
389,창동주공18단지아파트,"서울특별시 도봉구 노해로70길 126 (창동, 주공18단지아파트)",83.05956043956049,0.0,37.64652,127.0527
390,창동2차현대아파트,서울특별시 도봉구 창동 도봉로136길 111,6.767230769230768,12.020000000000016,37.6616424656,127.0463809608
391,창동대우아파트,"서울특별시 도봉구 덕릉로63가길 43 (창동, 창동대우아파트)",61.226967032967025,0.0,37.642224,127.037342
392,상계주공16단지아파트,"서울특별시 노원구 동일로227길 86 (상계동, 상계주공16단지아파트)",30.598527472527465,37.98307692307694,37.66878331559,127.0537251878
393,상계동양 아파트,서울특별시 노원구 상계동 상계로5길 12,3.0981978021978023,3.1712087912087887,37.6573526154,127.0642614262
394,중계현대2차 아파트,서울특별시 노원구 한글비석로 15길 51,0.0,10.503846153846155,37.6554440477,127.073978528
395,방학우성1차 아파트,서울특별시 도봉구 방학동 해등로 286-5,3.5258241758241757,19.117626373626372,37.6577280372,127.0241616212
396,학여울청구 아파트,서울특별시 노원구 하계동 동일로207길 186,13.868329670329668,13.697357142857138,37.6379513833,127.0597988848
397,대상타운현대아파트,서울특별시 도봉구 마들로 616,14.913538461538462,22.515384615384622,37.665107969,127.04691048
398,롯데우성 아파트,서울특별시 노원구 중계동 노원로22길 34,5.0696043956043955,inf,37.6473509814,127.071772235
399,북한산코오롱하늘채 아파트,서울특별시 도봉구 우이천로 367,9.838021978021974,8.710483516483517,37.6478857202,127.0240723142
400,중계센트럴파크,"서울특별시 노원구 덕릉로70가길 21 (상계동, 중계센트럴파크)",24.113450549450558,0.0,37.6428567359,127.0590187405
401,서울가든 아파트,서울특별시 도봉구 도봉동 도봉산길 35,8.951120879120879,8.823208791208787,37.686915075,127.0411543351
402,방학극동 아파트,서울특별시 도봉구 시루봉로 11길 25-8,26.997736263736257,0.0,37.6642794675,127.0265211831
403,도봉구청,"서울특별시 도봉구 마들로 656 (방학동, 도봉구청)",186.75147252747294,0.0,37.6686,127.047
404,화랑타운,서울특별시 노원구 공릉동 화랑로51길 17,4.140417582417583,11.604010989010984,37.6230772379,127.0893655403
405,노원프레미어스엠코,서울특별시 노원구 공릉동 670-20,0.0,11.864296703296707,37.618445,127.076387
406,한일병원,서울특별시 도봉구 쌍문동 388-1,111.68465934065946,0.0,37.6457087831,127.0288091096
407,상계주공15단지,서울특별시 노원구 상계동 652,25.9966153846154,0.0,37.669436,127.054247
408,월계동세양청마루 아파트,서울특별시 노원구 월계동 석계로13길 35,0.0,9.134120879120875,37.6207096579,127.0606867188
409,상계동아불암아파트,서울특별시 노원구 상계동 덕릉로 780,2.8873626373626373,12.628791208791215,37.666,127.078
410,동아에코빌 아파트,서울특별시 도봉구 도봉동 도봉로180길 6-23,14.770043956043976,16.299461538461546,37.6819250728,127.047010293
411,동진신안 아파트,서울특별시 노원구 중계동 중계로 195,8.715428571428573,16.448153846153847,37.649588067,127.078913298
412,방학5단지 신동아 아파트,서울특별시 도봉구 방학동 방학로12길 53,0.0,5.243824175824175,37.6633419743,127.0285473144
413,공릉대동2차,서울특별시 노원구 공릉동 동일로195길 39,0.0,12.410329670329686,37.6268025077,127.0697859063
414,미주동방벽운 아파트,서울특별시 노원구 상계동 동일로250길 18,0.0,24.13538461538465,37.6818413817,127.0569999721
415,공릉대아2차 아파트,서울특별시 노원구 동일로183길 34,0.0,0.03857142857142856,37.6232804909,127.0713911342
416,도봉서원 아파트,서울특별시 도봉구 마들로 684-20,32.787648351648315,0.0,37.576930956,126.9619130192
417,동신 아파트,서울특별시 노원구 공릉동 공릉로 213,7.151978021978022,34.60373626373626,37.6278789488,127.0773904724
418,도봉현대성우 아파트,서울특별시 도봉구 마들로 735-8,7.655934065934068,20.426923076923078,37.6761801081,127.0478183004
419,중계건영3차아파트,"서울특별시 노원구 노원로22길 71 (중계동, 건영3차아파트)",9.032681318681318,10.389230769230773,37.649063836,127.075952949
420,공릉8단지청솔아파트,서울특별시 노원구 공릉동 91,0.0,7.724483516483526,37.623112,127.086169
421,북서울시립미술관,"서울특별시 노원구 동일로 1238 (중계동, 서울시립 북서울미술관)",8.971725274725275,0.0,37.640839346702,127.0667834817
422,월계청백1단지 아파트,서울특별시 노원구 월계동 초안산로 89,6.016021978021977,3.962428571428571,37.6358323923,127.0519209075
423,월계우남 아파트,서울특별시 노원구 월계동 화랑로 355,0.0,10.682637362637367,37.615552381,127.0673696558
424,공릉비선아파트,서울특별시 노원구 공릉동 화랑로51길 78,6.891802197802199,9.560000000000004,37.6258173921,127.087828213
425,방학4단지신동아,서울특별시 도봉구 방학동 방학로 200,0.4707252747252747,0.42567032967032964,37.6628263698,127.0295354084
426,창동한신 아파트,서울특별시 도봉구 창동 덕릉로60바길 21,0.0,24.27643956043955,37.6389973416,127.0410191214
427,쌍문한양6차 아파트,서울특별시 도봉구 시루봉로 58,2.523472527472528,6.649912087912091,37.6558167634,127.0294102401
428,중계우성3차아파트,서울특별시 노원구 중계동 덕릉로 613,0.0,6.113846153846154,37.652723,127.073245
429,노원도봉지사,"서울특별시 노원구 노해로 429 (상계동, 한국전력공사 노원도봉지사)",16.93505494505495,1.4544945054945053,37.653663,127.0555778
430,방학명품ESA2단지,서울특별시 도봉구 방학동 도봉로150길 43,0.0,6.589065934065935,37.6662917353,127.0458488821
431,수락리버시티3단지,서울특별시 노원구 상계동 누원로 28,18.71158241758242,16.78483516483517,37.6874759102,127.053553189
432,방학금광포란재,서울특별시 도봉구 방학동 도봉로150바길 26,0.0,4.908131868131869,37.6649009046,127.0451135878
433,쌍문미라보아파트,"서울특별시 도봉구 시루봉로2길 62 (쌍문동, 쌍문미라보아파트)",0.0,7.585208791208786,37.655394,127.031444
434,공릉동부 아파트,서울특별시 노원구 공릉동 공릉로 206,0.0,1.9632967032967024,37.6284263902,127.0779348027
435,창동대동 아파트,서울특별시 도봉구 창동 도봉로 642-30,0.0,3.199439560439561,37.661852383,127.0440599969
436,효성하이타운,서울특별시 도봉구 방학동 방학로11길 33,0.0,0.04109890109890115,37.661275759,127.033016409
437,대주파크빌 아파트,서울특별시 노원구 공릉동 섬밭로 52,0.0,1.4046153846153844,37.6213879614,127.0721414586
438,공릉대동 아파트,서울특별시 노원구 공릉동 동일로175길 38,0.0,0.4474725274725275,37.6198885164,127.0724707609
439,노원우성아파트,서울특별시 노원구 상계동 상계로7길 18,0.0,0.014285714285714282,37.657759,127.065054
440,상계신동아 아파트,서울특별시 노원구 상계동 한글비석로52길 66,4.282241758241758,4.424769230769231,37.6670414015,127.0681234262
441,공릉2단지라이프 아파트,서울특별시 노원구 공릉동 섬밭로 156,25.729318681318674,0.0,37.6307823033,127.0680042168
442,쌍문현대2차 아파트,서울특별시 도봉구 시루봉로 6길53,0.0,2.9405714285714297,37.6594169178,127.0300825797
443,창동한승미메이드 아파트,서울특별시 도봉구 덕릉로 60길 164-13,0.04751648351648352,1.2667472527472527,37.6331655024,127.0428829532
444,창동수산트리플 아파트,서울특별시 도봉구 창동 우이천로20길 6,0.0,0.3673186813186813,37.6404159121,127.0340314265
445,쌍문염광 아파트,서울특별시 도봉구 쌍문동 우이천로30길 28,0.0,0.12120879120879122,37.6484979067,127.0263297347
446,중계삼성 아파트,서울특별시 노원구 중계동 중계로14나길 25,4.464615384615384,1.3475274725274728,37.648532108,127.0841382421
447,공릉풍림아파트,서울특별시 노원구 공릉동 섬밭로 139,9.070197802197805,1.942967032967032,37.6302826596,127.0657017754
448,현대그린 아파트,서울특별시 노원구 중계동 중계로8길 39,0.0,0.04703296703296703,37.6468131302,127.0840003288
449,한국원자력의학원,"서울특별시 노원구 노원로 75 (공릉동, 한국원자력의학원)",9.626109890109896,0.0,37.62886648,127.08262977
450,공릉동현대성우 아파트,서울특별시 노원구 공릉동 공릉로27길 110,0.0,7.643263736263735,37.6267184255,127.0774708316
451,도깨비시장 공영주차장,"서울특별시 도봉구 방학로10길 51 (방학동, 방학동도깨비시장주차장)",5.386065934065935,0.0,37.664569472,127.03397898
452,방학3동 주민센터,"서울특별시 도봉구 시루봉로 94 (방학동, 방학3동주민센터)",19.690373626373635,0.0,37.659104337,127.02800963
453,창3동 주민센터,"서울특별시 도봉구 덕릉로62길 89 (창동, 창3동주민센터)",21.334593406593427,0.0,37.638050629,127.04292598
454,홍은1동 제4공영주차장,서울특별시 서대문구 홍은중앙로 125,48.82417582417583,0.0,37.601591,126.948902
455,DMC래미안e편한세상,서울특별시 서대문구 북가좌동 481,29.70397802197802,27.39092307692309,37.5747279098,126.9078169254
456,서울특별시은평병원 주차장,서울특별시 은평구 백련산로 90,93.68162637362627,0.0,37.593944,126.923609
457,꿈에그린,서울특별시 은평구 진관동 65-31,0.0,8.41082417582418,37.639769,126.919924
458,연희대우 아파트,서울특별시 서대문구 연희동 739,0.0,5.614432234432236,37.5620923186,126.9285767459
459,남가좌삼성 아파트,서울특별시 서대문구 남가좌동 377,37.96764835164834,18.698901098901096,37.5784939444,126.9173896963
460,DMC센트럴아이파크아파트,"서울특별시 서대문구 증가로 150 (남가좌동, DMC센트럴아이파크)",0.0,20.989113553113555,37.57936243404,126.9208402685
461,연세대학교,"서울특별시 서대문구 연세로 50 (신촌동, 연세대학교)",6.999457875457875,0.0,37.563848008093,126.9428184019
462,응암3동 공영주차장,"서울특별시 은평구 불광천길 436 (응암동, 응암공영주차장)",76.83782417582412,0.0,37.5934706273,126.9153848093
463,인왕산한신휴플러스,서울특별시 서대문구 홍제동 통일로 397,0.0,5.627032967032966,37.5851676706,126.947398762
464,은평뉴타운우물골6단지,서울특별시 은평구 진관동 진관2로 57-7,1.8273406593406598,10.869560439560436,37.634373754,126.92323609
465,은평평화공원 공영주차장,서울특별시 은평구 녹번동 153-1,193.77367032967027,0.0,37.605844,126.923057
466,돈의문센트레빌 아파트,서울특별시 서대문구 독립문로14길 33,1.4764835164835162,10.728681318681318,37.5659199193,126.9592881092
467,은평스카이뷰자이아파트,"서울특별시 은평구 통일로 1034 (진관동, 은평스카이뷰자이)",0.0,9.750212454212464,37.63490112681,126.9177912273
468,연희동성원아파트,"서울특별시 서대문구 연희로32길 48 (연희동, 연희동성원아파트)",8.41885714285714,0.0,37.57626,126.939017
469,서대문은평지사,서울특별시 은평구 통일로 659,48.11021978021972,1.5831355311355306,37.60535361,126.9333825
470,서부수도사업소,"서울특별시 서대문구 통일로26길 41 (홍제동, 서부수도사업소)",5.517846153846154,0.0,37.582890260642,126.952350685
471,DMC아이파크 아파트,서울특별시 서대문구 북가좌동 거북골로14길 32,11.328505494505487,0.0,37.5769890207,126.914488759
472,한국프라우드아파트,서울특별시 은평구 연서로 78 (역촌동),0.0,2.843406593406594,37.60627302568,126.9156964701
473,무악청구2차 아파트,서울특별시 서대문구 홍제동 통일로 344,0.0,1.5022417582417582,37.5812735076,126.9514409214
474,상암월드컵경기장,"서울특별시 마포구 월드컵로 243-48 (성산동, 매점)",123.43155729984382,10.444750915750916,37.56845536423,126.8950813889
475,마포래미안푸르지오 4단지,서울특별시 마포구 아현동 마포대로 195,5.786021978021978,13.413774725274735,37.5524319716,126.9543024402
476,래미안첼리투스,서울특별시 용산구 이촌동 이촌로 300,56.16441758241758,44.19558241758244,37.5178443505,126.9803222459
477,마포중앙도서관,"서울특별시 마포구 성산로 128 (성산동, 마포중앙도서관)",84.80674725274723,0.0,37.5635528501,126.9089580252
478,용산전자상가1 공영주차장,서울특별시 용산구 한강로3가 12,163.0546153846154,0.0,37.5320837602,126.9647054555
479,상암월드컵파크3단지,서울특별시 마포구 상암동 월드컵로 338,5.916241758241755,21.08472527472528,37.5727737943,126.8900877602
480,브라운스톤공덕 아파트,서울특별시 마포구 신공덕동 백범로 230,0.0,6.781692307692308,37.5418543229,126.9545035197
481,성지(주상복합) 아파트,서울특별시 마포구 도화동 큰우물로 75,0.0,9.348087912087912,37.5412670266,126.9462935739
482,대우월드마크용산,"서울특별시 용산구 한강대로 211 (한강로1가, 대우 월드마크 용산)",0.0,6.333305494505496,37.53717560776,126.9729849841
483,LG한강자이 아파트,서울특별시 용산구 이촌동 이촌로64길 15,9.254549450549458,13.235399267399279,37.5203545149,126.9713624565
484,마포래미안푸르지오 2단지,서울특별시 마포구 아현동 마포대로 195,8.107670329670327,13.95731318681317,37.553968,126.954621
485,용산아크로타워,서울특별시 용산구 문배동 백범로90길 26,0.0,16.036912087912068,37.5366006363,126.9684506847
486,용산파크자이아파트,"서울특별시 용산구 한강대로 205 (한강로1가, 용산파크자이)",0.0,6.854931868131878,37.53663725988,126.9725934706
487,동아그린 아파트,서울특별시 용산구 이촌로 100-8,2.5469450549450547,15.84786813186813,37.5244879113,126.9579666907
488,마포래미안푸르지오 1단지,서울특별시 마포구 아현동 마포대로 195,15.916549450549446,11.784300366300371,37.5524319716,126.9543024402
489,이안용산프리미어,서울특별시 용산구 문배동 청파로 213,4.384395604395604,3.7794615384615375,37.5385977453,126.9703507278
490,메세나폴리스 아파트,서울특별시 마포구 양화로 45,7.225670329670329,14.680439560439526,37.551047,126.913787
491,리첸시아용산B블록,서울특별시 용산구 원효로1가 백범로 341,0.0,18.87846153846155,37.5379375928,126.9679749045
492,신촌포스빌,"서울특별시 마포구 신촌로 150 (노고산동, 신촌포스빌)",9.363362637362636,9.478351648351644,37.5563,126.942237
493,공덕아이파크아파트,"서울특별시 마포구 만리재로 36 (신공덕동, 공덕 아이파크)",0.0,10.974395604395614,37.544725,126.955795
494,용산역 아이파크몰,"서울특별시 용산구 한강대로23길 55 (한강로3가, 용산역)",52.79599780219786,15.393584415584444,37.5297517718,126.9655646796
495,공덕파크자이1단지,서울특별시 마포구 공덕동 백범로 152,0.0,15.553076923076933,37.544543,126.948461
496,파크타워 아파트,서울특별시 용산구 용산동5가 서빙고로 67,15.277758241758246,25.20506227106229,37.5248628985,126.9704149903
497,마포래미안푸르지오 3단지,서울특별시 마포구 아현동 마포대로 195,21.94180219780218,15.031091575091578,37.5524319716,126.9543024402
498,용산더프라임,서울특별시 용산구 원효로1가 원효로90길 11,7.612351648351648,11.149560439560437,37.5403958,126.9697185
499,롯데캐슬프레지던트,서울특별시 마포구 공덕동 마포대로 109,0.0,10.983736263736256,37.545118816,126.95088625
500,래미안마포리버웰,서울특별시 마포구 용강동 토정로31길 23,4.170307692307694,21.88285714285718,37.5416648648,126.9416449835
501,한국타이어 한남점,서울특별시 용산구 한남대로 80,72.32613186813191,0.0,37.535905,127.006358
502,마포한강2차 푸르지오아파트,"서울특별시 마포구 월드컵로3길 14 (합정동, 마포 한강 2차 푸르지오)",0.0,10.929367032967042,37.55111142385,126.9119166283
503,마포용산지사,서울특별시 마포구 토정로37길 38,40.91338571428572,2.164760439560438,37.54205285,126.9466325
504,청암자이 아파트,"서울특별시 용산구 삼개로 60 (청암동, 천년명가 청암자이)",10.750439560439567,6.343362637362637,37.5297736038,126.9647427471
505,마포한강푸르지오1차,"서울특별시 마포구 월드컵로1길 14 (합정동, 마포 한강 푸르지오)",0.0,12.540124542124545,37.549915,126.912238
506,마포도화우성아파트,서울특별시 마포구 도화동 삼개로 38,10.172571428571427,34.3055164835165,37.536343,126.948545
507,한강대우,서울특별시 용산구 이촌동 이촌로 181,6.526087912087912,28.760659340659352,37.5221527454,126.9706649312
508,e편한세상마포리버파크,서울특별시 마포구 용강동 토정로31길 24,2.3877120879120883,10.020483516483518,37.5422172523,126.9436541564
509,래미안밤섬리베뉴1 아파트,서울특별시 마포구 상수동 독막로20나길 22,17.831274725274728,10.160263736263742,37.546070295,126.9248939937
510,공덕파크자이2단지,서울특별시 마포구 공덕동 백범로 152,0.0,17.260659340659345,37.5446845599,126.9484094228
511,한남동현대하이페리온,서울특별시 용산구 한남동 서빙고로 413,0.0,10.154010989010986,37.5272235495,127.0042401389
512,전쟁기념관,서울특별시 용산구 이태원로 29,12.078087912087915,0.0,37.536754,126.977161
513,용산시티파크1단지,서울특별시 용산구 한강로3가 서빙고로 35,39.622197802197796,0.0,37.5247687282,126.9686095207
514,한강삼성 아파트,서울특별시 마포구 토정동 토정로32길 11,2.835076923076922,18.753824175824167,37.5398481215,126.9409856048
515,래미안밤섬리베뉴2,서울특별시 마포구 상수동 독막로20나길 21,2.270197802197803,16.744468864468864,37.5468752943,126.9269798634
516,창전삼성 아파트,서울특별시 마포구 창전동 서강로 95,5.8526813186813165,0.0,37.5520428718,126.9320990776
517,용산이안 아파트,서울특별시 용산구 문배동 백범로90길 74,0.0,5.966626373626377,37.5380750427,126.9698666652
518,마포트라팰리스2차,서울특별시 마포구 마포대로 201,0.0,5.45347252747253,37.552198,126.955541
519,마포자이2차아파트,"서울특별시 마포구 서강대길 40 (대흥동, 마포자이2차아파트)",10.012373626373627,0.0,37.549185727,126.94118771
520,리첸시아 아파트,서울특별시 용산구 백범로 341,1.7688131868131869,0.0,37.538278,126.967441
521,마포대림1차 아파트,서울특별시 마포구 용강동 마포대로1길 21,0.0,4.613186813186813,37.5398595379,126.9422076134
522,국립 중앙 박물관,서울특별시 용산구 서빙고로 137,33.64893040293047,0.0,37.52388271089,126.97937719206
523,신공덕3삼성래미안,서울특별시 마포구 신공덕동 만리재로 60,0.0,6.822637362637362,37.5459602112,126.9569995754
524,쌍용황금,서울특별시 마포구 마포동 마포대로 6,2.8303956043956036,0.0,37.537290951,126.9444272554
525,프라임팰리스,서울특별시 용산구 문배동 백범로90길 38,0.0,0.06461538461538462,37.5366910238,126.9695458903
526,용산한신 아파트,서울특별시 용산구 용산동2가 녹사평대로 245,0.0,0.20758241758241763,37.5401901246,126.9870782364
527,대명 아파트,서울특별시 마포구 연남동 동교로39길 11,0.0,7.908131868131868,37.5616892027,126.9236649983
528,중부전력지사,서울특별시 마포구 토정로 56 (합정동),0.0,0.7037142857142856,37.54426415,126.91644143
529,서울서부지방검찰청,"서울특별시 마포구 마포대로 174 (공덕동, 서울서부지방검찰청,서울서부지방법원)",12.160329670329673,0.0,37.549615441,126.9554556
530,서울신용보증재단,"서울특별시 마포구 마포대로 163 (공덕동, 서울신용보증재단)",6.247252747252746,0.0,37.549021125,126.95400124
531,남산케이블카,"서울특별시 중구 소파로 83 (회현동1가, 남산케이블카)",43.27949450549452,0.0,37.5562744335,126.984421515
532,광화문스페이스본 아파트,서울특별시 종로구 사직동 사직로8길 4,8.879252747252742,29.20073992673991,37.5746552033,126.9685750084
533,서울직할,서울특별시 중구 남대문로 92,41.3703406593406,0.9368043956043952,37.56527705,126.9833704
534,덕수궁 롯데캐슬,서울특별시 중구 순화동 서소문로9길 28,0.0,5.034659340659346,37.5637066872,126.970041969
535,무악현대 아파트,서울특별시 종로구 무악동 통일로 246-20,14.167736263736257,14.455457875457896,37.575074,126.959929
536,남산롯데캐슬아이리스 아파트,서울특별시 중구 소공로 35,44.84760439560442,0.0,37.5582238086,126.9817467235
537,동성빌라,서울특별시 종로구 구기동 비봉2길 32,0.0,15.06068131868131,37.6117045112,126.9585926732
538,쌍용남산플래티넘 아파트,서울특별시 중구 소공로 46,6.284219780219779,13.326219780219777,37.5594133437,126.9832222921
539,서울시청,"서울특별시 중구 세종대로 110 (태평로1가, 서울특별시청)",37.52151648351644,0.0,37.5663176911,126.9778283816
540,효성주얼리시티,서울특별시 종로구 인의동 종로 183,0.0,17.725010989010975,37.5714410243,126.9986597409
541,LIG서울역리가아파트,서울특별시 중구 만리동1가 231,0.0,9.938252747252749,37.5560815825,126.966794655
542,남산타운 아파트,"서울특별시 중구 다산로 32 1동,21동,31동",9.546516483516486,11.249190476190465,37.5471680349,127.0056761478
543,신세계 본점,"서울특별시 중구 소공로 63 (충무로1가, 신세계백화점건물)",36.776560439560335,0.0,37.560986139766,126.9809515138
544,명륜아남1차 아파트,서울특별시 종로구 명륜2가 창경궁로 265,2.4994285714285724,5.5868791208791215,37.5858749567,126.9996014677
545,창신쌍용2단지 아파트,서울특별시 종로구 창신동 낙산길 198,2.9307692307692297,8.934373626373635,37.5804180113,127.0111852611
546,한국관광공사 옆 노상 공영주차장,서울특별시 중구 다동 85-4,2.2685787545787552,0.0,37.5681875209,126.982027839
547,종로센트레빌,서울특별시 종로구 숭인동 동망산길 47,10.843780219780218,0.0,37.5815563484,127.0157365887
548,남산센트럴자이,서울특별시 중구 충무로4가 퇴계로 235,0.0,7.403538461538468,37.5625139448,126.9978268663
549,인왕산2차아이파크,서울특별시 종로구 무악동 통일로 246-20,0.0,9.366758241758234,37.575769,126.959533
550,동대문디자인플라자,서울특별시 null null null null null null null null null null null null null null null null null null null null null null null null null null null null null null null null null null null null null null null null null null null null null null null null null,73.75703296703301,0.0,37.5662490492,127.0102634759
551,창신두산 아파트,서울특별시 종로구 창신동 지봉로5길 7,2.220395604395604,8.66953846153846,37.5740783348,127.0138332291
552,창신이수 아파트,서울특별시 종로구 창신동 지봉로 87,0.0,0.08416483516483517,37.5779561009,127.0147758321
553,경희궁의아침3단지 아파트,서울특별시 종로구 내수동 사직로8길 34,0.0,12.54589010989012,37.5735676998,126.9721526097
554,국립중앙극장,"서울특별시 중구 장충단로 59 (장충동2가, 국립극장)",28.418930402930354,0.0,37.553513900653,127.0007752174
555,전국은행연합회,"서울특별시 중구 명동11길 19 (명동1가, 전국은행연합회)",3.2443223443223457,0.0,37.565021623,126.98546
556,묵정공원 공영주차장,"서울특별시 중구 퇴계로45길 32-12 (충무로5가, 묵정경노당)",2.1933076923076924,0.0,37.5639159,127.0002858
557,약수동공영주차장,"서울특별시 중구 동호로8다길 22 (신당동, 신당3동 공영주차장)",2.043956043956044,0.0,37.552157169,127.01314733
558,SK렌터카 본사,서울특별시 종로구 삼일대로19길 5 (관철동),7.226703296703297,4.151890109890112,37.569474367,126.98720901
559,서울역(한화역사),"서울특별시 중구 한강대로 405 (봉래동2가, 경부고속철도서울민자역사)",4.377362637362639,0.0,37.554655,126.971523
560,정릉e편한세상 아파트,서울특별시 성북구 정릉동 솔샘로24길 15,14.411604395604394,26.454813186813176,37.6150088844,127.0109729743
561,정릉풍림아이원,"서울특별시 성북구 솔샘로25길 28 (정릉동, 정릉풍림아이원아파트)",29.824461538461527,15.389692307692341,37.6185771026,127.0069637768
562,고려대학교(자연과학),서울특별시 성북구 안암로 145,65.19373626373634,29.692527472527473,37.583588448,127.02635101
563,돈암현대,서울특별시 성북구 정릉로 404,0.0,2.5289120879120883,37.60393457848,127.0285721608
564,석관두산 아파트,서울특별시 성북구 석관동 화랑로48길 16,13.255549450549454,0.0,37.6137638812,127.0689944797
565,동일하이빌뉴시티 아파트,서울특별시 성북구 하월곡동 종암로 167,0.8950109890109886,9.264076923076924,37.6050584042,127.0309893131
566,래미안아트리지,"서울특별시 성북구 돌곶이로8길 22 (석관동, 래미안아트리치)",0.0,9.361167032967035,37.60604271114,127.063637986
567,삼선푸르지오 아파트,"서울특별시 성북구 보문로29다길 31 (삼선동2가, 삼선푸르지오)",7.576659340659339,14.431868131868137,37.584176812,127.0126168843
568,정릉2차 e편한세상 아파트,서울특별시 성북구 정릉동 북악산로 851,11.389846153846149,13.811516483516472,37.6002461302,127.0184990796
569,고려대학교,서울특별시 성북구 안암로 145,46.87827472527474,0.0,37.5887034224,127.0316981048
570,성북동아에코빌아파트,서울특별시 성북구 장월로1길 28,1.244087912087912,7.240959706959708,37.607443,127.046239
571,삼선힐스테이트,서울특별시 성북구 삼선동2가 낙산길 243-15,0.0,8.263230769230775,37.58356608714,127.0111404457
572,래미안미아1차 아파트,서울특별시 강북구 미아동 삼양로 256,1.232879120879121,15.985780219780217,37.6262846426,127.0188997476
573,삼선 SK뷰 아파트,"서울특별시 성북구 삼선교로16길 35 (삼선동3가, 삼선 SK VIEW 아파트)",2.141846153846154,6.743186813186812,37.5880186958,127.0121419976
574,브라운스톤돈암아파트,서울특별시 성북구 북악산로 844,3.9926593406593414,12.01542857142857,37.5973844508,127.0193227353
575,꿈의숲대명루첸 아파트,서울특별시 성북구 장위동 월계로36길 27,4.30068131868132,16.909780219780217,37.6214405624,127.0463287881
576,국민대학교,서울특별시 성북구 정릉동 861-1,30.365241758241776,0.0,37.6109476866,126.9965569748
577,금호어울림 센터힐 아파트,서울특별시 성북구 돈암동 동소문로34길 73,10.00654945054945,3.584802197802198,37.6004832301,127.0228476135
578,미아동부센트레빌,서울특별시 강북구 미아동 숭인로7가길 37,8.870923076923079,7.365703296703303,37.6138964632,127.0262223901
579,대림 샹그레빌,"서울특별시 성북구 회기로5길 100 (하월곡동, 샹그레빌아파트)",5.618153846153848,9.994615384615383,37.5962111903,127.041104328
580,종암삼성래미안,"서울특별시 성북구 종암로25길 30 (종암동, 삼성 래미안아파트)",1.0275164835164836,0.0,37.6014940632,127.031078429
581,강북성북지사,서울특별시 강북구 도봉로 242,0.0,1.1802668759811614,37.630923,127.024819
582,해모로아파트,"서울특별시 강북구 오현로 156 (번동, 해모로아파트)",6.215142857142855,0.0,37.6262731779,127.0369023061
583,효성네오인텔리안,서울특별시 강북구 도봉로 352,0.0,5.394901098901102,37.638722062,127.027067263
584,돈암일신건영휴먼빌 아파트,서울특별시 성북구 돈암동 아리랑로 89,6.014131868131871,0.0003076923076923077,37.6007693692,127.0136162152
585,미아한일유앤아이APT,서울특별시 강북구 월계로21가길 41,0.0,6.956923076923078,37.614026,127.0365
586,한신휴아파트,서울특별시 성북구 동소문동7가 동소문로15길 99,0.9910989010989012,0.0,37.5956048651,127.0138145662
587,보문하우스토리,서울특별시 성북구 보문동4가 인촌로2길 37,0.0,5.9598461538461525,37.5843738626,127.0208545963
588,길음래미안3차,서울특별시 성북구 길음로 16,8.158593406593404,0.0,37.6070802018,127.023250541
589,돈암더샵아파트,서울특별시 성북구 아리랑로5길 85,1.6654065934065936,0.0,37.5978469186,127.009973963
590,북서울꿈의숲,"서울특별시 강북구 월계로 173 (번동, 북서울꿈의숲)",25.28529670329672,0.0,37.62021507,127.04437126
591,현대백화점 미아점,"서울특별시 성북구 동소문로 315 (길음동, 현대백화점미아점)",4.037873626373629,0.0,37.608453,127.0287466
592,강북문화예술회관,"서울특별시 강북구 삼각산로 85 (수유동, 강북문화예술회관)",2.993406593406593,0.0,37.640790901,127.01342761
593,서울전력관리처,서울특별시 중구 퇴계로 140,41.78057142857148,3.5375054945054942,37.56065725,126.9874686
